-- Host: 127.0.0.1    Database: ppz_KRhBvQIToWc97lUgVXMxqZN8
-- ------------------------------------------------------
-- Server version	5.6.39

/*!40101 SET @OLD_CHARACTER_SET_CLIENT=@@CHARACTER_SET_CLIENT */;
/*!40101 SET @OLD_CHARACTER_SET_RESULTS=@@CHARACTER_SET_RESULTS */;
/*!40101 SET @OLD_COLLATION_CONNECTION=@@COLLATION_CONNECTION */;
/*!40101 SET NAMES utf8 */;
/*!40103 SET @OLD_TIME_ZONE=@@TIME_ZONE */;
/*!40103 SET TIME_ZONE='+00:00' */;
/*!40014 SET @OLD_UNIQUE_CHECKS=@@UNIQUE_CHECKS, UNIQUE_CHECKS=0 */;
/*!40014 SET @OLD_FOREIGN_KEY_CHECKS=@@FOREIGN_KEY_CHECKS, FOREIGN_KEY_CHECKS=0 */;
/*!40101 SET @OLD_SQL_MODE=@@SQL_MODE, SQL_MODE='NO_AUTO_VALUE_ON_ZERO' */;
/*!40111 SET @OLD_SQL_NOTES=@@SQL_NOTES, SQL_NOTES=0 */;

--
-- Table structure for table `calendar`
--

//DROP TABLE IF EXISTS `calendar`;
/*!40101 SET @saved_cs_client     = @@character_set_client */;
/*!40101 SET character_set_client = utf8 */;
CREATE TABLE `calendar` (
  `datefield` date DEFAULT NULL
) ENGINE=InnoDB DEFAULT CHARSET=utf8;
/*!40101 SET character_set_client = @saved_cs_client */;

--
-- Dumping data for table `calendar`
--

//LOCK TABLES `calendar` WRITE;
/*!40000 ALTER TABLE `calendar` DISABLE KEYS */;
//INSERT INTO `calendar` VALUES ('2017-01-01'),('2017-01-02'),('2017-01-03'),('2017-01-04'),('2017-01-05'),('2017-01-06'),('2017-01-07'),('2017-01-08'),('2017-01-09'),('2017-01-10'),('2017-01-11'),('2017-01-12'),('2017-01-13'),('2017-01-14'),('2017-01-15'),('2017-01-16'),('2017-01-17'),('2017-01-18'),('2017-01-19'),('2017-01-20'),('2017-01-21'),('2017-01-22'),('2017-01-23'),('2017-01-24'),('2017-01-25'),('2017-01-26'),('2017-01-27'),('2017-01-28'),('2017-01-29'),('2017-01-30'),('2017-01-31'),('2017-02-01'),('2017-02-02'),('2017-02-03'),('2017-02-04'),('2017-02-05'),('2017-02-06'),('2017-02-07'),('2017-02-08'),('2017-02-09'),('2017-02-10'),('2017-02-11'),('2017-02-12'),('2017-02-13'),('2017-02-14'),('2017-02-15'),('2017-02-16'),('2017-02-17'),('2017-02-18'),('2017-02-19'),('2017-02-20'),('2017-02-21'),('2017-02-22'),('2017-02-23'),('2017-02-24'),('2017-02-25'),('2017-02-26'),('2017-02-27'),('2017-02-28'),('2017-03-01'),('2017-03-02'),('2017-03-03'),('2017-03-04'),('2017-03-05'),('2017-03-06'),('2017-03-07'),('2017-03-08'),('2017-03-09'),('2017-03-10'),('2017-03-11'),('2017-03-12'),('2017-03-13'),('2017-03-14'),('2017-03-15'),('2017-03-16'),('2017-03-17'),('2017-03-18'),('2017-03-19'),('2017-03-20'),('2017-03-21'),('2017-03-22'),('2017-03-23'),('2017-03-24'),('2017-03-25'),('2017-03-26'),('2017-03-27'),('2017-03-28'),('2017-03-29'),('2017-03-30'),('2017-03-31'),('2017-04-01'),('2017-04-02'),('2017-04-03'),('2017-04-04'),('2017-04-05'),('2017-04-06'),('2017-04-07'),('2017-04-08'),('2017-04-09'),('2017-04-10'),('2017-04-11'),('2017-04-12'),('2017-04-13'),('2017-04-14'),('2017-04-15'),('2017-04-16'),('2017-04-17'),('2017-04-18'),('2017-04-19'),('2017-04-20'),('2017-04-21'),('2017-04-22'),('2017-04-23'),('2017-04-24'),('2017-04-25'),('2017-04-26'),('2017-04-27'),('2017-04-28'),('2017-04-29'),('2017-04-30'),('2017-05-01'),('2017-05-02'),('2017-05-03'),('2017-05-04'),('2017-05-05'),('2017-05-06'),('2017-05-07'),('2017-05-08'),('2017-05-09'),('2017-05-10'),('2017-05-11'),('2017-05-12'),('2017-05-13'),('2017-05-14'),('2017-05-15'),('2017-05-16'),('2017-05-17'),('2017-05-18'),('2017-05-19'),('2017-05-20'),('2017-05-21'),('2017-05-22'),('2017-05-23'),('2017-05-24'),('2017-05-25'),('2017-05-26'),('2017-05-27'),('2017-05-28'),('2017-05-29'),('2017-05-30'),('2017-05-31'),('2017-06-01'),('2017-06-02'),('2017-06-03'),('2017-06-04'),('2017-06-05'),('2017-06-06'),('2017-06-07'),('2017-06-08'),('2017-06-09'),('2017-06-10'),('2017-06-11'),('2017-06-12'),('2017-06-13'),('2017-06-14'),('2017-06-15'),('2017-06-16'),('2017-06-17'),('2017-06-18'),('2017-06-19'),('2017-06-20'),('2017-06-21'),('2017-06-22'),('2017-06-23'),('2017-06-24'),('2017-06-25'),('2017-06-26'),('2017-06-27'),('2017-06-28'),('2017-06-29'),('2017-06-30'),('2017-07-01'),('2017-07-02'),('2017-07-03'),('2017-07-04'),('2017-07-05'),('2017-07-06'),('2017-07-07'),('2017-07-08'),('2017-07-09'),('2017-07-10'),('2017-07-11'),('2017-07-12'),('2017-07-13'),('2017-07-14'),('2017-07-15'),('2017-07-16'),('2017-07-17'),('2017-07-18'),('2017-07-19'),('2017-07-20'),('2017-07-21'),('2017-07-22'),('2017-07-23'),('2017-07-24'),('2017-07-25'),('2017-07-26'),('2017-07-27'),('2017-07-28'),('2017-07-29'),('2017-07-30'),('2017-07-31'),('2017-08-01'),('2017-08-02'),('2017-08-03'),('2017-08-04'),('2017-08-05'),('2017-08-06'),('2017-08-07'),('2017-08-08'),('2017-08-09'),('2017-08-10'),('2017-08-11'),('2017-08-12'),('2017-08-13'),('2017-08-14'),('2017-08-15'),('2017-08-16'),('2017-08-17'),('2017-08-18'),('2017-08-19'),('2017-08-20'),('2017-08-21'),('2017-08-22'),('2017-08-23'),('2017-08-24'),('2017-08-25'),('2017-08-26'),('2017-08-27'),('2017-08-28'),('2017-08-29'),('2017-08-30'),('2017-08-31'),('2017-09-01'),('2017-09-02'),('2017-09-03'),('2017-09-04'),('2017-09-05'),('2017-09-06'),('2017-09-07'),('2017-09-08'),('2017-09-09'),('2017-09-10'),('2017-09-11'),('2017-09-12'),('2017-09-13'),('2017-09-14'),('2017-09-15'),('2017-09-16'),('2017-09-17'),('2017-09-18'),('2017-09-19'),('2017-09-20'),('2017-09-21'),('2017-09-22'),('2017-09-23'),('2017-09-24'),('2017-09-25'),('2017-09-26'),('2017-09-27'),('2017-09-28'),('2017-09-29'),('2017-09-30'),('2017-10-01'),('2017-10-02'),('2017-10-03'),('2017-10-04'),('2017-10-05'),('2017-10-06'),('2017-10-07'),('2017-10-08'),('2017-10-09'),('2017-10-10'),('2017-10-11'),('2017-10-12'),('2017-10-13'),('2017-10-14'),('2017-10-15'),('2017-10-16'),('2017-10-17'),('2017-10-18'),('2017-10-19'),('2017-10-20'),('2017-10-21'),('2017-10-22'),('2017-10-23'),('2017-10-24'),('2017-10-25'),('2017-10-26'),('2017-10-27'),('2017-10-28'),('2017-10-29'),('2017-10-30'),('2017-10-31'),('2017-11-01'),('2017-11-02'),('2017-11-03'),('2017-11-04'),('2017-11-05'),('2017-11-06'),('2017-11-07'),('2017-11-08'),('2017-11-09'),('2017-11-10'),('2017-11-11'),('2017-11-12'),('2017-11-13'),('2017-11-14'),('2017-11-15'),('2017-11-16'),('2017-11-17'),('2017-11-18'),('2017-11-19'),('2017-11-20'),('2017-11-21'),('2017-11-22'),('2017-11-23'),('2017-11-24'),('2017-11-25'),('2017-11-26'),('2017-11-27'),('2017-11-28'),('2017-11-29'),('2017-11-30'),('2017-12-01'),('2017-12-02'),('2017-12-03'),('2017-12-04'),('2017-12-05'),('2017-12-06'),('2017-12-07'),('2017-12-08'),('2017-12-09'),('2017-12-10'),('2017-12-11'),('2017-12-12'),('2017-12-13'),('2017-12-14'),('2017-12-15'),('2017-12-16'),('2017-12-17'),('2017-12-18'),('2017-12-19'),('2017-12-20'),('2017-12-21'),('2017-12-22'),('2017-12-23'),('2017-12-24'),('2017-12-25'),('2017-12-26'),('2017-12-27'),('2017-12-28'),('2017-12-29'),('2017-12-30'),('2017-12-31'),('2018-01-01'),('2018-01-02'),('2018-01-03'),('2018-01-04'),('2018-01-05'),('2018-01-06'),('2018-01-07'),('2018-01-08'),('2018-01-09'),('2018-01-10'),('2018-01-11'),('2018-01-12'),('2018-01-13'),('2018-01-14'),('2018-01-15'),('2018-01-16'),('2018-01-17'),('2018-01-18'),('2018-01-19'),('2018-01-20'),('2018-01-21'),('2018-01-22'),('2018-01-23'),('2018-01-24'),('2018-01-25'),('2018-01-26'),('2018-01-27'),('2018-01-28'),('2018-01-29'),('2018-01-30'),('2018-01-31'),('2018-02-01'),('2018-02-02'),('2018-02-03'),('2018-02-04'),('2018-02-05'),('2018-02-06'),('2018-02-07'),('2018-02-08'),('2018-02-09'),('2018-02-10'),('2018-02-11'),('2018-02-12'),('2018-02-13'),('2018-02-14'),('2018-02-15'),('2018-02-16'),('2018-02-17'),('2018-02-18'),('2018-02-19'),('2018-02-20'),('2018-02-21'),('2018-02-22'),('2018-02-23'),('2018-02-24'),('2018-02-25'),('2018-02-26'),('2018-02-27'),('2018-02-28'),('2018-03-01'),('2018-03-02'),('2018-03-03'),('2018-03-04'),('2018-03-05'),('2018-03-06'),('2018-03-07'),('2018-03-08'),('2018-03-09'),('2018-03-10'),('2018-03-11'),('2018-03-12'),('2018-03-13'),('2018-03-14'),('2018-03-15'),('2018-03-16'),('2018-03-17'),('2018-03-18'),('2018-03-19'),('2018-03-20'),('2018-03-21'),('2018-03-22'),('2018-03-23'),('2018-03-24'),('2018-03-25'),('2018-03-26'),('2018-03-27'),('2018-03-28'),('2018-03-29'),('2018-03-30'),('2018-03-31'),('2018-04-01'),('2018-04-02'),('2018-04-03'),('2018-04-04'),('2018-04-05'),('2018-04-06'),('2018-04-07'),('2018-04-08'),('2018-04-09'),('2018-04-10'),('2018-04-11'),('2018-04-12'),('2018-04-13'),('2018-04-14'),('2018-04-15'),('2018-04-16'),('2018-04-17'),('2018-04-18'),('2018-04-19'),('2018-04-20'),('2018-04-21'),('2018-04-22'),('2018-04-23'),('2018-04-24'),('2018-04-25'),('2018-04-26'),('2018-04-27'),('2018-04-28'),('2018-04-29'),('2018-04-30'),('2018-05-01'),('2018-05-02'),('2018-05-03'),('2018-05-04'),('2018-05-05'),('2018-05-06'),('2018-05-07'),('2018-05-08'),('2018-05-09'),('2018-05-10'),('2018-05-11'),('2018-05-12'),('2018-05-13'),('2018-05-14'),('2018-05-15'),('2018-05-16'),('2018-05-17'),('2018-05-18'),('2018-05-19'),('2018-05-20'),('2018-05-21'),('2018-05-22'),('2018-05-23'),('2018-05-24'),('2018-05-25'),('2018-05-26'),('2018-05-27'),('2018-05-28'),('2018-05-29'),('2018-05-30'),('2018-05-31'),('2018-06-01'),('2018-06-02'),('2018-06-03'),('2018-06-04'),('2018-06-05'),('2018-06-06'),('2018-06-07'),('2018-06-08'),('2018-06-09'),('2018-06-10'),('2018-06-11'),('2018-06-12'),('2018-06-13'),('2018-06-14'),('2018-06-15'),('2018-06-16'),('2018-06-17'),('2018-06-18'),('2018-06-19'),('2018-06-20'),('2018-06-21'),('2018-06-22'),('2018-06-23'),('2018-06-24'),('2018-06-25'),('2018-06-26'),('2018-06-27'),('2018-06-28'),('2018-06-29'),('2018-06-30'),('2018-07-01'),('2018-07-02'),('2018-07-03'),('2018-07-04'),('2018-07-05'),('2018-07-06'),('2018-07-07'),('2018-07-08'),('2018-07-09'),('2018-07-10'),('2018-07-11'),('2018-07-12'),('2018-07-13'),('2018-07-14'),('2018-07-15'),('2018-07-16'),('2018-07-17'),('2018-07-18'),('2018-07-19'),('2018-07-20'),('2018-07-21'),('2018-07-22'),('2018-07-23'),('2018-07-24'),('2018-07-25'),('2018-07-26'),('2018-07-27'),('2018-07-28'),('2018-07-29'),('2018-07-30'),('2018-07-31'),('2018-08-01'),('2018-08-02'),('2018-08-03'),('2018-08-04'),('2018-08-05'),('2018-08-06'),('2018-08-07'),('2018-08-08'),('2018-08-09'),('2018-08-10'),('2018-08-11'),('2018-08-12'),('2018-08-13'),('2018-08-14'),('2018-08-15'),('2018-08-16'),('2018-08-17'),('2018-08-18'),('2018-08-19'),('2018-08-20'),('2018-08-21'),('2018-08-22'),('2018-08-23'),('2018-08-24'),('2018-08-25'),('2018-08-26'),('2018-08-27'),('2018-08-28'),('2018-08-29'),('2018-08-30'),('2018-08-31'),('2018-09-01'),('2018-09-02'),('2018-09-03'),('2018-09-04'),('2018-09-05'),('2018-09-06'),('2018-09-07'),('2018-09-08'),('2018-09-09'),('2018-09-10'),('2018-09-11'),('2018-09-12'),('2018-09-13'),('2018-09-14'),('2018-09-15'),('2018-09-16'),('2018-09-17'),('2018-09-18'),('2018-09-19'),('2018-09-20'),('2018-09-21'),('2018-09-22'),('2018-09-23'),('2018-09-24'),('2018-09-25'),('2018-09-26'),('2018-09-27'),('2018-09-28'),('2018-09-29'),('2018-09-30'),('2018-10-01'),('2018-10-02'),('2018-10-03'),('2018-10-04'),('2018-10-05'),('2018-10-06'),('2018-10-07'),('2018-10-08'),('2018-10-09'),('2018-10-10'),('2018-10-11'),('2018-10-12'),('2018-10-13'),('2018-10-14'),('2018-10-15'),('2018-10-16'),('2018-10-17'),('2018-10-18'),('2018-10-19'),('2018-10-20'),('2018-10-21'),('2018-10-22'),('2018-10-23'),('2018-10-24'),('2018-10-25'),('2018-10-26'),('2018-10-27'),('2018-10-28'),('2018-10-29'),('2018-10-30'),('2018-10-31'),('2018-11-01'),('2018-11-02'),('2018-11-03'),('2018-11-04'),('2018-11-05'),('2018-11-06'),('2018-11-07'),('2018-11-08'),('2018-11-09'),('2018-11-10'),('2018-11-11'),('2018-11-12'),('2018-11-13'),('2018-11-14'),('2018-11-15'),('2018-11-16'),('2018-11-17'),('2018-11-18'),('2018-11-19'),('2018-11-20'),('2018-11-21'),('2018-11-22'),('2018-11-23'),('2018-11-24'),('2018-11-25'),('2018-11-26'),('2018-11-27'),('2018-11-28'),('2018-11-29'),('2018-11-30'),('2018-12-01'),('2018-12-02'),('2018-12-03'),('2018-12-04'),('2018-12-05'),('2018-12-06'),('2018-12-07'),('2018-12-08'),('2018-12-09'),('2018-12-10'),('2018-12-11'),('2018-12-12'),('2018-12-13'),('2018-12-14'),('2018-12-15'),('2018-12-16'),('2018-12-17'),('2018-12-18'),('2018-12-19'),('2018-12-20'),('2018-12-21'),('2018-12-22'),('2018-12-23'),('2018-12-24'),('2018-12-25'),('2018-12-26'),('2018-12-27'),('2018-12-28'),('2018-12-29'),('2018-12-30'),('2018-12-31'),('2019-01-01'),('2019-01-02'),('2019-01-03'),('2019-01-04'),('2019-01-05'),('2019-01-06'),('2019-01-07'),('2019-01-08'),('2019-01-09'),('2019-01-10'),('2019-01-11'),('2019-01-12'),('2019-01-13'),('2019-01-14'),('2019-01-15'),('2019-01-16'),('2019-01-17'),('2019-01-18'),('2019-01-19'),('2019-01-20'),('2019-01-21'),('2019-01-22'),('2019-01-23'),('2019-01-24'),('2019-01-25'),('2019-01-26'),('2019-01-27'),('2019-01-28'),('2019-01-29'),('2019-01-30'),('2019-01-31'),('2019-02-01'),('2019-02-02'),('2019-02-03'),('2019-02-04'),('2019-02-05'),('2019-02-06'),('2019-02-07'),('2019-02-08'),('2019-02-09'),('2019-02-10'),('2019-02-11'),('2019-02-12'),('2019-02-13'),('2019-02-14'),('2019-02-15'),('2019-02-16'),('2019-02-17'),('2019-02-18'),('2019-02-19'),('2019-02-20'),('2019-02-21'),('2019-02-22'),('2019-02-23'),('2019-02-24'),('2019-02-25'),('2019-02-26'),('2019-02-27'),('2019-02-28'),('2019-03-01'),('2019-03-02'),('2019-03-03'),('2019-03-04'),('2019-03-05'),('2019-03-06'),('2019-03-07'),('2019-03-08'),('2019-03-09'),('2019-03-10'),('2019-03-11'),('2019-03-12'),('2019-03-13'),('2019-03-14'),('2019-03-15'),('2019-03-16'),('2019-03-17'),('2019-03-18'),('2019-03-19'),('2019-03-20'),('2019-03-21'),('2019-03-22'),('2019-03-23'),('2019-03-24'),('2019-03-25'),('2019-03-26'),('2019-03-27'),('2019-03-28'),('2019-03-29'),('2019-03-30'),('2019-03-31'),('2019-04-01'),('2019-04-02'),('2019-04-03'),('2019-04-04'),('2019-04-05'),('2019-04-06'),('2019-04-07'),('2019-04-08'),('2019-04-09'),('2019-04-10'),('2019-04-11'),('2019-04-12'),('2019-04-13'),('2019-04-14'),('2019-04-15'),('2019-04-16'),('2019-04-17'),('2019-04-18'),('2019-04-19'),('2019-04-20'),('2019-04-21'),('2019-04-22'),('2019-04-23'),('2019-04-24'),('2019-04-25'),('2019-04-26'),('2019-04-27'),('2019-04-28'),('2019-04-29'),('2019-04-30'),('2019-05-01'),('2019-05-02'),('2019-05-03'),('2019-05-04'),('2019-05-05'),('2019-05-06'),('2019-05-07'),('2019-05-08'),('2019-05-09'),('2019-05-10'),('2019-05-11'),('2019-05-12'),('2019-05-13'),('2019-05-14'),('2019-05-15'),('2019-05-16'),('2019-05-17'),('2019-05-18'),('2019-05-19'),('2019-05-20'),('2019-05-21'),('2019-05-22'),('2019-05-23'),('2019-05-24'),('2019-05-25'),('2019-05-26'),('2019-05-27'),('2019-05-28'),('2019-05-29'),('2019-05-30'),('2019-05-31'),('2019-06-01'),('2019-06-02'),('2019-06-03'),('2019-06-04'),('2019-06-05'),('2019-06-06'),('2019-06-07'),('2019-06-08'),('2019-06-09'),('2019-06-10'),('2019-06-11'),('2019-06-12'),('2019-06-13'),('2019-06-14'),('2019-06-15'),('2019-06-16'),('2019-06-17'),('2019-06-18'),('2019-06-19'),('2019-06-20'),('2019-06-21'),('2019-06-22'),('2019-06-23'),('2019-06-24'),('2019-06-25'),('2019-06-26'),('2019-06-27'),('2019-06-28'),('2019-06-29'),('2019-06-30'),('2019-07-01'),('2019-07-02'),('2019-07-03'),('2019-07-04'),('2019-07-05'),('2019-07-06'),('2019-07-07'),('2019-07-08'),('2019-07-09'),('2019-07-10'),('2019-07-11'),('2019-07-12'),('2019-07-13'),('2019-07-14'),('2019-07-15'),('2019-07-16'),('2019-07-17'),('2019-07-18'),('2019-07-19'),('2019-07-20'),('2019-07-21'),('2019-07-22'),('2019-07-23'),('2019-07-24'),('2019-07-25'),('2019-07-26'),('2019-07-27'),('2019-07-28'),('2019-07-29'),('2019-07-30'),('2019-07-31'),('2019-08-01'),('2019-08-02'),('2019-08-03'),('2019-08-04'),('2019-08-05'),('2019-08-06'),('2019-08-07'),('2019-08-08'),('2019-08-09'),('2019-08-10'),('2019-08-11'),('2019-08-12'),('2019-08-13'),('2019-08-14'),('2019-08-15'),('2019-08-16'),('2019-08-17'),('2019-08-18'),('2019-08-19'),('2019-08-20'),('2019-08-21'),('2019-08-22'),('2019-08-23'),('2019-08-24'),('2019-08-25'),('2019-08-26'),('2019-08-27'),('2019-08-28'),('2019-08-29'),('2019-08-30'),('2019-08-31'),('2019-09-01'),('2019-09-02'),('2019-09-03'),('2019-09-04'),('2019-09-05'),('2019-09-06'),('2019-09-07'),('2019-09-08'),('2019-09-09'),('2019-09-10'),('2019-09-11'),('2019-09-12'),('2019-09-13'),('2019-09-14'),('2019-09-15'),('2019-09-16'),('2019-09-17'),('2019-09-18'),('2019-09-19'),('2019-09-20'),('2019-09-21'),('2019-09-22'),('2019-09-23'),('2019-09-24'),('2019-09-25'),('2019-09-26'),('2019-09-27'),('2019-09-28'),('2019-09-29'),('2019-09-30'),('2019-10-01'),('2019-10-02'),('2019-10-03'),('2019-10-04'),('2019-10-05'),('2019-10-06'),('2019-10-07'),('2019-10-08'),('2019-10-09'),('2019-10-10'),('2019-10-11'),('2019-10-12'),('2019-10-13'),('2019-10-14'),('2019-10-15'),('2019-10-16'),('2019-10-17'),('2019-10-18'),('2019-10-19'),('2019-10-20'),('2019-10-21'),('2019-10-22'),('2019-10-23'),('2019-10-24'),('2019-10-25'),('2019-10-26'),('2019-10-27'),('2019-10-28'),('2019-10-29'),('2019-10-30'),('2019-10-31'),('2019-11-01'),('2019-11-02'),('2019-11-03'),('2019-11-04'),('2019-11-05'),('2019-11-06'),('2019-11-07'),('2019-11-08'),('2019-11-09'),('2019-11-10'),('2019-11-11'),('2019-11-12'),('2019-11-13'),('2019-11-14'),('2019-11-15'),('2019-11-16'),('2019-11-17'),('2019-11-18'),('2019-11-19'),('2019-11-20'),('2019-11-21'),('2019-11-22'),('2019-11-23'),('2019-11-24'),('2019-11-25'),('2019-11-26'),('2019-11-27'),('2019-11-28'),('2019-11-29'),('2019-11-30'),('2019-12-01'),('2019-12-02'),('2019-12-03'),('2019-12-04'),('2019-12-05'),('2019-12-06'),('2019-12-07'),('2019-12-08'),('2019-12-09'),('2019-12-10'),('2019-12-11'),('2019-12-12'),('2019-12-13'),('2019-12-14'),('2019-12-15'),('2019-12-16'),('2019-12-17'),('2019-12-18'),('2019-12-19'),('2019-12-20'),('2019-12-21'),('2019-12-22'),('2019-12-23'),('2019-12-24'),('2019-12-25'),('2019-12-26'),('2019-12-27'),('2019-12-28'),('2019-12-29'),('2019-12-30'),('2017-01-01'),('2017-01-02'),('2017-01-03'),('2017-01-04'),('2017-01-05'),('2017-01-06'),('2017-01-07'),('2017-01-08'),('2017-01-09'),('2017-01-10'),('2017-01-11'),('2017-01-12'),('2017-01-13'),('2017-01-14'),('2017-01-15'),('2017-01-16'),('2017-01-17'),('2017-01-18'),('2017-01-19'),('2017-01-20'),('2017-01-21'),('2017-01-22'),('2017-01-23'),('2017-01-24'),('2017-01-25'),('2017-01-26'),('2017-01-27'),('2017-01-28'),('2017-01-29'),('2017-01-30'),('2017-01-31'),('2017-02-01'),('2017-02-02'),('2017-02-03'),('2017-02-04'),('2017-02-05'),('2017-02-06'),('2017-02-07'),('2017-02-08'),('2017-02-09'),('2017-02-10'),('2017-02-11'),('2017-02-12'),('2017-02-13'),('2017-02-14'),('2017-02-15'),('2017-02-16'),('2017-02-17'),('2017-02-18'),('2017-02-19'),('2017-02-20'),('2017-02-21'),('2017-02-22'),('2017-02-23'),('2017-02-24'),('2017-02-25'),('2017-02-26'),('2017-02-27'),('2017-02-28'),('2017-03-01'),('2017-03-02'),('2017-03-03'),('2017-03-04'),('2017-03-05'),('2017-03-06'),('2017-03-07'),('2017-03-08'),('2017-03-09'),('2017-03-10'),('2017-03-11'),('2017-03-12'),('2017-03-13'),('2017-03-14'),('2017-03-15'),('2017-03-16'),('2017-03-17'),('2017-03-18'),('2017-03-19'),('2017-03-20'),('2017-03-21'),('2017-03-22'),('2017-03-23'),('2017-03-24'),('2017-03-25'),('2017-03-26'),('2017-03-27'),('2017-03-28'),('2017-03-29'),('2017-03-30'),('2017-03-31'),('2017-04-01'),('2017-04-02'),('2017-04-03'),('2017-04-04'),('2017-04-05'),('2017-04-06'),('2017-04-07'),('2017-04-08'),('2017-04-09'),('2017-04-10'),('2017-04-11'),('2017-04-12'),('2017-04-13'),('2017-04-14'),('2017-04-15'),('2017-04-16'),('2017-04-17'),('2017-04-18'),('2017-04-19'),('2017-04-20'),('2017-04-21'),('2017-04-22'),('2017-04-23'),('2017-04-24'),('2017-04-25'),('2017-04-26'),('2017-04-27'),('2017-04-28'),('2017-04-29'),('2017-04-30'),('2017-05-01'),('2017-05-02'),('2017-05-03'),('2017-05-04'),('2017-05-05'),('2017-05-06'),('2017-05-07'),('2017-05-08'),('2017-05-09'),('2017-05-10'),('2017-05-11'),('2017-05-12'),('2017-05-13'),('2017-05-14'),('2017-05-15'),('2017-05-16'),('2017-05-17'),('2017-05-18'),('2017-05-19'),('2017-05-20'),('2017-05-21'),('2017-05-22'),('2017-05-23'),('2017-05-24'),('2017-05-25'),('2017-05-26'),('2017-05-27'),('2017-05-28'),('2017-05-29'),('2017-05-30'),('2017-05-31'),('2017-06-01'),('2017-06-02'),('2017-06-03'),('2017-06-04'),('2017-06-05'),('2017-06-06'),('2017-06-07'),('2017-06-08'),('2017-06-09'),('2017-06-10'),('2017-06-11'),('2017-06-12'),('2017-06-13'),('2017-06-14'),('2017-06-15'),('2017-06-16'),('2017-06-17'),('2017-06-18'),('2017-06-19'),('2017-06-20'),('2017-06-21'),('2017-06-22'),('2017-06-23'),('2017-06-24'),('2017-06-25'),('2017-06-26'),('2017-06-27'),('2017-06-28'),('2017-06-29'),('2017-06-30'),('2017-07-01'),('2017-07-02'),('2017-07-03'),('2017-07-04'),('2017-07-05'),('2017-07-06'),('2017-07-07'),('2017-07-08'),('2017-07-09'),('2017-07-10'),('2017-07-11'),('2017-07-12'),('2017-07-13'),('2017-07-14'),('2017-07-15'),('2017-07-16'),('2017-07-17'),('2017-07-18'),('2017-07-19'),('2017-07-20'),('2017-07-21'),('2017-07-22'),('2017-07-23'),('2017-07-24'),('2017-07-25'),('2017-07-26'),('2017-07-27'),('2017-07-28'),('2017-07-29'),('2017-07-30'),('2017-07-31'),('2017-08-01'),('2017-08-02'),('2017-08-03'),('2017-08-04'),('2017-08-05'),('2017-08-06'),('2017-08-07'),('2017-08-08'),('2017-08-09'),('2017-08-10'),('2017-08-11'),('2017-08-12'),('2017-08-13'),('2017-08-14'),('2017-08-15'),('2017-08-16'),('2017-08-17'),('2017-08-18'),('2017-08-19'),('2017-08-20'),('2017-08-21'),('2017-08-22'),('2017-08-23'),('2017-08-24'),('2017-08-25'),('2017-08-26'),('2017-08-27'),('2017-08-28'),('2017-08-29'),('2017-08-30'),('2017-08-31'),('2017-09-01'),('2017-09-02'),('2017-09-03'),('2017-09-04'),('2017-09-05'),('2017-09-06'),('2017-09-07'),('2017-09-08'),('2017-09-09'),('2017-09-10'),('2017-09-11'),('2017-09-12'),('2017-09-13'),('2017-09-14'),('2017-09-15'),('2017-09-16'),('2017-09-17'),('2017-09-18'),('2017-09-19'),('2017-09-20'),('2017-09-21'),('2017-09-22'),('2017-09-23'),('2017-09-24'),('2017-09-25'),('2017-09-26'),('2017-09-27'),('2017-09-28'),('2017-09-29'),('2017-09-30'),('2017-10-01'),('2017-10-02'),('2017-10-03'),('2017-10-04'),('2017-10-05'),('2017-10-06'),('2017-10-07'),('2017-10-08'),('2017-10-09'),('2017-10-10'),('2017-10-11'),('2017-10-12'),('2017-10-13'),('2017-10-14'),('2017-10-15'),('2017-10-16'),('2017-10-17'),('2017-10-18'),('2017-10-19'),('2017-10-20'),('2017-10-21'),('2017-10-22'),('2017-10-23'),('2017-10-24'),('2017-10-25'),('2017-10-26'),('2017-10-27'),('2017-10-28'),('2017-10-29'),('2017-10-30'),('2017-10-31'),('2017-11-01'),('2017-11-02'),('2017-11-03'),('2017-11-04'),('2017-11-05'),('2017-11-06'),('2017-11-07'),('2017-11-08'),('2017-11-09'),('2017-11-10'),('2017-11-11'),('2017-11-12'),('2017-11-13'),('2017-11-14'),('2017-11-15'),('2017-11-16'),('2017-11-17'),('2017-11-18'),('2017-11-19'),('2017-11-20'),('2017-11-21'),('2017-11-22'),('2017-11-23'),('2017-11-24'),('2017-11-25'),('2017-11-26'),('2017-11-27'),('2017-11-28'),('2017-11-29'),('2017-11-30'),('2017-12-01'),('2017-12-02'),('2017-12-03'),('2017-12-04'),('2017-12-05'),('2017-12-06'),('2017-12-07'),('2017-12-08'),('2017-12-09'),('2017-12-10'),('2017-12-11'),('2017-12-12'),('2017-12-13'),('2017-12-14'),('2017-12-15'),('2017-12-16'),('2017-12-17'),('2017-12-18'),('2017-12-19'),('2017-12-20'),('2017-12-21'),('2017-12-22'),('2017-12-23'),('2017-12-24'),('2017-12-25'),('2017-12-26'),('2017-12-27'),('2017-12-28'),('2017-12-29'),('2017-12-30'),('2017-12-31'),('2018-01-01'),('2018-01-02'),('2018-01-03'),('2018-01-04'),('2018-01-05'),('2018-01-06'),('2018-01-07'),('2018-01-08'),('2018-01-09'),('2018-01-10'),('2018-01-11'),('2018-01-12'),('2018-01-13'),('2018-01-14'),('2018-01-15'),('2018-01-16'),('2018-01-17'),('2018-01-18'),('2018-01-19'),('2018-01-20'),('2018-01-21'),('2018-01-22'),('2018-01-23'),('2018-01-24'),('2018-01-25'),('2018-01-26'),('2018-01-27'),('2018-01-28'),('2018-01-29'),('2018-01-30'),('2018-01-31'),('2018-02-01'),('2018-02-02'),('2018-02-03'),('2018-02-04'),('2018-02-05'),('2018-02-06'),('2018-02-07'),('2018-02-08'),('2018-02-09'),('2018-02-10'),('2018-02-11'),('2018-02-12'),('2018-02-13'),('2018-02-14'),('2018-02-15'),('2018-02-16'),('2018-02-17'),('2018-02-18'),('2018-02-19'),('2018-02-20'),('2018-02-21'),('2018-02-22'),('2018-02-23'),('2018-02-24'),('2018-02-25'),('2018-02-26'),('2018-02-27'),('2018-02-28'),('2018-03-01'),('2018-03-02'),('2018-03-03'),('2018-03-04'),('2018-03-05'),('2018-03-06'),('2018-03-07'),('2018-03-08'),('2018-03-09'),('2018-03-10'),('2018-03-11'),('2018-03-12'),('2018-03-13'),('2018-03-14'),('2018-03-15'),('2018-03-16'),('2018-03-17'),('2018-03-18'),('2018-03-19'),('2018-03-20'),('2018-03-21'),('2018-03-22'),('2018-03-23'),('2018-03-24'),('2018-03-25'),('2018-03-26'),('2018-03-27'),('2018-03-28'),('2018-03-29'),('2018-03-30'),('2018-03-31'),('2018-04-01'),('2018-04-02'),('2018-04-03'),('2018-04-04'),('2018-04-05'),('2018-04-06'),('2018-04-07'),('2018-04-08'),('2018-04-09'),('2018-04-10'),('2018-04-11'),('2018-04-12'),('2018-04-13'),('2018-04-14'),('2018-04-15'),('2018-04-16'),('2018-04-17'),('2018-04-18'),('2018-04-19'),('2018-04-20'),('2018-04-21'),('2018-04-22'),('2018-04-23'),('2018-04-24'),('2018-04-25'),('2018-04-26'),('2018-04-27'),('2018-04-28'),('2018-04-29'),('2018-04-30'),('2018-05-01'),('2018-05-02'),('2018-05-03'),('2018-05-04'),('2018-05-05'),('2018-05-06'),('2018-05-07'),('2018-05-08'),('2018-05-09'),('2018-05-10'),('2018-05-11'),('2018-05-12'),('2018-05-13'),('2018-05-14'),('2018-05-15'),('2018-05-16'),('2018-05-17'),('2018-05-18'),('2018-05-19'),('2018-05-20'),('2018-05-21'),('2018-05-22'),('2018-05-23'),('2018-05-24'),('2018-05-25'),('2018-05-26'),('2018-05-27'),('2018-05-28'),('2018-05-29'),('2018-05-30'),('2018-05-31'),('2018-06-01'),('2018-06-02'),('2018-06-03'),('2018-06-04'),('2018-06-05'),('2018-06-06'),('2018-06-07'),('2018-06-08'),('2018-06-09'),('2018-06-10'),('2018-06-11'),('2018-06-12'),('2018-06-13'),('2018-06-14'),('2018-06-15'),('2018-06-16'),('2018-06-17'),('2018-06-18'),('2018-06-19'),('2018-06-20'),('2018-06-21'),('2018-06-22'),('2018-06-23'),('2018-06-24'),('2018-06-25'),('2018-06-26'),('2018-06-27'),('2018-06-28'),('2018-06-29'),('2018-06-30'),('2018-07-01'),('2018-07-02'),('2018-07-03'),('2018-07-04'),('2018-07-05'),('2018-07-06'),('2018-07-07'),('2018-07-08'),('2018-07-09'),('2018-07-10'),('2018-07-11'),('2018-07-12'),('2018-07-13'),('2018-07-14'),('2018-07-15'),('2018-07-16'),('2018-07-17'),('2018-07-18'),('2018-07-19'),('2018-07-20'),('2018-07-21'),('2018-07-22'),('2018-07-23'),('2018-07-24'),('2018-07-25'),('2018-07-26'),('2018-07-27'),('2018-07-28'),('2018-07-29'),('2018-07-30'),('2018-07-31'),('2018-08-01'),('2018-08-02'),('2018-08-03'),('2018-08-04'),('2018-08-05'),('2018-08-06'),('2018-08-07'),('2018-08-08'),('2018-08-09'),('2018-08-10'),('2018-08-11'),('2018-08-12'),('2018-08-13'),('2018-08-14'),('2018-08-15'),('2018-08-16'),('2018-08-17'),('2018-08-18'),('2018-08-19'),('2018-08-20'),('2018-08-21'),('2018-08-22'),('2018-08-23'),('2018-08-24'),('2018-08-25'),('2018-08-26'),('2018-08-27'),('2018-08-28'),('2018-08-29'),('2018-08-30'),('2018-08-31'),('2018-09-01'),('2018-09-02'),('2018-09-03'),('2018-09-04'),('2018-09-05'),('2018-09-06'),('2018-09-07'),('2018-09-08'),('2018-09-09'),('2018-09-10'),('2018-09-11'),('2018-09-12'),('2018-09-13'),('2018-09-14'),('2018-09-15'),('2018-09-16'),('2018-09-17'),('2018-09-18'),('2018-09-19'),('2018-09-20'),('2018-09-21'),('2018-09-22'),('2018-09-23'),('2018-09-24'),('2018-09-25'),('2018-09-26'),('2018-09-27'),('2018-09-28'),('2018-09-29'),('2018-09-30'),('2018-10-01'),('2018-10-02'),('2018-10-03'),('2018-10-04'),('2018-10-05'),('2018-10-06'),('2018-10-07'),('2018-10-08'),('2018-10-09'),('2018-10-10'),('2018-10-11'),('2018-10-12'),('2018-10-13'),('2018-10-14'),('2018-10-15'),('2018-10-16'),('2018-10-17'),('2018-10-18'),('2018-10-19'),('2018-10-20'),('2018-10-21'),('2018-10-22'),('2018-10-23'),('2018-10-24'),('2018-10-25'),('2018-10-26'),('2018-10-27'),('2018-10-28'),('2018-10-29'),('2018-10-30'),('2018-10-31'),('2018-11-01'),('2018-11-02'),('2018-11-03'),('2018-11-04'),('2018-11-05'),('2018-11-06'),('2018-11-07'),('2018-11-08'),('2018-11-09'),('2018-11-10'),('2018-11-11'),('2018-11-12'),('2018-11-13'),('2018-11-14'),('2018-11-15'),('2018-11-16'),('2018-11-17'),('2018-11-18'),('2018-11-19'),('2018-11-20'),('2018-11-21'),('2018-11-22'),('2018-11-23'),('2018-11-24'),('2018-11-25'),('2018-11-26'),('2018-11-27'),('2018-11-28'),('2018-11-29'),('2018-11-30'),('2018-12-01'),('2018-12-02'),('2018-12-03'),('2018-12-04'),('2018-12-05'),('2018-12-06'),('2018-12-07'),('2018-12-08'),('2018-12-09'),('2018-12-10'),('2018-12-11'),('2018-12-12'),('2018-12-13'),('2018-12-14'),('2018-12-15'),('2018-12-16'),('2018-12-17'),('2018-12-18'),('2018-12-19'),('2018-12-20'),('2018-12-21'),('2018-12-22'),('2018-12-23'),('2018-12-24'),('2018-12-25'),('2018-12-26'),('2018-12-27'),('2018-12-28'),('2018-12-29'),('2018-12-30'),('2018-12-31'),('2019-01-01'),('2019-01-02'),('2019-01-03'),('2019-01-04'),('2019-01-05'),('2019-01-06'),('2019-01-07'),('2019-01-08'),('2019-01-09'),('2019-01-10'),('2019-01-11'),('2019-01-12'),('2019-01-13'),('2019-01-14'),('2019-01-15'),('2019-01-16'),('2019-01-17'),('2019-01-18'),('2019-01-19'),('2019-01-20'),('2019-01-21'),('2019-01-22'),('2019-01-23'),('2019-01-24'),('2019-01-25'),('2019-01-26'),('2019-01-27'),('2019-01-28'),('2019-01-29'),('2019-01-30'),('2019-01-31'),('2019-02-01'),('2019-02-02'),('2019-02-03'),('2019-02-04'),('2019-02-05'),('2019-02-06'),('2019-02-07'),('2019-02-08'),('2019-02-09'),('2019-02-10'),('2019-02-11'),('2019-02-12'),('2019-02-13'),('2019-02-14'),('2019-02-15'),('2019-02-16'),('2019-02-17'),('2019-02-18'),('2019-02-19'),('2019-02-20'),('2019-02-21'),('2019-02-22'),('2019-02-23'),('2019-02-24'),('2019-02-25'),('2019-02-26'),('2019-02-27'),('2019-02-28'),('2019-03-01'),('2019-03-02'),('2019-03-03'),('2019-03-04'),('2019-03-05'),('2019-03-06'),('2019-03-07'),('2019-03-08'),('2019-03-09'),('2019-03-10'),('2019-03-11'),('2019-03-12'),('2019-03-13'),('2019-03-14'),('2019-03-15'),('2019-03-16'),('2019-03-17'),('2019-03-18'),('2019-03-19'),('2019-03-20'),('2019-03-21'),('2019-03-22'),('2019-03-23'),('2019-03-24'),('2019-03-25'),('2019-03-26'),('2019-03-27'),('2019-03-28'),('2019-03-29'),('2019-03-30'),('2019-03-31'),('2019-04-01'),('2019-04-02'),('2019-04-03'),('2019-04-04'),('2019-04-05'),('2019-04-06'),('2019-04-07'),('2019-04-08'),('2019-04-09'),('2019-04-10'),('2019-04-11'),('2019-04-12'),('2019-04-13'),('2019-04-14'),('2019-04-15'),('2019-04-16'),('2019-04-17'),('2019-04-18'),('2019-04-19'),('2019-04-20'),('2019-04-21'),('2019-04-22'),('2019-04-23'),('2019-04-24'),('2019-04-25'),('2019-04-26'),('2019-04-27'),('2019-04-28'),('2019-04-29'),('2019-04-30'),('2019-05-01'),('2019-05-02'),('2019-05-03'),('2019-05-04'),('2019-05-05'),('2019-05-06'),('2019-05-07'),('2019-05-08'),('2019-05-09'),('2019-05-10'),('2019-05-11'),('2019-05-12'),('2019-05-13'),('2019-05-14'),('2019-05-15'),('2019-05-16'),('2019-05-17'),('2019-05-18'),('2019-05-19'),('2019-05-20'),('2019-05-21'),('2019-05-22'),('2019-05-23'),('2019-05-24'),('2019-05-25'),('2019-05-26'),('2019-05-27'),('2019-05-28'),('2019-05-29'),('2019-05-30'),('2019-05-31'),('2019-06-01'),('2019-06-02'),('2019-06-03'),('2019-06-04'),('2019-06-05'),('2019-06-06'),('2019-06-07'),('2019-06-08'),('2019-06-09'),('2019-06-10'),('2019-06-11'),('2019-06-12'),('2019-06-13'),('2019-06-14'),('2019-06-15'),('2019-06-16'),('2019-06-17'),('2019-06-18'),('2019-06-19'),('2019-06-20'),('2019-06-21'),('2019-06-22'),('2019-06-23'),('2019-06-24'),('2019-06-25'),('2019-06-26'),('2019-06-27'),('2019-06-28'),('2019-06-29'),('2019-06-30'),('2019-07-01'),('2019-07-02'),('2019-07-03'),('2019-07-04'),('2019-07-05'),('2019-07-06'),('2019-07-07'),('2019-07-08'),('2019-07-09'),('2019-07-10'),('2019-07-11'),('2019-07-12'),('2019-07-13'),('2019-07-14'),('2019-07-15'),('2019-07-16'),('2019-07-17'),('2019-07-18'),('2019-07-19'),('2019-07-20'),('2019-07-21'),('2019-07-22'),('2019-07-23'),('2019-07-24'),('2019-07-25'),('2019-07-26'),('2019-07-27'),('2019-07-28'),('2019-07-29'),('2019-07-30'),('2019-07-31'),('2019-08-01'),('2019-08-02'),('2019-08-03'),('2019-08-04'),('2019-08-05'),('2019-08-06'),('2019-08-07'),('2019-08-08'),('2019-08-09'),('2019-08-10'),('2019-08-11'),('2019-08-12'),('2019-08-13'),('2019-08-14'),('2019-08-15'),('2019-08-16'),('2019-08-17'),('2019-08-18'),('2019-08-19'),('2019-08-20'),('2019-08-21'),('2019-08-22'),('2019-08-23'),('2019-08-24'),('2019-08-25'),('2019-08-26'),('2019-08-27'),('2019-08-28'),('2019-08-29'),('2019-08-30'),('2019-08-31'),('2019-09-01'),('2019-09-02'),('2019-09-03'),('2019-09-04'),('2019-09-05'),('2019-09-06'),('2019-09-07'),('2019-09-08'),('2019-09-09'),('2019-09-10'),('2019-09-11'),('2019-09-12'),('2019-09-13'),('2019-09-14'),('2019-09-15'),('2019-09-16'),('2019-09-17'),('2019-09-18'),('2019-09-19'),('2019-09-20'),('2019-09-21'),('2019-09-22'),('2019-09-23'),('2019-09-24'),('2019-09-25'),('2019-09-26'),('2019-09-27'),('2019-09-28'),('2019-09-29'),('2019-09-30'),('2019-10-01'),('2019-10-02'),('2019-10-03'),('2019-10-04'),('2019-10-05'),('2019-10-06'),('2019-10-07'),('2019-10-08'),('2019-10-09'),('2019-10-10'),('2019-10-11'),('2019-10-12'),('2019-10-13'),('2019-10-14'),('2019-10-15'),('2019-10-16'),('2019-10-17'),('2019-10-18'),('2019-10-19'),('2019-10-20'),('2019-10-21'),('2019-10-22'),('2019-10-23'),('2019-10-24'),('2019-10-25'),('2019-10-26'),('2019-10-27'),('2019-10-28'),('2019-10-29'),('2019-10-30'),('2019-10-31'),('2019-11-01'),('2019-11-02'),('2019-11-03'),('2019-11-04'),('2019-11-05'),('2019-11-06'),('2019-11-07'),('2019-11-08'),('2019-11-09'),('2019-11-10'),('2019-11-11'),('2019-11-12'),('2019-11-13'),('2019-11-14'),('2019-11-15'),('2019-11-16'),('2019-11-17'),('2019-11-18'),('2019-11-19'),('2019-11-20'),('2019-11-21'),('2019-11-22'),('2019-11-23'),('2019-11-24'),('2019-11-25'),('2019-11-26'),('2019-11-27'),('2019-11-28'),('2019-11-29'),('2019-11-30'),('2019-12-01'),('2019-12-02'),('2019-12-03'),('2019-12-04'),('2019-12-05'),('2019-12-06'),('2019-12-07'),('2019-12-08'),('2019-12-09'),('2019-12-10'),('2019-12-11'),('2019-12-12'),('2019-12-13'),('2019-12-14'),('2019-12-15'),('2019-12-16'),('2019-12-17'),('2019-12-18'),('2019-12-19'),('2019-12-20'),('2019-12-21'),('2019-12-22'),('2019-12-23'),('2019-12-24'),('2019-12-25'),('2019-12-26'),('2019-12-27'),('2019-12-28'),('2019-12-29'),('2019-12-30');
/*!40000 ALTER TABLE `calendar` ENABLE KEYS */;
UNLOCK TABLES;

--
-- Table structure for table `calendar_events`
--

DROP TABLE IF EXISTS `calendar_events`;
/*!40101 SET @saved_cs_client     = @@character_set_client */;
/*!40101 SET character_set_client = utf8 */;
CREATE TABLE `calendar_events` (
  `id_calendar` text NOT NULL,
  `id_room` text,
  `id_organizer` int(10) unsigned DEFAULT NULL,
  `libelle` text NOT NULL,
  `id_subjects` text,
  `id_groups` text,
  `date_start` int(10) NOT NULL,
  `date_end` int(10) NOT NULL,
  `date_update` timestamp NOT NULL DEFAULT CURRENT_TIMESTAMP ON UPDATE CURRENT_TIMESTAMP,
  `ical_attendee` text,
  `ical_status` text,
  `ical_uid` bigint(32) NOT NULL,
  `visible` tinyint(1) NOT NULL DEFAULT '1',
  `rec_type` varchar(45) DEFAULT NULL,
  `event_length` int(11) DEFAULT NULL,
  `event_pid` bigint(32) DEFAULT NULL,
  UNIQUE KEY `ical_uid` (`ical_uid`)
) ENGINE=InnoDB DEFAULT CHARSET=utf8;
/*!40101 SET character_set_client = @saved_cs_client */;

--
-- Dumping data for table `calendar_events`
--

LOCK TABLES `calendar_events` WRITE;
/*!40000 ALTER TABLE `calendar_events` DISABLE KEYS */;
INSERT INTO `calendar_events` VALUES ('2,9,7','',NULL,'Informatique + Anglais','1,2',NULL,1498811400,1498842000,'2017-09-17 22:57:04','1',NULL,1504090686351,1,NULL,NULL,NULL),('9','',NULL,'Informatique + Anglais','1,2',NULL,1498818600,1498840200,'2017-09-17 22:57:04','',NULL,1505199738406,1,NULL,NULL,NULL),('2','',NULL,'Informatique + Anglais','1,2',NULL,1498820400,1498827600,'2017-09-17 22:57:04','1',NULL,1505199871787,1,NULL,NULL,NULL),('7','1',NULL,'Informatique + Anglais','1,2',NULL,1498746600,1498827240,'2017-09-17 22:57:04','',NULL,1505200071634,1,NULL,NULL,NULL),('7','',NULL,'Informatique','1',NULL,1498816800,1498824000,'2017-09-17 22:57:04','',NULL,1505201748426,1,NULL,NULL,NULL),('7','',NULL,'Informatique + Anglais','1,2',NULL,1498816800,1498824000,'2017-09-17 22:57:04','',NULL,1505201786530,1,NULL,NULL,NULL),('2,1,9,7','1,2',NULL,'Informatique + Anglais','1,2',NULL,1505633767,1505651870,'2017-09-17 22:57:45','1',NULL,1505633534993,1,NULL,NULL,NULL),('1','',NULL,'Anglais','2',NULL,1505995200,1506097800,'2017-09-21 06:08:57','1',NULL,1505974123665,1,NULL,NULL,NULL),('1','',NULL,'Anglais','2',NULL,1506495600,1506513600,'2017-09-27 06:36:42','',NULL,1506073420901,1,NULL,NULL,NULL),('1','',NULL,'Anglais','2',NULL,1506076200,1506097800,'2017-09-22 10:10:45','',NULL,1506073439839,0,NULL,NULL,NULL),('7','',NULL,'Informatique','1',NULL,1506090600,1506153600,'2017-09-22 10:12:28','',NULL,1506075127025,0,NULL,NULL,NULL),('9','',NULL,'Informatique','1',NULL,1506069000,1506090600,'2017-09-22 10:14:37','',NULL,1506075256927,0,NULL,NULL,NULL),('1','',NULL,'Anglais','2',NULL,1506151800,1506182400,'2017-09-23 10:31:54','',NULL,1506162710468,1,NULL,NULL,NULL),('5,6','',NULL,'Informatique','1',NULL,1506758400,1506774600,'2017-09-30 08:18:08','',NULL,1506759476948,1,NULL,NULL,NULL),('1','',NULL,'Anglais','2',NULL,1507019400,1507046400,'2017-10-03 09:36:45','',NULL,1507023406776,1,NULL,NULL,NULL),('1','',NULL,'Anglais','2',NULL,1507109400,1507131000,'2017-10-04 14:21:16','1',NULL,1507126621512,1,NULL,NULL,NULL),('1','1',NULL,'Anglais','2',NULL,1507188600,1507203000,'2017-10-05 12:59:41','8',NULL,1507208097613,1,NULL,NULL,NULL),('1,7','1',NULL,'Anglais','2',NULL,1507275000,1507300200,'2017-10-06 11:46:22','15',NULL,1507290375629,1,NULL,NULL,NULL),('7','',NULL,'Anglais','2',NULL,1507300200,1507357800,'2017-10-06 12:36:21','',NULL,1507292910137,2,NULL,NULL,NULL),('1','',NULL,'Anglais','2',NULL,1507453200,1507464000,'2017-10-08 11:35:45','',NULL,1507462549330,1,NULL,NULL,NULL),('1','',NULL,'Anglais','2',NULL,1507465800,1507476600,'2017-10-08 11:36:02','',NULL,1507462549331,1,NULL,NULL,NULL),('7','',NULL,'Anglais','2',NULL,1507548600,1507566600,'2017-10-09 10:57:46','',NULL,1507546644103,1,NULL,NULL,NULL),('12','',NULL,'Informatique','1',NULL,1507555800,1507566600,'2017-10-09 10:58:35','',NULL,1507546682810,1,NULL,NULL,NULL),('1','',NULL,'Informatique','1',NULL,1507541400,1507550400,'2017-10-09 10:58:41','',NULL,1507546732399,1,NULL,NULL,NULL),('5','',NULL,'Réunion pédago','3',NULL,1507552200,1507555800,'2017-10-09 18:15:22','1',NULL,1507556814515,1,NULL,NULL,NULL),('1','1',NULL,'Anglais','2',NULL,1507622400,1507638600,'2017-10-10 07:53:39','1',NULL,1507621993492,1,NULL,NULL,NULL),('1','',NULL,'Anglais','2',NULL,1507703400,1507714200,'2017-10-11 09:56:22','',NULL,1507715773154,1,NULL,NULL,NULL),('1','',NULL,'Informatique','1',NULL,1507716000,1507728600,'2017-10-11 09:56:29','',NULL,1507715773155,1,NULL,NULL,NULL),('2','1',NULL,'Anglais','2',NULL,1507021200,1507035600,'2017-10-13 07:03:48','1',NULL,1507878186506,1,NULL,NULL,NULL),('1','2,1',NULL,'Anglais','2',NULL,1507881600,1507903200,'2017-10-13 07:10:53','1,2',NULL,1507878186507,1,NULL,NULL,NULL),('1','1',NULL,'Anglais','2',NULL,1507964400,1507993200,'2017-10-14 07:25:42','1,13',NULL,1507965923199,1,NULL,NULL,NULL),('1','',NULL,'Informatique','1',NULL,1508484600,1508500800,'2017-10-20 16:44:20','',NULL,1508517840298,1,NULL,NULL,NULL),('1','1',NULL,'Anglais','2',NULL,1508742000,1508752800,'2017-10-22 21:56:46','1',NULL,1508709387584,1,NULL,NULL,NULL),('1','',NULL,'Anglais','2',NULL,1508929200,1508932800,'2017-10-25 06:27:03','',NULL,1508863831873,1,NULL,NULL,NULL),('1','',NULL,'Informatique','1',NULL,1509004800,1509031800,'2017-10-26 06:34:33','1',NULL,1508999659795,1,NULL,NULL,NULL),('1','1',NULL,'Informatique','1',NULL,1510039800,1510052400,'2017-11-07 14:08:21','1',NULL,1510063635206,1,NULL,NULL,NULL),('1','1',NULL,'Informatique','1',NULL,1512392400,1512410400,'2017-12-04 10:32:06','162',NULL,1512383349479,1,NULL,NULL,NULL),('1','1',NULL,'Informatique','1',NULL,1512491400,1512509400,'2017-12-04 10:32:17','162',NULL,1512383349480,1,NULL,NULL,NULL),('2','1',NULL,'Informatique','1',NULL,1512394200,1512412200,'2017-12-04 10:34:52','163',NULL,1512383675178,1,NULL,NULL,NULL),('2','1',NULL,'Informatique','1',NULL,1512522000,1512558000,'2017-12-05 07:41:59','163',NULL,1512383675180,1,NULL,NULL,NULL),('7,1,6,12,2,5','1,2',NULL,'Réunion pédago + Informatique + Anglais','3,1,2',NULL,1512457200,1512469800,'2017-12-05 07:54:54','162,64,49,50,40,8,164',NULL,1512459680631,1,NULL,NULL,NULL),('7,2,5,1,6,12','1,2',NULL,'Anglais + Informatique','2,1',NULL,1512522000,1512525600,'2017-12-05 07:47:46','64,49,50,40,8,162,155,2,3,11,42,45,66,65,48,73,7,93,92,52,97,102,13,14,67,46,47,164,51',NULL,1512459951303,1,NULL,NULL,NULL),('1','1',NULL,'Réunion pédago','3',NULL,1512565200,1512576000,'2017-12-06 09:45:37','13,264',NULL,1512553015375,1,NULL,NULL,NULL),('1','1',NULL,'Informatique','1',NULL,1512637200,1512651600,'2017-12-07 09:04:15','1',NULL,1512637409385,1,NULL,NULL,NULL),('1','1',NULL,'Informatique','1',NULL,1512651600,1512716400,'2017-12-07 15:01:59','1',NULL,1512658855667,1,NULL,NULL,NULL),('19','',NULL,'Informatique','1',NULL,1513238400,1513251000,'2017-12-14 17:19:57','',NULL,1513271983147,1,NULL,NULL,NULL),('19','',NULL,'Informatique','1',NULL,1513243800,1513261800,'2017-12-14 21:43:54','',NULL,1513272262804,0,NULL,NULL,NULL),('12','',NULL,'Informatique','1',NULL,1513265400,1513254600,'2017-12-14 21:49:15','',NULL,1513272304396,1,NULL,NULL,NULL),('7','',NULL,'Informatique','1',NULL,1513258200,1513256400,'2017-12-14 21:49:55','',NULL,1513288168112,1,NULL,NULL,NULL),('1','',NULL,'Informatique','1',NULL,1513324800,1513341000,'2017-12-15 08:45:44','',NULL,1513327355600,0,NULL,NULL,NULL),('7','',NULL,'Réunion pédago','3',NULL,1513335600,1513346400,'2017-12-15 08:47:52','',NULL,1513327522064,0,NULL,NULL,NULL),('1','1',NULL,'Anglais','2',NULL,1513332000,1513335600,'2017-12-15 08:47:43','49',NULL,1513327625285,0,NULL,NULL,NULL),('1','',NULL,'Réunion pédago','3',NULL,1513324800,1513335600,'2017-12-15 09:04:47','',NULL,1513327640995,0,NULL,NULL,NULL),('12','',NULL,'Anglais','2',NULL,1513324800,1513328400,'2017-12-15 08:51:57','49',NULL,1513327760764,0,NULL,NULL,NULL),('5','',NULL,'Réunion pédago','3',NULL,1513350000,1513409400,'2017-12-15 08:52:38','',NULL,1513327935732,0,NULL,NULL,NULL),('5','',NULL,'Informatique','1',NULL,1513342800,1513346400,'2017-12-15 08:55:36','',NULL,1513328116520,0,NULL,NULL,NULL),('12','2',NULL,'Informatique','1',NULL,1513339200,1513416600,'2017-12-15 09:05:38','1',NULL,1513328696414,0,NULL,NULL,NULL),('1','',NULL,'Informatique','1',NULL,1504332000,1513063800,'2017-12-21 10:39:09','',NULL,1513852692716,1,NULL,NULL,NULL),('1','',NULL,'Informatique','1',NULL,1511852400,1511854200,'2017-12-21 10:52:04','',NULL,1513852759144,1,NULL,NULL,NULL),('1','',NULL,'Informatique','1',NULL,1511852400,1511854200,'2017-12-21 10:51:18','',NULL,1513853467407,1,NULL,NULL,NULL),('1','',NULL,'Anglais','2',NULL,1501567200,1512718200,'2017-12-21 10:52:33','',NULL,1513853495719,1,NULL,NULL,NULL),('1','2',NULL,'Informatique','1',NULL,1514881800,1514892600,'2018-01-02 16:46:45','2',NULL,1514911566500,1,NULL,NULL,NULL),('1','',NULL,'Informatique','1',NULL,1515657600,1515664800,'2018-01-11 12:41:11','264',NULL,1515674407129,1,NULL,NULL,NULL),('1','',NULL,'Informatique','1',NULL,1515567600,1515578400,'2018-01-11 13:45:18','',NULL,1515678294681,1,NULL,NULL,NULL),('5','',NULL,'Réunion pédago','3',NULL,1514962800,1514975400,'2018-01-11 13:45:57','',NULL,1515678320917,1,NULL,NULL,NULL),('19','1',NULL,'Informatique','1',NULL,1515830400,1515857400,'2018-01-13 22:27:18','2',NULL,1515882417603,1,NULL,NULL,NULL),('1','',NULL,'Informatique','1',NULL,1516087800,1516100400,'2018-01-16 14:47:56','165',NULL,1516114063047,1,NULL,NULL,NULL),('7,2','2',NULL,'Informatique','1',NULL,1516095000,1516113000,'2018-01-16 15:03:11','',NULL,1516114941190,1,NULL,NULL,NULL),('1','',NULL,'Informatique','1',NULL,1516705200,1516705200,'2018-01-23 16:14:21','',NULL,1516724055487,1,NULL,NULL,NULL),('1','',NULL,'Informatique','1',NULL,1516708800,1516721400,'2018-01-23 16:14:26','',NULL,1516724055488,1,NULL,NULL,NULL),('1','',NULL,'Informatique','1',NULL,1516782600,1516793400,'2018-01-24 08:25:12','',NULL,1516782307152,1,NULL,NULL,NULL),('1','',NULL,'Informatique','1',NULL,1517216400,1517236200,'2018-01-28 12:07:46','',NULL,1517141257815,1,NULL,NULL,NULL),('19,1','1',NULL,'Réunion pédago','3',NULL,1517544000,1517547600,'2018-02-02 04:44:23','162,358,1',NULL,1517546619488,0,NULL,NULL,NULL),('19,1','2',NULL,'Réunion pédago','3',NULL,1517536800,1517542200,'2018-02-02 04:44:57','162,358,42',NULL,1517546619489,1,NULL,NULL,NULL),('1','',NULL,'Anglais','2',NULL,1518166800,1518183000,'2018-02-09 09:29:00','1',NULL,1518168527210,1,NULL,NULL,NULL),('1','',NULL,'Informatique','1',NULL,1518426000,1518436800,'2018-02-12 12:31:27','',NULL,1518438664077,1,NULL,NULL,NULL),('1','',NULL,'Informatique','1',NULL,1518512400,1518530400,'2018-02-13 10:54:43','',NULL,1518519268283,1,NULL,NULL,NULL),('1,2','2',NULL,'Informatique','1',NULL,1518681600,1518696000,'2018-02-15 12:01:53','1',NULL,1518694999120,0,NULL,NULL,NULL),('1,2','1',NULL,'Informatique','1',NULL,1518685200,1518688800,'2018-02-15 12:07:15','1',NULL,1518694999121,1,NULL,NULL,NULL),('19','1',NULL,'Informatique','1',NULL,1519030800,1519048800,'2018-02-19 07:50:12','2',NULL,1519026594078,1,NULL,NULL,NULL),('19','1',NULL,'Informatique','1',NULL,1517317200,1517335200,'2018-02-19 07:50:22','2',NULL,1519026594079,1,NULL,NULL,NULL),('19','1',NULL,'Informatique','1',NULL,1519119000,1519137000,'2018-02-19 07:50:43','2',NULL,1519026635489,1,NULL,NULL,NULL),('19','1',NULL,'Informatique','1',NULL,1519209000,1519227000,'2018-02-19 07:50:56','2',NULL,1519026635491,1,NULL,NULL,NULL),('19','1',NULL,'Informatique','1',NULL,1519299000,1519313400,'2018-02-19 07:51:13','2',NULL,1519026635493,1,NULL,NULL,NULL),('19','1',NULL,'Informatique','1',NULL,1519387200,1519401600,'2018-02-19 07:51:25','2',NULL,1519026635495,1,NULL,NULL,NULL),('1','1',NULL,'Anglais','2',NULL,1519030800,1519048800,'2018-02-19 07:51:43','2',NULL,1519026635497,1,NULL,NULL,NULL),('1','1',NULL,'Anglais','2',NULL,1519117200,1519135200,'2018-02-19 07:51:48','2',NULL,1519026635499,1,NULL,NULL,NULL),('1','1',NULL,'Anglais','2',NULL,1519210800,1519228800,'2018-02-19 07:51:57','2',NULL,1519026635501,1,NULL,NULL,NULL),('7','',NULL,'Anglais','2',NULL,1519209000,1519228800,'2018-02-21 14:01:48','13',NULL,1519221631096,1,NULL,NULL,NULL),('1','1',NULL,'Informatique','1',NULL,1519376400,1519385400,'2018-02-23 18:00:34','1',NULL,1519408796118,1,NULL,NULL,NULL),('1','1',NULL,'Anglais','2',NULL,1519644600,1519662600,'2018-02-26 11:46:43','2',NULL,1519645578613,1,NULL,NULL,NULL),('1','1',NULL,'Anglais','2',NULL,1519644600,1519662600,'2018-02-26 11:46:51','2',NULL,1519645578615,1,NULL,NULL,NULL),('7','',NULL,'Anglais','2',NULL,1519644600,1519664400,'2018-02-26 11:47:01','13',NULL,1519645578617,1,NULL,NULL,NULL),('1','1',NULL,'Anglais','2',NULL,1519729200,1519743600,'2018-02-26 11:47:12','2',NULL,1519645578619,1,NULL,NULL,NULL),('1','1',NULL,'Anglais','2',NULL,1519736400,1519747200,'2018-02-26 11:47:16','2',NULL,1519645578621,1,NULL,NULL,NULL),('7','',NULL,'Anglais','2',NULL,1519734600,1519743600,'2018-02-26 11:47:20','13',NULL,1519645578623,1,NULL,NULL,NULL),('1','1',NULL,'Anglais','2',NULL,1519786800,1519790400,'2018-02-28 03:29:05','162',NULL,1519788524277,1,NULL,NULL,NULL),('1','15',NULL,'Music','5',NULL,1519797600,1519801200,'2018-02-28 03:42:58','162',NULL,1519789363871,1,NULL,NULL,NULL),('7','16',NULL,'Sport','6',NULL,1519801200,1519804800,'2018-02-28 03:43:16','162',NULL,1519789363872,1,NULL,NULL,NULL),('12','15',NULL,'Music','5',NULL,1519794000,1519797600,'2018-02-28 03:46:03','162',NULL,1519789537939,1,NULL,NULL,NULL),('1,3','0',NULL,'mon premier cours d\'API','1,2',NULL,1520068800,1520073600,'2018-02-28 10:30:42','0,2',NULL,1519813837562,0,NULL,NULL,NULL),('1','2',NULL,'Sport','6',NULL,1520263800,1520325000,'2018-03-05 15:56:36','1',NULL,1520240174982,1,NULL,NULL,NULL),('7','15',NULL,'Music','5',NULL,1520233200,1520236800,'2018-03-05 11:07:03','162',NULL,1520248000592,1,NULL,NULL,NULL),('2','2',NULL,'Sport','6',NULL,1520247600,1520251200,'2018-03-05 11:21:45','2',NULL,1520248839802,0,NULL,NULL,NULL),('1','2',NULL,'Music','5',NULL,1520316000,1520319600,'2018-03-06 03:10:12','162',NULL,1520304325989,0,NULL,NULL,NULL),('7','1',NULL,'Sport','6',NULL,1520323200,1520326800,'2018-03-06 03:10:19','2',NULL,1520304476012,0,NULL,NULL,NULL),('1','1',NULL,'Sport','6',NULL,1520312400,1520316000,'2018-03-06 03:22:07','2',NULL,1520304476013,0,NULL,NULL,NULL),('1','1',NULL,'Sport','6',NULL,1520308800,1520312400,'2018-03-06 08:02:16','2',NULL,1520304476014,0,NULL,NULL,NULL),('1','2',NULL,'Sport','6',NULL,1520319600,1520323200,'2018-03-06 08:03:05','2',NULL,1520323330899,1,NULL,NULL,NULL),('1','1',NULL,'Informatique','1',NULL,1520325000,1520344800,'2018-03-06 09:29:06','366',NULL,1520328513415,1,NULL,NULL,NULL),('1','',NULL,'Informatique','1',NULL,1520409600,1520429400,'2018-03-07 15:36:09','',NULL,1520436944795,1,NULL,NULL,NULL),('1','1',NULL,'Anglais','2',NULL,1520497800,1520512200,'2018-03-08 09:34:13','264',NULL,1520501631682,1,NULL,NULL,NULL),('1','2',NULL,'Sport','6',NULL,1520499600,1520503200,'2018-03-08 18:40:30','',NULL,1520534356188,0,NULL,NULL,NULL),('1','2',NULL,'Sport','6',NULL,1520499600,1520503200,'2018-03-08 18:41:33','',NULL,1520534424188,0,NULL,NULL,NULL),('1','2',NULL,'Sport','6',NULL,1520499600,1520503200,'2018-03-08 18:41:58','',NULL,1520534505758,1,NULL,NULL,NULL),('1','2',NULL,'Music','5',NULL,1520580600,1520584200,'2018-03-09 07:31:32','',NULL,1520580537505,0,NULL,NULL,NULL),('1','2',NULL,'Music','5',NULL,1520582400,1520586000,'2018-03-09 07:33:05','',NULL,1520580537506,0,NULL,NULL,NULL),('7','15',NULL,'Sport','6',NULL,1520647200,1520650800,'2018-03-09 07:33:13','',NULL,1520580537507,0,NULL,NULL,NULL),('7','2',NULL,'Music','5',NULL,1520575200,1520578800,'2018-03-09 07:33:09','',NULL,1520580537508,0,NULL,NULL,NULL),('1','1',NULL,'Anglais','2',NULL,1520582400,1520602200,'2018-03-09 08:01:27','',NULL,1520582465726,1,NULL,NULL,NULL),('1','1',NULL,'Anglais','2',NULL,1520605800,1520613000,'2018-03-09 15:34:47','',NULL,1520605941053,1,NULL,NULL,NULL),('1','',NULL,'Informatique','1',NULL,1520665200,1520668800,'2018-03-10 19:06:54','264',NULL,1520708773863,1,NULL,NULL,NULL),('1','16',NULL,'Informatique','1',NULL,1520839800,1520854200,'2018-03-12 13:29:48','',NULL,1520848071167,1,NULL,NULL,NULL),('1','',NULL,'Informatique','1',NULL,1520859600,1520868600,'2018-03-12 15:52:34','',NULL,1520860794627,1,NULL,NULL,NULL),('1,3','0',NULL,'mon premier cours d\'API','1,2',NULL,1520068800,1520073600,'2018-03-12 22:02:59','0,2',NULL,1520892179649,1,NULL,NULL,NULL),('1','1',NULL,'Anglais','2',NULL,1520924400,1520940600,'2018-03-13 10:43:37','',NULL,1520934676569,1,NULL,NULL,NULL),('1,2','1',NULL,'Anglais','2',NULL,1520935200,1520953200,'2018-03-13 14:00:24','',NULL,1520947475755,1,NULL,NULL,NULL),('1','1',NULL,'Matte Painting','8',NULL,1521016200,1521027000,'2018-03-14 21:03:36','',NULL,1521017341268,1,NULL,NULL,NULL),('1','',NULL,'Informatique','1',NULL,1521106200,1521124200,'2018-03-15 16:01:16','',NULL,1521126726619,1,NULL,NULL,NULL),('1','1',NULL,'Sport','6',NULL,1521248400,1521252000,'2018-03-16 22:28:13','162',NULL,1521239268228,1,NULL,NULL,NULL),('1','1',NULL,'Anglais','2',NULL,1521446400,1521457200,'2018-03-19 08:39:26','366',NULL,1521448738385,1,NULL,NULL,NULL),('7,2','1',NULL,'Sport','6',NULL,1521444600,1521459000,'2018-03-19 10:55:56','165,366,1',NULL,1521456850749,1,NULL,NULL,NULL),('1','1',NULL,'Informatique','1',NULL,1521464400,1521477900,'2018-03-19 12:22:02','',NULL,1521462104113,1,NULL,NULL,NULL),('1','',NULL,'Informatique','1',NULL,1521536400,1521549000,'2018-03-20 09:32:10','264',NULL,1521532968447,1,NULL,NULL,NULL),('1','1',NULL,'Anglais','2',NULL,1521619200,1521630900,'2018-03-21 09:20:03','366',NULL,1521623987514,1,NULL,NULL,NULL),('1','2',NULL,'Anglais','2',NULL,1521703800,1521716400,'2018-03-22 14:58:43','',NULL,1521721754467,1,NULL,NULL,NULL),('40','1',NULL,'ECE 3025','9',NULL,1521705600,1521721800,'2018-03-22 14:53:39','165',NULL,1521730386624,1,NULL,NULL,NULL),('7','',NULL,'Anglais','2',NULL,1521702000,1521717300,'2018-03-22 14:55:59','1,366',NULL,1521730386625,1,NULL,NULL,NULL),('1','1',NULL,'Anglais','2',NULL,1521791100,1521806400,'2018-03-23 07:15:12','366',NULL,1521789298739,1,NULL,NULL,NULL),('1','2',NULL,'Sport','6',NULL,1521810000,1521824400,'2018-03-23 10:12:40','165',NULL,1521799911293,1,NULL,NULL,NULL),('1','15',NULL,'Music','5',NULL,1522119600,1525147200,'2018-04-02 10:12:39','366',NULL,1522663909839,1,'month_1___1,4',3600,1522663909839);
/*!40000 ALTER TABLE `calendar_events` ENABLE KEYS */;
UNLOCK TABLES;

--
-- Table structure for table `calendar_rooms`
--

DROP TABLE IF EXISTS `calendar_rooms`;
/*!40101 SET @saved_cs_client     = @@character_set_client */;
/*!40101 SET character_set_client = utf8 */;
CREATE TABLE `calendar_rooms` (
  `id` int(10) unsigned NOT NULL AUTO_INCREMENT,
  `libelle` varchar(255) NOT NULL,
  `description` text,
  `capacite` int(10) unsigned DEFAULT NULL COMMENT 'Nombre de places dans la salle',
  `visible` tinyint(1) NOT NULL DEFAULT '1',
  PRIMARY KEY (`id`)
) ENGINE=InnoDB AUTO_INCREMENT=18 DEFAULT CHARSET=utf8 ROW_FORMAT=COMPACT;
/*!40101 SET character_set_client = @saved_cs_client */;

--
-- Dumping data for table `calendar_rooms`
--

LOCK TABLES `calendar_rooms` WRITE;
/*!40000 ALTER TABLE `calendar_rooms` DISABLE KEYS */;
INSERT INTO `calendar_rooms` VALUES (1,'Salle informatique','22 PC avec Photoshop',25,1),(2,'Salle de sport','',0,1),(3,'test','test',22,0),(4,'test2','',0,0),(5,'test2','',0,0),(6,'test','',0,0),(7,'My new room','My new description',2,0),(8,'123','',0,0),(9,'My new room','My new description',2,0),(10,'My new room','My new description',2,0),(11,'My new room','My new description',2,0),(12,'My new room','My new description',2,0),(13,'My new room','My new description',2,0),(14,'My room','My room description',1,1),(15,'Music ClassRoom','',200,1),(16,'Sport Class Room','',300,1),(17,'Room for the Subject','',0,0);
/*!40000 ALTER TABLE `calendar_rooms` ENABLE KEYS */;
UNLOCK TABLES;

--
-- Table structure for table `calendar_subjects`
--

DROP TABLE IF EXISTS `calendar_subjects`;
/*!40101 SET @saved_cs_client     = @@character_set_client */;
/*!40101 SET character_set_client = utf8 */;
CREATE TABLE `calendar_subjects` (
  `id` int(10) unsigned NOT NULL AUTO_INCREMENT,
  `libelle` varchar(255) NOT NULL,
  `description` text,
  `style_id` int(10) unsigned NOT NULL,
  `default_room` int(10) unsigned DEFAULT NULL,
  `default_teacher` text,
  `default_length` int(10) unsigned DEFAULT NULL COMMENT 'Duree par defaut (en mn)',
  `visible` tinyint(1) NOT NULL DEFAULT '1',
  PRIMARY KEY (`id`)
) ENGINE=InnoDB AUTO_INCREMENT=10 DEFAULT CHARSET=utf8 ROW_FORMAT=COMPACT;
/*!40101 SET character_set_client = @saved_cs_client */;

--
-- Dumping data for table `calendar_subjects`
--

LOCK TABLES `calendar_subjects` WRITE;
/*!40000 ALTER TABLE `calendar_subjects` DISABLE KEYS */;
INSERT INTO `calendar_subjects` VALUES (1,'Informatique','Cursus informatique',0,NULL,'2',NULL,1),(2,'Anglais','Cours d\'anglais niveau 1',0,NULL,'',NULL,1),(3,'Réunion pédago','',0,1,'',NULL,1),(4,'JPO','',0,1,'',NULL,1),(5,'Music','',0,15,'',NULL,1),(6,'Sport','',0,16,'',NULL,1),(7,'My new subject','My new desc',0,17,'264',NULL,1),(8,'Matte Painting','',0,1,'',NULL,1),(9,'ECE 3025','',0,1,'',NULL,1);
/*!40000 ALTER TABLE `calendar_subjects` ENABLE KEYS */;
UNLOCK TABLES;

--
-- Table structure for table `calls`
--

DROP TABLE IF EXISTS `calls`;
/*!40101 SET @saved_cs_client     = @@character_set_client */;
/*!40101 SET character_set_client = utf8 */;
CREATE TABLE `calls` (
  `id` int(10) unsigned NOT NULL AUTO_INCREMENT,
  `event_id` bigint(32) NOT NULL,
  `date_call` datetime NOT NULL,
  `visible` tinyint(1) NOT NULL DEFAULT '1',
  PRIMARY KEY (`id`),
  KEY `event_id` (`event_id`)
) ENGINE=InnoDB AUTO_INCREMENT=164 DEFAULT CHARSET=utf8;
/*!40101 SET character_set_client = @saved_cs_client */;

--
-- Dumping data for table `calls`
--

LOCK TABLES `calls` WRITE;
/*!40000 ALTER TABLE `calls` DISABLE KEYS */;
INSERT INTO `calls` VALUES (1,1506073420901,'2017-09-29 13:21:54',1),(2,1506073420901,'2017-09-29 13:35:33',1),(3,1506073420901,'2017-09-29 15:26:51',1),(4,1506073420901,'2017-09-29 15:41:21',1),(5,1506073420901,'2017-09-30 10:22:25',1),(6,1506073420901,'2017-09-30 10:30:30',1),(7,1506759476948,'2017-09-30 10:53:46',1),(8,1506073420901,'2017-09-30 11:14:27',1),(9,1506759476948,'2017-09-30 12:25:43',1),(10,1506759476948,'2017-09-30 12:26:24',1),(11,1506073420901,'2017-09-30 12:26:45',1),(12,1506759476948,'2017-10-02 16:41:53',1),(13,1506759476948,'2017-10-02 16:41:57',1),(14,1506759476948,'2017-10-02 17:28:29',1),(15,1506759476948,'2017-10-02 17:34:53',1),(16,1506759476948,'2017-10-02 18:02:18',1),(17,1506759476948,'2017-10-02 18:05:36',1),(18,1506759476948,'2017-10-02 18:17:53',1),(19,1506759476948,'2017-10-02 21:18:53',1),(20,1506759476948,'2017-10-03 00:09:50',1),(21,1506759476948,'2017-10-03 11:25:49',1),(22,1507715773154,'2017-10-11 12:01:37',1),(23,1507715773155,'2017-10-11 12:02:16',1),(24,1508517840298,'2017-10-20 18:45:35',1),(25,1510063635206,'2017-11-07 15:10:22',1),(26,1512383349479,'2017-12-04 11:56:27',1),(27,1512383349480,'2017-12-05 08:36:12',1),(28,1512459680631,'2017-12-05 08:50:56',1),(29,1512553015375,'2017-12-06 10:47:53',1),(30,1512459951303,'2017-12-06 10:52:17',1),(31,1512553015375,'2017-12-06 11:14:38',1),(32,1512637409385,'2017-12-07 10:09:06',1),(33,1512658855667,'2017-12-07 16:10:42',1),(34,1514911566500,'2018-01-02 17:49:56',1),(35,1515674407129,'2018-01-11 13:43:57',1),(36,1516114063047,'2018-01-16 15:58:44',1),(37,1514911566500,'2018-01-29 21:23:17',1),(38,1514911566500,'2018-01-29 21:24:39',1),(39,1514911566500,'2018-01-29 21:35:25',1),(40,1514911566500,'2018-01-29 21:44:45',1),(41,1514911566500,'2018-01-29 22:38:35',1),(42,1515882417603,'2018-01-29 22:40:39',1),(43,1514911566500,'2018-02-01 02:55:36',1),(44,1515882417603,'2018-02-01 02:59:51',1),(45,1514911566500,'2018-02-01 03:26:17',1),(46,1514911566500,'2018-02-01 11:23:04',1),(47,1514911566500,'2018-02-01 22:16:35',1),(48,1514911566500,'2018-02-02 03:14:49',1),(49,1514911566500,'2018-02-02 03:15:35',1),(50,1514911566500,'2018-02-02 03:25:32',1),(51,1514911566500,'2018-02-02 03:30:46',1),(52,1514911566500,'2018-02-02 03:42:17',1),(53,1514911566500,'2018-02-02 03:48:01',1),(54,1514911566500,'2018-02-02 03:50:46',1),(55,1514911566500,'2018-02-02 04:08:22',1),(56,1514911566500,'2018-02-02 04:12:13',1),(57,1514911566500,'2018-02-02 04:14:05',1),(58,1514911566500,'2018-02-02 04:20:14',1),(59,1514911566500,'2018-02-02 04:31:23',1),(60,1514911566500,'2018-02-02 04:34:51',1),(61,1514911566500,'2018-02-02 04:41:50',1),(62,1514911566500,'2018-02-02 04:45:31',1),(63,1514911566500,'2018-02-02 04:49:38',1),(64,1514911566500,'2018-02-02 04:56:12',1),(65,1514911566500,'2018-02-02 05:03:09',1),(66,1514911566500,'2018-02-02 05:20:27',1),(67,1514911566500,'2018-02-02 08:02:25',1),(68,1514911566500,'2018-02-02 08:03:34',1),(69,1515882417603,'2018-02-05 07:31:15',1),(70,1517546619489,'2018-02-05 07:57:08',1),(71,1517546619489,'2018-02-05 08:18:11',1),(72,1518168527210,'2018-02-09 10:29:36',1),(73,1518438664077,'2018-02-12 14:51:41',1),(74,1518519268283,'2018-02-13 11:55:43',1),(75,1518694999121,'2018-02-15 13:19:02',1),(76,1519026635499,'2018-02-20 06:52:13',1),(77,1519026635489,'2018-02-20 06:54:04',1),(78,1519026635499,'2018-02-20 07:09:32',1),(79,1519026635491,'2018-02-21 05:37:12',1),(80,1519026635491,'2018-02-21 05:46:50',1),(81,1519026635501,'2018-02-21 05:47:22',1),(82,1519026635501,'2018-02-21 06:00:06',1),(83,1519026635501,'2018-02-21 06:37:31',1),(84,1519026635501,'2018-02-21 06:39:47',1),(85,1519026635501,'2018-02-21 06:50:43',1),(86,1519026635501,'2018-02-21 06:50:59',1),(87,1519026635501,'2018-02-21 14:53:14',1),(88,1519026635501,'2018-02-21 20:54:02',1),(89,1519026635501,'2018-02-21 22:42:38',1),(90,1519408796118,'2018-02-23 19:02:07',1),(91,1519645578615,'2018-02-26 12:50:35',1),(92,1517546619489,'2018-02-28 04:28:06',1),(93,1519788524277,'2018-02-28 04:29:29',1),(94,1519788524277,'2018-02-28 04:34:43',1),(95,1519789363872,'2018-02-28 04:44:38',1),(96,1514911566500,'2018-02-28 11:30:30',1),(97,1519788524277,'2018-02-28 11:45:21',1),(98,1519789363871,'2018-02-28 16:00:53',1),(99,1514911566500,'2018-03-01 21:10:39',1),(100,1514911566500,'2018-03-01 21:11:34',1),(101,1514911566500,'2018-03-01 22:43:54',1),(102,1520240174982,'2018-03-05 11:00:57',1),(103,1520248000592,'2018-03-05 12:09:27',1),(104,1520248000592,'2018-03-05 12:09:57',1),(105,1520248000592,'2018-03-05 12:12:00',1),(106,1520240174982,'2018-03-05 16:19:00',1),(107,1520304476014,'2018-03-06 04:25:53',1),(108,1520304476014,'2018-03-06 04:42:09',1),(109,1520304476014,'2018-03-06 04:43:22',1),(110,1520304476014,'2018-03-06 04:46:12',1),(111,1520304476014,'2018-03-06 05:19:30',1),(112,1520304476014,'2018-03-06 05:27:40',1),(113,1520304476014,'2018-03-06 05:29:21',1),(114,1520304476014,'2018-03-06 05:31:10',1),(115,1520304476014,'2018-03-06 05:33:04',1),(116,1520304476014,'2018-03-06 05:43:50',1),(117,1520304476014,'2018-03-06 05:45:44',1),(118,1520304476014,'2018-03-06 05:47:06',1),(119,1520304476014,'2018-03-06 05:52:54',1),(120,1520304476014,'2018-03-06 05:54:40',1),(121,1520304476014,'2018-03-06 05:57:25',1),(122,1520304476014,'2018-03-06 07:39:09',1),(123,1520304476014,'2018-03-06 07:41:08',1),(124,1520304476014,'2018-03-06 07:42:52',1),(125,1520304476014,'2018-03-06 07:47:41',1),(126,1520304476014,'2018-03-06 07:50:10',1),(127,1520304476014,'2018-03-06 07:51:59',1),(128,1520304476014,'2018-03-06 08:01:31',1),(129,1520304476014,'2018-03-06 08:04:36',1),(130,1520304476014,'2018-03-06 08:29:19',1),(131,1520304476014,'2018-03-06 08:34:22',1),(132,1520304476014,'2018-03-06 08:36:28',1),(133,1520304476014,'2018-03-06 08:39:39',1),(134,1520304476014,'2018-03-06 08:41:14',1),(135,1520304476014,'2018-03-06 08:42:14',1),(136,1520304476014,'2018-03-06 08:44:34',1),(137,1520304476014,'2018-03-06 08:46:35',1),(138,1520304476014,'2018-03-06 08:47:21',1),(139,1520304476014,'2018-03-06 08:49:24',1),(140,1520304476014,'2018-03-06 08:53:53',1),(141,1520304476014,'2018-03-06 08:54:59',1),(142,1520304476014,'2018-03-06 08:55:48',1),(143,1520304476014,'2018-03-06 08:57:17',1),(144,1520304476014,'2018-03-06 08:59:22',1),(145,1520323330899,'2018-03-06 09:03:18',1),(146,1520328513415,'2018-03-06 10:29:45',1),(147,1514911566500,'2018-03-06 12:24:52',1),(148,1520436944795,'2018-03-07 16:37:21',1),(149,1520501631682,'2018-03-08 10:41:32',1),(150,1520580537505,'2018-03-09 08:31:04',1),(151,1520582465726,'2018-03-09 10:50:54',1),(152,1520605941053,'2018-03-09 16:27:26',1),(153,1520848071167,'2018-03-12 10:48:38',1),(154,1520848071167,'2018-03-12 14:21:35',1),(155,1520860794627,'2018-03-12 18:01:10',1),(156,1520934676569,'2018-03-13 11:24:47',1),(157,1520947475755,'2018-03-13 14:47:59',1),(158,1521448738385,'2018-03-19 11:48:10',1),(159,1521532968447,'2018-03-20 10:26:28',1),(160,1521623987514,'2018-03-21 14:46:45',1),(161,1521721754467,'2018-03-22 13:51:48',1),(162,1521789298739,'2018-03-23 10:20:51',1),(163,1521799911293,'2018-03-23 11:46:33',1);
/*!40000 ALTER TABLE `calls` ENABLE KEYS */;
UNLOCK TABLES;

--
-- Table structure for table `calls_detail`
--

DROP TABLE IF EXISTS `calls_detail`;
/*!40101 SET @saved_cs_client     = @@character_set_client */;
/*!40101 SET character_set_client = utf8 */;
CREATE TABLE `calls_detail` (
  `id` int(10) unsigned NOT NULL AUTO_INCREMENT,
  `id_call` int(10) unsigned NOT NULL,
  `id_user` int(10) unsigned NOT NULL,
  `id_user_made_call` int(10) NOT NULL,
  `id_event` bigint(32) NOT NULL,
  `status` tinyint(4) NOT NULL,
  `date_call` datetime NOT NULL,
  `visible` tinyint(1) NOT NULL DEFAULT '1',
  PRIMARY KEY (`id`),
  UNIQUE KEY `UQ_id_event_id_user` (`id_user`,`id_event`),
  KEY `id_call` (`id_call`),
  KEY `id_user` (`id_user`),
  KEY `id_user_made_call` (`id_user_made_call`),
  KEY `fk_id_event_events_id` (`id_event`),
  CONSTRAINT `fk_id_call_calls_id` FOREIGN KEY (`id_call`) REFERENCES `calls` (`id`) ON DELETE NO ACTION ON UPDATE NO ACTION,
  CONSTRAINT `fk_id_event_events_id` FOREIGN KEY (`id_event`) REFERENCES `calendar_events` (`ical_uid`) ON DELETE NO ACTION ON UPDATE NO ACTION
) ENGINE=InnoDB AUTO_INCREMENT=2055 DEFAULT CHARSET=utf8;
/*!40101 SET character_set_client = @saved_cs_client */;

--
-- Dumping data for table `calls_detail`
--

LOCK TABLES `calls_detail` WRITE;
/*!40000 ALTER TABLE `calls_detail` DISABLE KEYS */;
INSERT INTO `calls_detail` VALUES (1,11,13,1,1506073420901,0,'2017-09-30 12:26:45',1),(4,11,12,1,1506073420901,0,'2017-09-30 12:26:45',1),(9,21,1,1,1506759476948,0,'2017-10-03 11:25:49',1),(10,21,2,1,1506759476948,1,'2017-10-03 11:25:49',1),(11,21,3,1,1506759476948,0,'2017-10-03 11:25:49',1),(15,11,8,1,1506073420901,1,'2017-09-30 12:26:45',1),(16,11,6,1,1506073420901,0,'2017-09-30 12:26:45',1),(17,11,10,1,1506073420901,1,'2017-09-30 12:26:45',1),(19,11,7,1,1506073420901,1,'2017-09-30 12:26:45',1),(21,11,14,1,1506073420901,1,'2017-09-30 12:26:45',1),(22,11,9,1,1506073420901,1,'2017-09-30 12:26:45',1),(23,11,11,1,1506073420901,0,'2017-09-30 12:26:45',1),(52,22,8,1,1507715773154,1,'2017-10-11 12:01:37',1),(53,22,6,1,1507715773154,0,'2017-10-11 12:01:37',1),(54,22,10,1,1507715773154,2,'2017-10-11 12:01:37',1),(55,22,13,1,1507715773154,1,'2017-10-11 12:01:37',1),(56,22,62,1,1507715773154,0,'2017-10-11 12:01:37',1),(57,22,7,1,1507715773154,0,'2017-10-11 12:01:37',1),(58,22,12,1,1507715773154,1,'2017-10-11 12:01:37',1),(59,22,14,1,1507715773154,0,'2017-10-11 12:01:37',1),(60,22,9,1,1507715773154,2,'2017-10-11 12:01:37',1),(61,22,11,1,1507715773154,1,'2017-10-11 12:01:37',1),(62,23,8,1,1507715773155,2,'2017-10-11 12:02:16',1),(63,23,6,1,1507715773155,2,'2017-10-11 12:02:16',1),(64,23,10,1,1507715773155,0,'2017-10-11 12:02:16',1),(65,23,13,1,1507715773155,0,'2017-10-11 12:02:16',1),(66,23,62,1,1507715773155,1,'2017-10-11 12:02:16',1),(67,23,7,1,1507715773155,2,'2017-10-11 12:02:16',1),(68,23,12,1,1507715773155,2,'2017-10-11 12:02:16',1),(69,23,14,1,1507715773155,2,'2017-10-11 12:02:16',1),(70,23,9,1,1507715773155,0,'2017-10-11 12:02:16',1),(71,23,11,1,1507715773155,0,'2017-10-11 12:02:16',1),(72,24,8,1,1508517840298,2,'2017-10-20 18:45:35',1),(73,24,6,1,1508517840298,0,'2017-10-20 18:45:35',1),(74,24,10,1,1508517840298,0,'2017-10-20 18:45:35',1),(75,24,13,1,1508517840298,2,'2017-10-20 18:45:35',1),(76,24,62,1,1508517840298,0,'2017-10-20 18:45:35',1),(77,24,7,1,1508517840298,1,'2017-10-20 18:45:35',1),(78,24,12,1,1508517840298,2,'2017-10-20 18:45:35',1),(79,24,14,1,1508517840298,2,'2017-10-20 18:45:35',1),(80,24,9,1,1508517840298,0,'2017-10-20 18:45:35',1),(81,24,11,1,1508517840298,1,'2017-10-20 18:45:35',1),(82,25,8,1,1510063635206,1,'2017-11-07 15:10:22',1),(83,25,6,1,1510063635206,0,'2017-11-07 15:10:22',1),(84,25,10,1,1510063635206,1,'2017-11-07 15:10:22',1),(85,25,13,1,1510063635206,1,'2017-11-07 15:10:22',1),(86,25,7,1,1510063635206,1,'2017-11-07 15:10:22',1),(87,25,12,1,1510063635206,0,'2017-11-07 15:10:22',1),(88,25,14,1,1510063635206,2,'2017-11-07 15:10:22',1),(89,25,9,1,1510063635206,2,'2017-11-07 15:10:22',1),(90,25,11,1,1510063635206,1,'2017-11-07 15:10:22',1),(91,26,8,162,1512383349479,1,'2017-12-04 11:56:27',1),(92,26,6,162,1512383349479,1,'2017-12-04 11:56:27',1),(93,26,10,162,1512383349479,1,'2017-12-04 11:56:27',1),(94,26,13,162,1512383349479,1,'2017-12-04 11:56:27',1),(95,26,7,162,1512383349479,1,'2017-12-04 11:56:27',1),(96,26,12,162,1512383349479,1,'2017-12-04 11:56:27',1),(97,26,14,162,1512383349479,1,'2017-12-04 11:56:27',1),(98,26,9,162,1512383349479,1,'2017-12-04 11:56:27',1),(99,26,11,162,1512383349479,1,'2017-12-04 11:56:27',1),(100,27,8,162,1512383349480,1,'2017-12-05 08:36:12',1),(101,27,6,162,1512383349480,0,'2017-12-05 08:36:12',1),(102,27,10,162,1512383349480,1,'2017-12-05 08:36:12',1),(103,27,13,162,1512383349480,1,'2017-12-05 08:36:12',1),(104,27,7,162,1512383349480,0,'2017-12-05 08:36:12',1),(105,27,12,162,1512383349480,1,'2017-12-05 08:36:12',1),(106,27,14,162,1512383349480,1,'2017-12-05 08:36:12',1),(107,27,9,162,1512383349480,1,'2017-12-05 08:36:12',1),(108,27,11,162,1512383349480,1,'2017-12-05 08:36:12',1),(109,28,8,162,1512459680631,1,'2017-12-05 08:50:56',1),(110,28,10,162,1512459680631,1,'2017-12-05 08:50:56',1),(111,28,13,162,1512459680631,1,'2017-12-05 08:50:56',1),(112,28,12,162,1512459680631,1,'2017-12-05 08:50:56',1),(113,28,14,162,1512459680631,1,'2017-12-05 08:50:56',1),(114,28,6,162,1512459680631,1,'2017-12-05 08:50:56',1),(115,28,7,162,1512459680631,1,'2017-12-05 08:50:56',1),(116,28,9,162,1512459680631,1,'2017-12-05 08:50:56',1),(117,28,11,162,1512459680631,1,'2017-12-05 08:50:56',1),(118,28,40,162,1512459680631,1,'2017-12-05 08:50:56',1),(119,28,41,162,1512459680631,1,'2017-12-05 08:50:56',1),(120,28,42,162,1512459680631,1,'2017-12-05 08:50:56',1),(121,28,43,162,1512459680631,1,'2017-12-05 08:50:56',1),(122,28,44,162,1512459680631,1,'2017-12-05 08:50:56',1),(123,28,45,162,1512459680631,1,'2017-12-05 08:50:56',1),(124,28,46,162,1512459680631,1,'2017-12-05 08:50:56',1),(125,28,47,162,1512459680631,1,'2017-12-05 08:50:56',1),(126,28,48,162,1512459680631,1,'2017-12-05 08:50:56',1),(127,28,49,162,1512459680631,1,'2017-12-05 08:50:56',1),(128,28,50,162,1512459680631,1,'2017-12-05 08:50:56',1),(129,28,51,162,1512459680631,1,'2017-12-05 08:50:56',1),(130,28,52,162,1512459680631,1,'2017-12-05 08:50:56',1),(131,28,53,162,1512459680631,1,'2017-12-05 08:50:56',1),(132,28,54,162,1512459680631,0,'2017-12-05 08:50:56',1),(133,28,55,162,1512459680631,1,'2017-12-05 08:50:56',1),(134,28,56,162,1512459680631,1,'2017-12-05 08:50:56',1),(135,28,57,162,1512459680631,1,'2017-12-05 08:50:56',1),(136,28,58,162,1512459680631,1,'2017-12-05 08:50:56',1),(137,28,59,162,1512459680631,1,'2017-12-05 08:50:56',1),(138,28,60,162,1512459680631,1,'2017-12-05 08:50:56',1),(139,28,61,162,1512459680631,1,'2017-12-05 08:50:56',1),(140,28,165,162,1512459680631,1,'2017-12-05 08:50:56',1),(141,28,1,162,1512459680631,1,'2017-12-05 08:50:56',1),(142,28,163,162,1512459680631,1,'2017-12-05 08:50:56',1),(143,28,164,162,1512459680631,1,'2017-12-05 08:50:56',1),(144,28,162,162,1512459680631,1,'2017-12-05 08:50:56',1),(145,28,2,162,1512459680631,1,'2017-12-05 08:50:56',1),(146,28,3,162,1512459680631,1,'2017-12-05 08:50:56',1),(147,31,8,1,1512553015375,1,'2017-12-06 11:14:38',1),(148,31,6,1,1512553015375,1,'2017-12-06 11:14:38',1),(149,31,10,1,1512553015375,1,'2017-12-06 11:14:38',1),(150,31,13,1,1512553015375,1,'2017-12-06 11:14:38',1),(151,31,7,1,1512553015375,1,'2017-12-06 11:14:38',1),(152,31,12,1,1512553015375,1,'2017-12-06 11:14:38',1),(153,31,14,1,1512553015375,1,'2017-12-06 11:14:38',1),(154,31,9,1,1512553015375,1,'2017-12-06 11:14:38',1),(155,31,11,1,1512553015375,1,'2017-12-06 11:14:38',1),(156,30,8,1,1512459951303,1,'2017-12-06 10:52:17',1),(157,30,10,1,1512459951303,1,'2017-12-06 10:52:17',1),(158,30,13,1,1512459951303,1,'2017-12-06 10:52:17',1),(159,30,12,1,1512459951303,1,'2017-12-06 10:52:17',1),(160,30,14,1,1512459951303,1,'2017-12-06 10:52:17',1),(161,30,40,1,1512459951303,1,'2017-12-06 10:52:17',1),(162,30,41,1,1512459951303,1,'2017-12-06 10:52:17',1),(163,30,42,1,1512459951303,1,'2017-12-06 10:52:17',1),(164,30,43,1,1512459951303,1,'2017-12-06 10:52:17',1),(165,30,44,1,1512459951303,1,'2017-12-06 10:52:17',1),(166,30,45,1,1512459951303,1,'2017-12-06 10:52:17',1),(167,30,46,1,1512459951303,1,'2017-12-06 10:52:17',1),(168,30,47,1,1512459951303,1,'2017-12-06 10:52:17',1),(169,30,48,1,1512459951303,1,'2017-12-06 10:52:17',1),(170,30,49,1,1512459951303,1,'2017-12-06 10:52:17',1),(171,30,50,1,1512459951303,1,'2017-12-06 10:52:17',1),(172,30,51,1,1512459951303,1,'2017-12-06 10:52:17',1),(173,30,52,1,1512459951303,1,'2017-12-06 10:52:17',1),(174,30,53,1,1512459951303,1,'2017-12-06 10:52:17',1),(175,30,54,1,1512459951303,1,'2017-12-06 10:52:17',1),(176,30,55,1,1512459951303,1,'2017-12-06 10:52:17',1),(177,30,56,1,1512459951303,1,'2017-12-06 10:52:17',1),(178,30,57,1,1512459951303,1,'2017-12-06 10:52:17',1),(179,30,58,1,1512459951303,1,'2017-12-06 10:52:17',1),(180,30,59,1,1512459951303,1,'2017-12-06 10:52:17',1),(181,30,60,1,1512459951303,1,'2017-12-06 10:52:17',1),(182,30,61,1,1512459951303,1,'2017-12-06 10:52:17',1),(183,30,165,1,1512459951303,1,'2017-12-06 10:52:17',1),(184,30,164,1,1512459951303,1,'2017-12-06 10:52:17',1),(185,30,162,1,1512459951303,1,'2017-12-06 10:52:17',1),(186,30,163,1,1512459951303,1,'2017-12-06 10:52:17',1),(187,30,2,1,1512459951303,1,'2017-12-06 10:52:17',1),(188,30,3,1,1512459951303,1,'2017-12-06 10:52:17',1),(189,30,6,1,1512459951303,1,'2017-12-06 10:52:17',1),(190,30,265,1,1512459951303,0,'2017-12-06 10:52:17',1),(191,30,7,1,1512459951303,1,'2017-12-06 10:52:17',1),(192,30,9,1,1512459951303,1,'2017-12-06 10:52:17',1),(193,30,11,1,1512459951303,1,'2017-12-06 10:52:17',1),(196,31,265,1,1512553015375,0,'2017-12-06 11:14:38',1),(204,32,8,1,1512637409385,1,'2017-12-07 10:09:06',1),(205,32,6,1,1512637409385,1,'2017-12-07 10:09:06',1),(206,32,10,1,1512637409385,1,'2017-12-07 10:09:06',1),(207,32,13,1,1512637409385,2,'2017-12-07 10:09:06',1),(208,32,7,1,1512637409385,2,'2017-12-07 10:09:06',1),(209,32,12,1,1512637409385,0,'2017-12-07 10:09:06',1),(210,32,14,1,1512637409385,0,'2017-12-07 10:09:06',1),(211,32,9,1,1512637409385,1,'2017-12-07 10:09:06',1),(212,32,266,1,1512637409385,0,'2017-12-07 10:09:06',1),(213,32,11,1,1512637409385,1,'2017-12-07 10:09:06',1),(214,33,8,1,1512658855667,1,'2017-12-07 16:10:42',1),(215,33,6,1,1512658855667,1,'2017-12-07 16:10:42',1),(216,33,10,1,1512658855667,2,'2017-12-07 16:10:42',1),(217,33,13,1,1512658855667,2,'2017-12-07 16:10:42',1),(218,33,7,1,1512658855667,1,'2017-12-07 16:10:42',1),(219,33,12,1,1512658855667,1,'2017-12-07 16:10:42',1),(220,33,14,1,1512658855667,1,'2017-12-07 16:10:42',1),(221,33,9,1,1512658855667,1,'2017-12-07 16:10:42',1),(222,33,266,1,1512658855667,1,'2017-12-07 16:10:42',1),(223,33,11,1,1512658855667,1,'2017-12-07 16:10:42',1),(224,34,8,1,1514911566500,1,'2018-01-02 17:49:56',1),(225,147,6,2,1514911566500,0,'2018-03-06 12:24:52',1),(226,147,10,2,1514911566500,0,'2018-03-06 12:24:52',1),(227,147,13,2,1514911566500,0,'2018-03-06 12:24:52',1),(228,147,7,2,1514911566500,0,'2018-03-06 12:24:52',1),(229,147,12,2,1514911566500,0,'2018-03-06 12:24:52',1),(230,147,14,2,1514911566500,0,'2018-03-06 12:24:52',1),(231,147,9,2,1514911566500,0,'2018-03-06 12:24:52',1),(232,147,11,2,1514911566500,0,'2018-03-06 12:24:52',1),(233,35,8,1,1515674407129,0,'2018-01-11 13:43:57',1),(234,35,6,1,1515674407129,1,'2018-01-11 13:43:57',1),(235,35,10,1,1515674407129,1,'2018-01-11 13:43:57',1),(236,35,13,1,1515674407129,1,'2018-01-11 13:43:57',1),(237,35,7,1,1515674407129,1,'2018-01-11 13:43:57',1),(238,35,12,1,1515674407129,0,'2018-01-11 13:43:57',1),(239,35,14,1,1515674407129,1,'2018-01-11 13:43:57',1),(240,35,9,1,1515674407129,1,'2018-01-11 13:43:57',1),(241,35,11,1,1515674407129,0,'2018-01-11 13:43:57',1),(242,36,8,1,1516114063047,1,'2018-01-16 15:58:44',1),(243,36,6,1,1516114063047,1,'2018-01-16 15:58:44',1),(244,36,10,1,1516114063047,0,'2018-01-16 15:58:44',1),(245,36,13,1,1516114063047,1,'2018-01-16 15:58:44',1),(246,36,7,1,1516114063047,2,'2018-01-16 15:58:44',1),(247,36,12,1,1516114063047,1,'2018-01-16 15:58:44',1),(248,36,14,1,1516114063047,1,'2018-01-16 15:58:44',1),(249,36,9,1,1516114063047,2,'2018-01-16 15:58:44',1),(250,36,11,1,1516114063047,1,'2018-01-16 15:58:44',1),(291,69,267,2,1515882417603,1,'2018-02-05 07:31:15',1),(292,69,268,2,1515882417603,2,'2018-02-05 07:31:15',1),(293,69,269,2,1515882417603,0,'2018-02-05 07:31:15',1),(294,69,270,2,1515882417603,2,'2018-02-05 07:31:15',1),(295,69,271,2,1515882417603,0,'2018-02-05 07:31:15',1),(296,69,273,2,1515882417603,2,'2018-02-05 07:31:15',1),(297,69,272,2,1515882417603,1,'2018-02-05 07:31:15',1),(298,69,367,2,1515882417603,0,'2018-02-05 07:31:15',1),(299,69,274,2,1515882417603,1,'2018-02-05 07:31:15',1),(300,69,275,2,1515882417603,1,'2018-02-05 07:31:15',1),(301,69,276,2,1515882417603,1,'2018-02-05 07:31:15',1),(302,69,277,2,1515882417603,2,'2018-02-05 07:31:15',1),(303,69,278,2,1515882417603,0,'2018-02-05 07:31:15',1),(304,69,279,2,1515882417603,1,'2018-02-05 07:31:15',1),(305,69,281,2,1515882417603,2,'2018-02-05 07:31:15',1),(306,69,280,2,1515882417603,0,'2018-02-05 07:31:15',1),(307,69,282,2,1515882417603,2,'2018-02-05 07:31:15',1),(308,69,283,2,1515882417603,1,'2018-02-05 07:31:15',1),(309,69,284,2,1515882417603,2,'2018-02-05 07:31:15',1),(310,69,286,2,1515882417603,1,'2018-02-05 07:31:15',1),(311,69,285,2,1515882417603,2,'2018-02-05 07:31:15',1),(312,69,287,2,1515882417603,1,'2018-02-05 07:31:15',1),(313,69,289,2,1515882417603,1,'2018-02-05 07:31:15',1),(314,69,288,2,1515882417603,0,'2018-02-05 07:31:15',1),(315,69,290,2,1515882417603,1,'2018-02-05 07:31:15',1),(316,69,291,2,1515882417603,1,'2018-02-05 07:31:15',1),(317,69,292,2,1515882417603,1,'2018-02-05 07:31:15',1),(318,69,293,2,1515882417603,0,'2018-02-05 07:31:15',1),(319,69,294,2,1515882417603,2,'2018-02-05 07:31:15',1),(320,69,297,2,1515882417603,1,'2018-02-05 07:31:15',1),(321,69,295,2,1515882417603,1,'2018-02-05 07:31:15',1),(322,69,296,2,1515882417603,1,'2018-02-05 07:31:15',1),(323,69,298,2,1515882417603,1,'2018-02-05 07:31:15',1),(324,69,299,2,1515882417603,1,'2018-02-05 07:31:15',1),(325,69,300,2,1515882417603,1,'2018-02-05 07:31:15',1),(326,69,301,2,1515882417603,1,'2018-02-05 07:31:15',1),(327,69,302,2,1515882417603,1,'2018-02-05 07:31:15',1),(328,69,304,2,1515882417603,2,'2018-02-05 07:31:15',1),(329,69,303,2,1515882417603,2,'2018-02-05 07:31:15',1),(330,69,305,2,1515882417603,2,'2018-02-05 07:31:15',1),(331,69,307,2,1515882417603,0,'2018-02-05 07:31:15',1),(332,69,306,2,1515882417603,0,'2018-02-05 07:31:15',1),(333,69,308,2,1515882417603,0,'2018-02-05 07:31:15',1),(334,69,309,2,1515882417603,1,'2018-02-05 07:31:15',1),(335,69,311,2,1515882417603,1,'2018-02-05 07:31:15',1),(336,69,312,2,1515882417603,1,'2018-02-05 07:31:15',1),(337,69,310,2,1515882417603,1,'2018-02-05 07:31:15',1),(338,69,313,2,1515882417603,0,'2018-02-05 07:31:15',1),(339,69,314,2,1515882417603,0,'2018-02-05 07:31:15',1),(340,69,315,2,1515882417603,0,'2018-02-05 07:31:15',1),(341,69,316,2,1515882417603,2,'2018-02-05 07:31:15',1),(342,69,317,2,1515882417603,2,'2018-02-05 07:31:15',1),(343,69,318,2,1515882417603,2,'2018-02-05 07:31:15',1),(344,69,319,2,1515882417603,2,'2018-02-05 07:31:15',1),(345,69,320,2,1515882417603,1,'2018-02-05 07:31:15',1),(346,69,321,2,1515882417603,1,'2018-02-05 07:31:15',1),(347,69,322,2,1515882417603,1,'2018-02-05 07:31:15',1),(348,69,323,2,1515882417603,1,'2018-02-05 07:31:15',1),(349,69,324,2,1515882417603,0,'2018-02-05 07:31:15',1),(350,69,325,2,1515882417603,0,'2018-02-05 07:31:15',1),(351,69,327,2,1515882417603,0,'2018-02-05 07:31:15',1),(352,69,326,2,1515882417603,2,'2018-02-05 07:31:15',1),(353,69,328,2,1515882417603,2,'2018-02-05 07:31:15',1),(354,69,330,2,1515882417603,2,'2018-02-05 07:31:15',1),(355,69,329,2,1515882417603,2,'2018-02-05 07:31:15',1),(356,69,331,2,1515882417603,1,'2018-02-05 07:31:15',1),(357,69,332,2,1515882417603,1,'2018-02-05 07:31:15',1),(358,69,333,2,1515882417603,1,'2018-02-05 07:31:15',1),(359,69,334,2,1515882417603,1,'2018-02-05 07:31:15',1),(360,69,335,2,1515882417603,0,'2018-02-05 07:31:15',1),(361,69,336,2,1515882417603,0,'2018-02-05 07:31:15',1),(362,69,337,2,1515882417603,0,'2018-02-05 07:31:15',1),(363,69,338,2,1515882417603,0,'2018-02-05 07:31:15',1),(364,69,339,2,1515882417603,2,'2018-02-05 07:31:15',1),(365,69,340,2,1515882417603,2,'2018-02-05 07:31:15',1),(366,69,341,2,1515882417603,2,'2018-02-05 07:31:15',1),(367,69,342,2,1515882417603,2,'2018-02-05 07:31:15',1),(368,69,343,2,1515882417603,1,'2018-02-05 07:31:15',1),(369,69,345,2,1515882417603,1,'2018-02-05 07:31:15',1),(370,69,344,2,1515882417603,1,'2018-02-05 07:31:15',1),(371,69,346,2,1515882417603,1,'2018-02-05 07:31:15',1),(372,69,348,2,1515882417603,1,'2018-02-05 07:31:15',1),(373,69,347,2,1515882417603,1,'2018-02-05 07:31:15',1),(374,69,349,2,1515882417603,1,'2018-02-05 07:31:15',1),(375,69,350,2,1515882417603,1,'2018-02-05 07:31:15',1),(376,69,352,2,1515882417603,1,'2018-02-05 07:31:15',1),(377,69,351,2,1515882417603,1,'2018-02-05 07:31:15',1),(378,69,353,2,1515882417603,1,'2018-02-05 07:31:15',1),(379,69,355,2,1515882417603,1,'2018-02-05 07:31:15',1),(380,69,354,2,1515882417603,1,'2018-02-05 07:31:15',1),(381,69,357,2,1515882417603,1,'2018-02-05 07:31:15',1),(382,69,356,2,1515882417603,1,'2018-02-05 07:31:15',1),(383,69,358,2,1515882417603,1,'2018-02-05 07:31:15',1),(384,69,359,2,1515882417603,1,'2018-02-05 07:31:15',1),(385,69,360,2,1515882417603,1,'2018-02-05 07:31:15',1),(386,69,361,2,1515882417603,1,'2018-02-05 07:31:15',1),(387,69,362,2,1515882417603,1,'2018-02-05 07:31:15',1),(388,69,363,2,1515882417603,1,'2018-02-05 07:31:15',1),(389,69,364,2,1515882417603,1,'2018-02-05 07:31:15',1),(788,71,267,162,1517546619489,0,'2018-02-05 08:18:11',1),(789,71,268,162,1517546619489,2,'2018-02-05 08:18:11',1),(790,71,269,162,1517546619489,2,'2018-02-05 08:18:11',1),(791,71,270,162,1517546619489,1,'2018-02-05 08:18:11',1),(792,71,271,162,1517546619489,1,'2018-02-05 08:18:11',1),(793,71,273,162,1517546619489,2,'2018-02-05 08:18:11',1),(794,71,272,162,1517546619489,2,'2018-02-05 08:18:11',1),(795,71,367,162,1517546619489,2,'2018-02-05 08:18:11',1),(796,71,274,162,1517546619489,2,'2018-02-05 08:18:11',1),(797,71,275,162,1517546619489,2,'2018-02-05 08:18:11',1),(798,71,276,162,1517546619489,2,'2018-02-05 08:18:11',1),(799,71,277,162,1517546619489,0,'2018-02-05 08:18:11',1),(800,71,278,162,1517546619489,0,'2018-02-05 08:18:11',1),(801,71,279,162,1517546619489,0,'2018-02-05 08:18:11',1),(802,71,281,162,1517546619489,0,'2018-02-05 08:18:11',1),(803,71,280,162,1517546619489,0,'2018-02-05 08:18:11',1),(804,71,282,162,1517546619489,0,'2018-02-05 08:18:11',1),(805,71,283,162,1517546619489,0,'2018-02-05 08:18:11',1),(806,71,284,162,1517546619489,0,'2018-02-05 08:18:11',1),(807,71,286,162,1517546619489,0,'2018-02-05 08:18:11',1),(808,71,285,162,1517546619489,0,'2018-02-05 08:18:11',1),(809,71,287,162,1517546619489,0,'2018-02-05 08:18:11',1),(810,71,289,162,1517546619489,0,'2018-02-05 08:18:11',1),(811,71,288,162,1517546619489,0,'2018-02-05 08:18:11',1),(812,71,290,162,1517546619489,0,'2018-02-05 08:18:11',1),(813,71,291,162,1517546619489,0,'2018-02-05 08:18:11',1),(814,71,292,162,1517546619489,0,'2018-02-05 08:18:11',1),(815,71,293,162,1517546619489,0,'2018-02-05 08:18:11',1),(816,71,294,162,1517546619489,0,'2018-02-05 08:18:11',1),(817,71,297,162,1517546619489,0,'2018-02-05 08:18:11',1),(818,71,295,162,1517546619489,0,'2018-02-05 08:18:11',1),(819,71,296,162,1517546619489,0,'2018-02-05 08:18:11',1),(820,71,298,162,1517546619489,0,'2018-02-05 08:18:11',1),(821,71,299,162,1517546619489,0,'2018-02-05 08:18:11',1),(822,71,300,162,1517546619489,0,'2018-02-05 08:18:11',1),(823,71,301,162,1517546619489,0,'2018-02-05 08:18:11',1),(824,71,302,162,1517546619489,0,'2018-02-05 08:18:11',1),(825,71,304,162,1517546619489,0,'2018-02-05 08:18:11',1),(826,71,303,162,1517546619489,0,'2018-02-05 08:18:11',1),(827,71,305,162,1517546619489,0,'2018-02-05 08:18:11',1),(828,71,307,162,1517546619489,0,'2018-02-05 08:18:11',1),(829,71,306,162,1517546619489,0,'2018-02-05 08:18:11',1),(830,71,308,162,1517546619489,0,'2018-02-05 08:18:11',1),(831,71,309,162,1517546619489,0,'2018-02-05 08:18:11',1),(832,71,311,162,1517546619489,0,'2018-02-05 08:18:11',1),(833,71,312,162,1517546619489,0,'2018-02-05 08:18:11',1),(834,71,310,162,1517546619489,0,'2018-02-05 08:18:11',1),(835,71,313,162,1517546619489,0,'2018-02-05 08:18:11',1),(836,71,314,162,1517546619489,0,'2018-02-05 08:18:11',1),(837,71,315,162,1517546619489,0,'2018-02-05 08:18:11',1),(838,71,316,162,1517546619489,0,'2018-02-05 08:18:11',1),(839,71,317,162,1517546619489,0,'2018-02-05 08:18:11',1),(840,71,318,162,1517546619489,0,'2018-02-05 08:18:11',1),(841,71,319,162,1517546619489,0,'2018-02-05 08:18:11',1),(842,71,320,162,1517546619489,0,'2018-02-05 08:18:11',1),(843,71,321,162,1517546619489,0,'2018-02-05 08:18:11',1),(844,71,322,162,1517546619489,0,'2018-02-05 08:18:11',1),(845,71,323,162,1517546619489,0,'2018-02-05 08:18:11',1),(846,71,324,162,1517546619489,0,'2018-02-05 08:18:11',1),(847,71,325,162,1517546619489,0,'2018-02-05 08:18:11',1),(848,71,327,162,1517546619489,0,'2018-02-05 08:18:11',1),(849,71,326,162,1517546619489,0,'2018-02-05 08:18:11',1),(850,71,328,162,1517546619489,0,'2018-02-05 08:18:11',1),(851,71,330,162,1517546619489,1,'2018-02-05 08:18:11',1),(852,71,329,162,1517546619489,1,'2018-02-05 08:18:11',1),(853,71,331,162,1517546619489,1,'2018-02-05 08:18:11',1),(854,71,332,162,1517546619489,1,'2018-02-05 08:18:11',1),(855,71,333,162,1517546619489,1,'2018-02-05 08:18:11',1),(856,71,334,162,1517546619489,1,'2018-02-05 08:18:11',1),(857,71,335,162,1517546619489,1,'2018-02-05 08:18:11',1),(858,71,336,162,1517546619489,1,'2018-02-05 08:18:11',1),(859,71,337,162,1517546619489,1,'2018-02-05 08:18:11',1),(860,71,338,162,1517546619489,1,'2018-02-05 08:18:11',1),(861,71,339,162,1517546619489,1,'2018-02-05 08:18:11',1),(862,71,340,162,1517546619489,1,'2018-02-05 08:18:11',1),(863,71,341,162,1517546619489,1,'2018-02-05 08:18:11',1),(864,71,342,162,1517546619489,1,'2018-02-05 08:18:11',1),(865,71,343,162,1517546619489,1,'2018-02-05 08:18:11',1),(866,71,345,162,1517546619489,1,'2018-02-05 08:18:11',1),(867,71,344,162,1517546619489,1,'2018-02-05 08:18:11',1),(868,71,346,162,1517546619489,1,'2018-02-05 08:18:11',1),(869,71,348,162,1517546619489,1,'2018-02-05 08:18:11',1),(870,71,347,162,1517546619489,1,'2018-02-05 08:18:11',1),(871,71,349,162,1517546619489,1,'2018-02-05 08:18:11',1),(872,71,350,162,1517546619489,1,'2018-02-05 08:18:11',1),(873,71,352,162,1517546619489,1,'2018-02-05 08:18:11',1),(874,71,351,162,1517546619489,1,'2018-02-05 08:18:11',1),(875,71,353,162,1517546619489,1,'2018-02-05 08:18:11',1),(876,71,355,162,1517546619489,1,'2018-02-05 08:18:11',1),(877,71,354,162,1517546619489,1,'2018-02-05 08:18:11',1),(878,71,357,162,1517546619489,1,'2018-02-05 08:18:11',1),(879,71,356,162,1517546619489,1,'2018-02-05 08:18:11',1),(880,71,358,162,1517546619489,1,'2018-02-05 08:18:11',1),(881,71,359,162,1517546619489,1,'2018-02-05 08:18:11',1),(882,71,360,162,1517546619489,1,'2018-02-05 08:18:11',1),(883,71,361,162,1517546619489,1,'2018-02-05 08:18:11',1),(884,71,362,162,1517546619489,1,'2018-02-05 08:18:11',1),(885,71,363,162,1517546619489,1,'2018-02-05 08:18:11',1),(886,71,364,162,1517546619489,1,'2018-02-05 08:18:11',1),(887,92,6,162,1517546619489,1,'2018-02-28 04:28:06',1),(888,92,10,162,1517546619489,2,'2018-02-28 04:28:06',1),(889,92,13,162,1517546619489,0,'2018-02-28 04:28:06',1),(890,92,7,162,1517546619489,1,'2018-02-28 04:28:06',1),(891,92,12,162,1517546619489,2,'2018-02-28 04:28:06',1),(892,92,14,162,1517546619489,1,'2018-02-28 04:28:06',1),(893,92,9,162,1517546619489,1,'2018-02-28 04:28:06',1),(894,92,11,162,1517546619489,2,'2018-02-28 04:28:06',1),(1002,72,6,1,1518168527210,1,'2018-02-09 10:29:36',1),(1003,72,10,1,1518168527210,1,'2018-02-09 10:29:36',1),(1004,72,13,1,1518168527210,1,'2018-02-09 10:29:36',1),(1005,72,7,1,1518168527210,1,'2018-02-09 10:29:36',1),(1006,72,12,1,1518168527210,1,'2018-02-09 10:29:36',1),(1007,72,14,1,1518168527210,1,'2018-02-09 10:29:36',1),(1008,72,9,1,1518168527210,1,'2018-02-09 10:29:36',1),(1009,72,11,1,1518168527210,0,'2018-02-09 10:29:36',1),(1010,73,8,1,1518438664077,0,'2018-02-12 14:51:41',1),(1011,73,6,1,1518438664077,1,'2018-02-12 14:51:41',1),(1012,73,10,1,1518438664077,2,'2018-02-12 14:51:41',1),(1013,73,13,1,1518438664077,1,'2018-02-12 14:51:41',1),(1014,73,7,1,1518438664077,1,'2018-02-12 14:51:41',1),(1015,73,12,1,1518438664077,0,'2018-02-12 14:51:41',1),(1016,73,14,1,1518438664077,1,'2018-02-12 14:51:41',1),(1017,73,9,1,1518438664077,1,'2018-02-12 14:51:41',1),(1018,73,11,1,1518438664077,1,'2018-02-12 14:51:41',1),(1019,74,8,1,1518519268283,0,'2018-02-13 11:55:43',1),(1020,74,6,1,1518519268283,1,'2018-02-13 11:55:43',1),(1021,74,10,1,1518519268283,1,'2018-02-13 11:55:43',1),(1022,74,13,1,1518519268283,1,'2018-02-13 11:55:43',1),(1023,74,7,1,1518519268283,1,'2018-02-13 11:55:43',1),(1024,74,12,1,1518519268283,1,'2018-02-13 11:55:43',1),(1025,74,14,1,1518519268283,1,'2018-02-13 11:55:43',1),(1026,74,9,1,1518519268283,1,'2018-02-13 11:55:43',1),(1027,74,11,1,1518519268283,1,'2018-02-13 11:55:43',1),(1028,75,6,1,1518694999121,1,'2018-02-15 13:19:02',1),(1029,75,10,1,1518694999121,1,'2018-02-15 13:19:02',1),(1030,75,13,1,1518694999121,1,'2018-02-15 13:19:02',1),(1031,75,7,1,1518694999121,1,'2018-02-15 13:19:02',1),(1032,75,12,1,1518694999121,1,'2018-02-15 13:19:02',1),(1033,75,14,1,1518694999121,1,'2018-02-15 13:19:02',1),(1034,75,9,1,1518694999121,1,'2018-02-15 13:19:02',1),(1035,75,11,1,1518694999121,1,'2018-02-15 13:19:02',1),(1036,75,40,1,1518694999121,1,'2018-02-15 13:19:02',1),(1037,75,41,1,1518694999121,1,'2018-02-15 13:19:02',1),(1038,75,42,1,1518694999121,1,'2018-02-15 13:19:02',1),(1039,75,43,1,1518694999121,1,'2018-02-15 13:19:02',1),(1040,75,44,1,1518694999121,1,'2018-02-15 13:19:02',1),(1041,75,45,1,1518694999121,1,'2018-02-15 13:19:02',1),(1042,75,46,1,1518694999121,1,'2018-02-15 13:19:02',1),(1043,75,47,1,1518694999121,1,'2018-02-15 13:19:02',1),(1044,75,48,1,1518694999121,1,'2018-02-15 13:19:02',1),(1045,75,49,1,1518694999121,1,'2018-02-15 13:19:02',1),(1046,75,50,1,1518694999121,1,'2018-02-15 13:19:02',1),(1047,75,51,1,1518694999121,1,'2018-02-15 13:19:02',1),(1048,75,52,1,1518694999121,1,'2018-02-15 13:19:02',1),(1049,75,53,1,1518694999121,1,'2018-02-15 13:19:02',1),(1050,75,54,1,1518694999121,1,'2018-02-15 13:19:02',1),(1051,75,55,1,1518694999121,1,'2018-02-15 13:19:02',1),(1052,75,56,1,1518694999121,1,'2018-02-15 13:19:02',1),(1053,75,57,1,1518694999121,1,'2018-02-15 13:19:02',1),(1054,75,58,1,1518694999121,1,'2018-02-15 13:19:02',1),(1055,75,59,1,1518694999121,1,'2018-02-15 13:19:02',1),(1056,75,60,1,1518694999121,1,'2018-02-15 13:19:02',1),(1057,75,61,1,1518694999121,1,'2018-02-15 13:19:02',1),(1058,78,6,2,1519026635499,1,'2018-02-20 07:09:32',1),(1059,78,10,2,1519026635499,1,'2018-02-20 07:09:32',1),(1060,78,13,2,1519026635499,1,'2018-02-20 07:09:32',1),(1061,78,7,2,1519026635499,1,'2018-02-20 07:09:32',1),(1062,78,12,2,1519026635499,1,'2018-02-20 07:09:32',1),(1063,78,14,2,1519026635499,1,'2018-02-20 07:09:32',1),(1064,78,9,2,1519026635499,1,'2018-02-20 07:09:32',1),(1065,78,11,2,1519026635499,1,'2018-02-20 07:09:32',1),(1066,77,267,2,1519026635489,1,'2018-02-20 06:54:04',1),(1067,77,268,2,1519026635489,2,'2018-02-20 06:54:04',1),(1068,77,269,2,1519026635489,0,'2018-02-20 06:54:04',1),(1069,77,270,2,1519026635489,1,'2018-02-20 06:54:04',1),(1070,77,271,2,1519026635489,2,'2018-02-20 06:54:04',1),(1071,77,272,2,1519026635489,0,'2018-02-20 06:54:04',1),(1072,77,273,2,1519026635489,2,'2018-02-20 06:54:04',1),(1073,77,367,2,1519026635489,1,'2018-02-20 06:54:04',1),(1074,77,274,2,1519026635489,2,'2018-02-20 06:54:04',1),(1075,77,275,2,1519026635489,0,'2018-02-20 06:54:04',1),(1076,77,276,2,1519026635489,2,'2018-02-20 06:54:04',1),(1077,77,277,2,1519026635489,1,'2018-02-20 06:54:04',1),(1078,77,279,2,1519026635489,2,'2018-02-20 06:54:04',1),(1079,77,278,2,1519026635489,0,'2018-02-20 06:54:04',1),(1080,77,281,2,1519026635489,2,'2018-02-20 06:54:04',1),(1081,77,280,2,1519026635489,1,'2018-02-20 06:54:04',1),(1082,77,282,2,1519026635489,2,'2018-02-20 06:54:04',1),(1083,77,283,2,1519026635489,0,'2018-02-20 06:54:04',1),(1084,77,284,2,1519026635489,2,'2018-02-20 06:54:04',1),(1085,77,285,2,1519026635489,1,'2018-02-20 06:54:04',1),(1086,77,286,2,1519026635489,2,'2018-02-20 06:54:04',1),(1087,77,287,2,1519026635489,0,'2018-02-20 06:54:04',1),(1088,77,288,2,1519026635489,2,'2018-02-20 06:54:04',1),(1089,77,289,2,1519026635489,1,'2018-02-20 06:54:04',1),(1090,77,290,2,1519026635489,2,'2018-02-20 06:54:04',1),(1091,77,291,2,1519026635489,0,'2018-02-20 06:54:04',1),(1092,77,292,2,1519026635489,2,'2018-02-20 06:54:04',1),(1093,77,293,2,1519026635489,1,'2018-02-20 06:54:04',1),(1094,77,294,2,1519026635489,2,'2018-02-20 06:54:04',1),(1095,77,297,2,1519026635489,0,'2018-02-20 06:54:04',1),(1096,77,295,2,1519026635489,2,'2018-02-20 06:54:04',1),(1097,77,296,2,1519026635489,1,'2018-02-20 06:54:04',1),(1098,77,298,2,1519026635489,2,'2018-02-20 06:54:04',1),(1099,77,299,2,1519026635489,0,'2018-02-20 06:54:04',1),(1100,77,300,2,1519026635489,2,'2018-02-20 06:54:04',1),(1101,77,301,2,1519026635489,1,'2018-02-20 06:54:04',1),(1102,77,302,2,1519026635489,2,'2018-02-20 06:54:04',1),(1103,77,304,2,1519026635489,0,'2018-02-20 06:54:04',1),(1104,77,303,2,1519026635489,2,'2018-02-20 06:54:04',1),(1105,77,305,2,1519026635489,1,'2018-02-20 06:54:04',1),(1106,77,306,2,1519026635489,0,'2018-02-20 06:54:04',1),(1107,77,307,2,1519026635489,2,'2018-02-20 06:54:04',1),(1108,77,308,2,1519026635489,1,'2018-02-20 06:54:04',1),(1109,77,309,2,1519026635489,2,'2018-02-20 06:54:04',1),(1110,77,312,2,1519026635489,0,'2018-02-20 06:54:04',1),(1111,77,310,2,1519026635489,2,'2018-02-20 06:54:04',1),(1112,77,311,2,1519026635489,1,'2018-02-20 06:54:04',1),(1113,77,313,2,1519026635489,0,'2018-02-20 06:54:04',1),(1114,77,314,2,1519026635489,1,'2018-02-20 06:54:04',1),(1115,77,315,2,1519026635489,2,'2018-02-20 06:54:04',1),(1116,77,316,2,1519026635489,0,'2018-02-20 06:54:04',1),(1117,77,317,2,1519026635489,2,'2018-02-20 06:54:04',1),(1118,77,318,2,1519026635489,1,'2018-02-20 06:54:04',1),(1119,77,319,2,1519026635489,2,'2018-02-20 06:54:04',1),(1120,77,321,2,1519026635489,1,'2018-02-20 06:54:04',1),(1121,77,320,2,1519026635489,0,'2018-02-20 06:54:04',1),(1122,77,323,2,1519026635489,1,'2018-02-20 06:54:04',1),(1123,77,322,2,1519026635489,2,'2018-02-20 06:54:04',1),(1124,77,324,2,1519026635489,0,'2018-02-20 06:54:04',1),(1125,77,325,2,1519026635489,2,'2018-02-20 06:54:04',1),(1126,77,326,2,1519026635489,1,'2018-02-20 06:54:04',1),(1127,77,327,2,1519026635489,2,'2018-02-20 06:54:04',1),(1128,77,328,2,1519026635489,0,'2018-02-20 06:54:04',1),(1129,77,330,2,1519026635489,2,'2018-02-20 06:54:04',1),(1130,77,329,2,1519026635489,1,'2018-02-20 06:54:04',1),(1131,77,331,2,1519026635489,2,'2018-02-20 06:54:04',1),(1132,77,332,2,1519026635489,0,'2018-02-20 06:54:04',1),(1133,77,333,2,1519026635489,2,'2018-02-20 06:54:04',1),(1134,77,334,2,1519026635489,1,'2018-02-20 06:54:04',1),(1135,77,335,2,1519026635489,2,'2018-02-20 06:54:04',1),(1136,77,336,2,1519026635489,0,'2018-02-20 06:54:04',1),(1137,77,337,2,1519026635489,2,'2018-02-20 06:54:04',1),(1138,77,338,2,1519026635489,1,'2018-02-20 06:54:04',1),(1139,77,339,2,1519026635489,2,'2018-02-20 06:54:04',1),(1140,77,340,2,1519026635489,0,'2018-02-20 06:54:04',1),(1141,77,341,2,1519026635489,2,'2018-02-20 06:54:04',1),(1142,77,342,2,1519026635489,1,'2018-02-20 06:54:04',1),(1143,77,343,2,1519026635489,2,'2018-02-20 06:54:04',1),(1144,77,345,2,1519026635489,0,'2018-02-20 06:54:04',1),(1145,77,344,2,1519026635489,2,'2018-02-20 06:54:04',1),(1146,77,346,2,1519026635489,1,'2018-02-20 06:54:04',1),(1147,77,348,2,1519026635489,2,'2018-02-20 06:54:04',1),(1148,77,347,2,1519026635489,0,'2018-02-20 06:54:04',1),(1149,77,349,2,1519026635489,2,'2018-02-20 06:54:04',1),(1150,77,350,2,1519026635489,1,'2018-02-20 06:54:04',1),(1151,77,352,2,1519026635489,2,'2018-02-20 06:54:04',1),(1152,77,351,2,1519026635489,0,'2018-02-20 06:54:04',1),(1153,77,353,2,1519026635489,2,'2018-02-20 06:54:04',1),(1154,77,354,2,1519026635489,1,'2018-02-20 06:54:04',1),(1155,77,355,2,1519026635489,2,'2018-02-20 06:54:04',1),(1156,77,356,2,1519026635489,0,'2018-02-20 06:54:04',1),(1157,77,357,2,1519026635489,2,'2018-02-20 06:54:04',1),(1158,77,358,2,1519026635489,1,'2018-02-20 06:54:04',1),(1159,77,359,2,1519026635489,2,'2018-02-20 06:54:04',1),(1160,77,360,2,1519026635489,0,'2018-02-20 06:54:04',1),(1161,77,361,2,1519026635489,2,'2018-02-20 06:54:04',1),(1162,77,362,2,1519026635489,1,'2018-02-20 06:54:04',1),(1163,77,363,2,1519026635489,2,'2018-02-20 06:54:04',1),(1164,77,364,2,1519026635489,0,'2018-02-20 06:54:04',1),(1173,80,267,2,1519026635491,1,'2018-02-21 05:46:50',1),(1176,80,268,2,1519026635491,1,'2018-02-21 05:46:50',1),(1177,80,269,2,1519026635491,1,'2018-02-21 05:46:50',1),(1178,80,270,2,1519026635491,1,'2018-02-21 05:46:50',1),(1179,80,271,2,1519026635491,1,'2018-02-21 05:46:50',1),(1180,80,272,2,1519026635491,1,'2018-02-21 05:46:50',1),(1181,80,273,2,1519026635491,1,'2018-02-21 05:46:50',1),(1182,80,367,2,1519026635491,1,'2018-02-21 05:46:50',1),(1183,80,274,2,1519026635491,1,'2018-02-21 05:46:50',1),(1184,80,275,2,1519026635491,1,'2018-02-21 05:46:50',1),(1185,80,276,2,1519026635491,2,'2018-02-21 05:46:50',1),(1186,80,277,2,1519026635491,2,'2018-02-21 05:46:50',1),(1187,80,279,2,1519026635491,2,'2018-02-21 05:46:50',1),(1188,80,278,2,1519026635491,2,'2018-02-21 05:46:50',1),(1189,80,281,2,1519026635491,2,'2018-02-21 05:46:50',1),(1190,80,280,2,1519026635491,0,'2018-02-21 05:46:50',1),(1191,80,282,2,1519026635491,0,'2018-02-21 05:46:50',1),(1192,80,283,2,1519026635491,0,'2018-02-21 05:46:50',1),(1193,80,284,2,1519026635491,0,'2018-02-21 05:46:50',1),(1194,80,285,2,1519026635491,0,'2018-02-21 05:46:50',1),(1195,80,286,2,1519026635491,0,'2018-02-21 05:46:50',1),(1196,80,287,2,1519026635491,1,'2018-02-21 05:46:50',1),(1197,80,288,2,1519026635491,1,'2018-02-21 05:46:50',1),(1198,80,289,2,1519026635491,1,'2018-02-21 05:46:50',1),(1202,80,290,2,1519026635491,1,'2018-02-21 05:46:50',1),(1203,80,291,2,1519026635491,2,'2018-02-21 05:46:50',1),(1204,80,292,2,1519026635491,2,'2018-02-21 05:46:50',1),(1207,80,293,2,1519026635491,2,'2018-02-21 05:46:50',1),(1208,80,294,2,1519026635491,2,'2018-02-21 05:46:50',1),(1209,80,297,2,1519026635491,2,'2018-02-21 05:46:50',1),(1210,80,295,2,1519026635491,0,'2018-02-21 05:46:50',1),(1211,80,296,2,1519026635491,0,'2018-02-21 05:46:50',1),(1212,80,298,2,1519026635491,0,'2018-02-21 05:46:50',1),(1213,80,299,2,1519026635491,0,'2018-02-21 05:46:50',1),(1214,80,300,2,1519026635491,0,'2018-02-21 05:46:50',1),(1215,80,301,2,1519026635491,2,'2018-02-21 05:46:50',1),(1216,80,302,2,1519026635491,2,'2018-02-21 05:46:50',1),(1217,80,304,2,1519026635491,2,'2018-02-21 05:46:50',1),(1218,80,303,2,1519026635491,2,'2018-02-21 05:46:50',1),(1219,80,305,2,1519026635491,2,'2018-02-21 05:46:50',1),(1220,80,306,2,1519026635491,1,'2018-02-21 05:46:50',1),(1221,80,307,2,1519026635491,1,'2018-02-21 05:46:50',1),(1222,80,308,2,1519026635491,1,'2018-02-21 05:46:50',1),(1223,80,309,2,1519026635491,1,'2018-02-21 05:46:50',1),(1224,80,312,2,1519026635491,1,'2018-02-21 05:46:50',1),(1225,80,310,2,1519026635491,1,'2018-02-21 05:46:50',1),(1226,80,311,2,1519026635491,1,'2018-02-21 05:46:50',1),(1227,80,313,2,1519026635491,2,'2018-02-21 05:46:50',1),(1228,80,314,2,1519026635491,2,'2018-02-21 05:46:50',1),(1229,80,315,2,1519026635491,2,'2018-02-21 05:46:50',1),(1230,80,316,2,1519026635491,2,'2018-02-21 05:46:50',1),(1231,80,317,2,1519026635491,2,'2018-02-21 05:46:50',1),(1232,80,318,2,1519026635491,2,'2018-02-21 05:46:50',1),(1233,80,319,2,1519026635491,0,'2018-02-21 05:46:50',1),(1234,80,321,2,1519026635491,0,'2018-02-21 05:46:50',1),(1235,80,320,2,1519026635491,0,'2018-02-21 05:46:50',1),(1236,80,323,2,1519026635491,0,'2018-02-21 05:46:50',1),(1237,80,322,2,1519026635491,0,'2018-02-21 05:46:50',1),(1238,80,324,2,1519026635491,0,'2018-02-21 05:46:50',1),(1239,80,325,2,1519026635491,0,'2018-02-21 05:46:50',1),(1240,80,326,2,1519026635491,0,'2018-02-21 05:46:50',1),(1241,80,327,2,1519026635491,0,'2018-02-21 05:46:50',1),(1242,80,328,2,1519026635491,0,'2018-02-21 05:46:50',1),(1243,80,330,2,1519026635491,0,'2018-02-21 05:46:50',1),(1244,80,329,2,1519026635491,0,'2018-02-21 05:46:50',1),(1245,80,331,2,1519026635491,0,'2018-02-21 05:46:50',1),(1246,80,332,2,1519026635491,0,'2018-02-21 05:46:50',1),(1247,80,333,2,1519026635491,0,'2018-02-21 05:46:50',1),(1248,80,334,2,1519026635491,0,'2018-02-21 05:46:50',1),(1249,80,335,2,1519026635491,0,'2018-02-21 05:46:50',1),(1250,80,336,2,1519026635491,0,'2018-02-21 05:46:50',1),(1251,80,337,2,1519026635491,0,'2018-02-21 05:46:50',1),(1252,80,338,2,1519026635491,0,'2018-02-21 05:46:50',1),(1253,80,339,2,1519026635491,0,'2018-02-21 05:46:50',1),(1254,80,340,2,1519026635491,0,'2018-02-21 05:46:50',1),(1255,80,341,2,1519026635491,0,'2018-02-21 05:46:50',1),(1256,80,342,2,1519026635491,1,'2018-02-21 05:46:50',1),(1257,80,343,2,1519026635491,1,'2018-02-21 05:46:50',1),(1258,80,345,2,1519026635491,1,'2018-02-21 05:46:50',1),(1259,80,344,2,1519026635491,1,'2018-02-21 05:46:50',1),(1260,80,346,2,1519026635491,1,'2018-02-21 05:46:50',1),(1261,80,348,2,1519026635491,1,'2018-02-21 05:46:50',1),(1262,80,347,2,1519026635491,1,'2018-02-21 05:46:50',1),(1263,80,349,2,1519026635491,1,'2018-02-21 05:46:50',1),(1264,80,350,2,1519026635491,1,'2018-02-21 05:46:50',1),(1265,80,352,2,1519026635491,1,'2018-02-21 05:46:50',1),(1266,80,351,2,1519026635491,1,'2018-02-21 05:46:50',1),(1267,80,353,2,1519026635491,1,'2018-02-21 05:46:50',1),(1268,80,354,2,1519026635491,2,'2018-02-21 05:46:50',1),(1269,80,355,2,1519026635491,2,'2018-02-21 05:46:50',1),(1270,80,356,2,1519026635491,2,'2018-02-21 05:46:50',1),(1271,80,357,2,1519026635491,2,'2018-02-21 05:46:50',1),(1272,80,358,2,1519026635491,2,'2018-02-21 05:46:50',1),(1273,80,359,2,1519026635491,2,'2018-02-21 05:46:50',1),(1274,80,360,2,1519026635491,2,'2018-02-21 05:46:50',1),(1275,80,361,2,1519026635491,2,'2018-02-21 05:46:50',1),(1276,80,362,2,1519026635491,2,'2018-02-21 05:46:50',1),(1277,80,363,2,1519026635491,2,'2018-02-21 05:46:50',1),(1278,80,364,2,1519026635491,2,'2018-02-21 05:46:50',1),(1378,89,6,2,1519026635501,1,'2018-02-21 22:42:38',1),(1379,89,10,2,1519026635501,1,'2018-02-21 22:42:38',1),(1380,89,13,2,1519026635501,2,'2018-02-21 22:42:38',1),(1381,89,7,2,1519026635501,0,'2018-02-21 22:42:38',1),(1382,89,12,2,1519026635501,2,'2018-02-21 22:42:38',1),(1383,89,14,2,1519026635501,1,'2018-02-21 22:42:38',1),(1384,89,9,2,1519026635501,2,'2018-02-21 22:42:38',1),(1385,89,11,2,1519026635501,1,'2018-02-21 22:42:38',1),(1426,87,8,1,1519026635501,0,'2018-02-21 14:53:14',1),(1452,90,6,1,1519408796118,1,'2018-02-23 19:02:07',1),(1453,90,10,1,1519408796118,1,'2018-02-23 19:02:07',1),(1454,90,13,1,1519408796118,1,'2018-02-23 19:02:07',1),(1459,90,7,1,1519408796118,1,'2018-02-23 19:02:07',1),(1460,90,12,1,1519408796118,1,'2018-02-23 19:02:07',1),(1461,90,14,1,1519408796118,1,'2018-02-23 19:02:07',1),(1462,90,9,1,1519408796118,1,'2018-02-23 19:02:07',1),(1465,90,11,1,1519408796118,1,'2018-02-23 19:02:07',1),(1466,91,6,2,1519645578615,1,'2018-02-26 12:50:35',1),(1467,91,10,2,1519645578615,1,'2018-02-26 12:50:35',1),(1468,91,13,2,1519645578615,1,'2018-02-26 12:50:35',1),(1469,91,7,2,1519645578615,1,'2018-02-26 12:50:35',1),(1470,91,12,2,1519645578615,2,'2018-02-26 12:50:35',1),(1471,91,14,2,1519645578615,0,'2018-02-26 12:50:35',1),(1472,91,9,2,1519645578615,1,'2018-02-26 12:50:35',1),(1473,91,11,2,1519645578615,2,'2018-02-26 12:50:35',1),(1482,97,6,1,1519788524277,1,'2018-02-28 11:45:21',1),(1483,97,10,1,1519788524277,1,'2018-02-28 11:45:21',1),(1484,97,13,1,1519788524277,1,'2018-02-28 11:45:21',1),(1485,97,7,1,1519788524277,1,'2018-02-28 11:45:21',1),(1486,97,12,1,1519788524277,1,'2018-02-28 11:45:21',1),(1487,97,14,1,1519788524277,1,'2018-02-28 11:45:21',1),(1488,97,9,1,1519788524277,1,'2018-02-28 11:45:21',1),(1489,97,11,1,1519788524277,1,'2018-02-28 11:45:21',1),(1498,95,8,162,1519789363872,1,'2018-02-28 04:44:38',1),(1499,95,10,162,1519789363872,2,'2018-02-28 04:44:38',1),(1500,95,13,162,1519789363872,0,'2018-02-28 04:44:38',1),(1501,95,12,162,1519789363872,1,'2018-02-28 04:44:38',1),(1502,95,14,162,1519789363872,2,'2018-02-28 04:44:38',1),(1503,96,0,2,1514911566500,0,'2018-02-28 11:30:30',1),(1511,97,8,1,1519788524277,0,'2018-02-28 11:45:21',1),(1520,98,8,1,1519789363871,0,'2018-02-28 16:00:53',1),(1521,98,6,1,1519789363871,1,'2018-02-28 16:00:53',1),(1522,98,10,1,1519789363871,1,'2018-02-28 16:00:53',1),(1523,98,13,1,1519789363871,1,'2018-02-28 16:00:53',1),(1524,98,7,1,1519789363871,2,'2018-02-28 16:00:53',1),(1525,98,12,1,1519789363871,1,'2018-02-28 16:00:53',1),(1526,98,14,1,1519789363871,1,'2018-02-28 16:00:53',1),(1527,98,9,1,1519789363871,1,'2018-02-28 16:00:53',1),(1528,98,11,1,1519789363871,1,'2018-02-28 16:00:53',1),(1553,106,8,1,1520240174982,0,'2018-03-05 16:19:00',1),(1554,106,6,1,1520240174982,1,'2018-03-05 16:19:00',1),(1555,106,10,1,1520240174982,1,'2018-03-05 16:19:00',1),(1556,106,13,1,1520240174982,1,'2018-03-05 16:19:00',1),(1557,106,7,1,1520240174982,1,'2018-03-05 16:19:00',1),(1558,106,12,1,1520240174982,1,'2018-03-05 16:19:00',1),(1559,106,14,1,1520240174982,1,'2018-03-05 16:19:00',1),(1560,106,9,1,1520240174982,1,'2018-03-05 16:19:00',1),(1561,106,11,1,1520240174982,1,'2018-03-05 16:19:00',1),(1562,105,10,162,1520248000592,1,'2018-03-05 12:12:00',1),(1563,105,13,162,1520248000592,1,'2018-03-05 12:12:00',1),(1564,105,12,162,1520248000592,0,'2018-03-05 12:12:00',1),(1565,105,14,162,1520248000592,2,'2018-03-05 12:12:00',1),(1583,144,6,162,1520304476014,0,'2018-03-06 08:59:22',1),(1584,144,10,162,1520304476014,0,'2018-03-06 08:59:22',1),(1585,144,13,162,1520304476014,0,'2018-03-06 08:59:22',1),(1586,144,7,162,1520304476014,0,'2018-03-06 08:59:22',1),(1587,144,12,162,1520304476014,0,'2018-03-06 08:59:22',1),(1588,144,14,162,1520304476014,0,'2018-03-06 08:59:22',1),(1589,144,9,162,1520304476014,0,'2018-03-06 08:59:22',1),(1590,144,11,162,1520304476014,0,'2018-03-06 08:59:22',1),(1887,145,6,162,1520323330899,0,'2018-03-06 09:03:18',1),(1888,145,10,162,1520323330899,0,'2018-03-06 09:03:18',1),(1889,145,13,162,1520323330899,0,'2018-03-06 09:03:18',1),(1890,145,7,162,1520323330899,0,'2018-03-06 09:03:18',1),(1891,145,12,162,1520323330899,0,'2018-03-06 09:03:18',1),(1892,145,14,162,1520323330899,0,'2018-03-06 09:03:18',1),(1893,145,9,162,1520323330899,0,'2018-03-06 09:03:18',1),(1894,145,11,162,1520323330899,0,'2018-03-06 09:03:18',1),(1895,146,8,1,1520328513415,0,'2018-03-06 10:29:45',1),(1896,146,6,1,1520328513415,1,'2018-03-06 10:29:45',1),(1897,146,10,1,1520328513415,1,'2018-03-06 10:29:45',1),(1898,146,13,1,1520328513415,1,'2018-03-06 10:29:45',1),(1899,146,7,1,1520328513415,2,'2018-03-06 10:29:45',1),(1900,146,12,1,1520328513415,1,'2018-03-06 10:29:45',1),(1901,146,14,1,1520328513415,1,'2018-03-06 10:29:45',1),(1902,146,9,1,1520328513415,1,'2018-03-06 10:29:45',1),(1903,146,11,1,1520328513415,1,'2018-03-06 10:29:45',1),(1912,148,8,1,1520436944795,0,'2018-03-07 16:37:21',1),(1913,148,6,1,1520436944795,1,'2018-03-07 16:37:21',1),(1914,148,10,1,1520436944795,1,'2018-03-07 16:37:21',1),(1915,148,13,1,1520436944795,2,'2018-03-07 16:37:21',1),(1916,148,7,1,1520436944795,1,'2018-03-07 16:37:21',1),(1917,148,12,1,1520436944795,1,'2018-03-07 16:37:21',1),(1918,148,14,1,1520436944795,1,'2018-03-07 16:37:21',1),(1919,148,9,1,1520436944795,1,'2018-03-07 16:37:21',1),(1920,148,11,1,1520436944795,1,'2018-03-07 16:37:21',1),(1921,149,8,1,1520501631682,0,'2018-03-08 10:41:32',1),(1922,149,6,1,1520501631682,1,'2018-03-08 10:41:32',1),(1923,149,10,1,1520501631682,2,'2018-03-08 10:41:32',1),(1924,149,13,1,1520501631682,1,'2018-03-08 10:41:32',1),(1925,149,7,1,1520501631682,1,'2018-03-08 10:41:32',1),(1926,149,12,1,1520501631682,1,'2018-03-08 10:41:32',1),(1927,149,14,1,1520501631682,1,'2018-03-08 10:41:32',1),(1928,149,9,1,1520501631682,1,'2018-03-08 10:41:32',1),(1929,149,11,1,1520501631682,1,'2018-03-08 10:41:32',1),(1930,150,6,162,1520580537505,1,'2018-03-09 08:31:04',1),(1931,150,10,162,1520580537505,0,'2018-03-09 08:31:04',1),(1932,150,13,162,1520580537505,0,'2018-03-09 08:31:04',1),(1933,150,7,162,1520580537505,0,'2018-03-09 08:31:04',1),(1934,150,12,162,1520580537505,0,'2018-03-09 08:31:04',1),(1935,150,14,162,1520580537505,0,'2018-03-09 08:31:04',1),(1936,150,9,162,1520580537505,0,'2018-03-09 08:31:04',1),(1937,150,11,162,1520580537505,1,'2018-03-09 08:31:04',1),(1938,151,8,1,1520582465726,0,'2018-03-09 10:50:54',1),(1939,151,6,1,1520582465726,1,'2018-03-09 10:50:54',1),(1940,151,10,1,1520582465726,2,'2018-03-09 10:50:54',1),(1941,151,13,1,1520582465726,1,'2018-03-09 10:50:54',1),(1942,151,7,1,1520582465726,1,'2018-03-09 10:50:54',1),(1943,151,12,1,1520582465726,1,'2018-03-09 10:50:54',1),(1944,151,14,1,1520582465726,1,'2018-03-09 10:50:54',1),(1945,151,9,1,1520582465726,1,'2018-03-09 10:50:54',1),(1946,151,11,1,1520582465726,1,'2018-03-09 10:50:54',1),(1947,152,8,1,1520605941053,0,'2018-03-09 16:27:26',1),(1948,152,6,1,1520605941053,1,'2018-03-09 16:27:26',1),(1949,152,10,1,1520605941053,1,'2018-03-09 16:27:26',1),(1950,152,13,1,1520605941053,1,'2018-03-09 16:27:26',1),(1951,152,7,1,1520605941053,1,'2018-03-09 16:27:26',1),(1952,152,12,1,1520605941053,2,'2018-03-09 16:27:26',1),(1953,152,14,1,1520605941053,1,'2018-03-09 16:27:26',1),(1954,152,9,1,1520605941053,1,'2018-03-09 16:27:26',1),(1955,152,11,1,1520605941053,1,'2018-03-09 16:27:26',1),(1956,154,8,1,1520848071167,1,'2018-03-12 14:21:35',1),(1957,154,6,1,1520848071167,1,'2018-03-12 14:21:35',1),(1958,154,10,1,1520848071167,2,'2018-03-12 14:21:35',1),(1959,154,13,1,1520848071167,1,'2018-03-12 14:21:35',1),(1960,154,7,1,1520848071167,1,'2018-03-12 14:21:35',1),(1961,154,12,1,1520848071167,1,'2018-03-12 14:21:35',1),(1962,154,14,1,1520848071167,1,'2018-03-12 14:21:35',1),(1963,154,9,1,1520848071167,1,'2018-03-12 14:21:35',1),(1964,154,11,1,1520848071167,1,'2018-03-12 14:21:35',1),(1974,155,8,1,1520860794627,0,'2018-03-12 18:01:10',1),(1975,155,6,1,1520860794627,1,'2018-03-12 18:01:10',1),(1976,155,10,1,1520860794627,1,'2018-03-12 18:01:10',1),(1977,155,13,1,1520860794627,1,'2018-03-12 18:01:10',1),(1978,155,7,1,1520860794627,2,'2018-03-12 18:01:10',1),(1979,155,12,1,1520860794627,1,'2018-03-12 18:01:10',1),(1980,155,14,1,1520860794627,1,'2018-03-12 18:01:10',1),(1981,155,9,1,1520860794627,1,'2018-03-12 18:01:10',1),(1982,155,11,1,1520860794627,1,'2018-03-12 18:01:10',1),(1983,156,8,1,1520934676569,0,'2018-03-13 11:24:47',1),(1984,156,6,1,1520934676569,1,'2018-03-13 11:24:47',1),(1985,156,10,1,1520934676569,1,'2018-03-13 11:24:47',1),(1986,156,13,1,1520934676569,1,'2018-03-13 11:24:47',1),(1987,156,7,1,1520934676569,2,'2018-03-13 11:24:47',1),(1988,156,12,1,1520934676569,1,'2018-03-13 11:24:47',1),(1989,156,14,1,1520934676569,2,'2018-03-13 11:24:47',1),(1990,156,9,1,1520934676569,1,'2018-03-13 11:24:47',1),(1991,156,11,1,1520934676569,1,'2018-03-13 11:24:47',1),(1992,157,8,1,1520947475755,0,'2018-03-13 14:47:59',1),(1993,157,6,1,1520947475755,1,'2018-03-13 14:47:59',1),(1994,157,10,1,1520947475755,1,'2018-03-13 14:47:59',1),(1995,157,13,1,1520947475755,1,'2018-03-13 14:47:59',1),(1996,157,7,1,1520947475755,2,'2018-03-13 14:47:59',1),(1997,157,12,1,1520947475755,1,'2018-03-13 14:47:59',1),(1998,157,14,1,1520947475755,1,'2018-03-13 14:47:59',1),(1999,157,9,1,1520947475755,1,'2018-03-13 14:47:59',1),(2000,157,11,1,1520947475755,1,'2018-03-13 14:47:59',1),(2001,158,8,1,1521448738385,0,'2018-03-19 11:48:10',1),(2002,158,6,1,1521448738385,1,'2018-03-19 11:48:10',1),(2003,158,10,1,1521448738385,1,'2018-03-19 11:48:10',1),(2004,158,13,1,1521448738385,1,'2018-03-19 11:48:10',1),(2005,158,7,1,1521448738385,2,'2018-03-19 11:48:10',1),(2006,158,12,1,1521448738385,1,'2018-03-19 11:48:10',1),(2007,158,14,1,1521448738385,2,'2018-03-19 11:48:10',1),(2008,158,9,1,1521448738385,1,'2018-03-19 11:48:10',1),(2009,158,11,1,1521448738385,1,'2018-03-19 11:48:10',1),(2010,159,8,1,1521532968447,0,'2018-03-20 10:26:28',1),(2011,159,6,1,1521532968447,1,'2018-03-20 10:26:28',1),(2012,159,10,1,1521532968447,1,'2018-03-20 10:26:28',1),(2013,159,13,1,1521532968447,1,'2018-03-20 10:26:28',1),(2014,159,7,1,1521532968447,2,'2018-03-20 10:26:28',1),(2015,159,12,1,1521532968447,1,'2018-03-20 10:26:28',1),(2016,159,14,1,1521532968447,1,'2018-03-20 10:26:28',1),(2017,159,9,1,1521532968447,1,'2018-03-20 10:26:28',1),(2018,159,11,1,1521532968447,1,'2018-03-20 10:26:28',1),(2019,160,8,1,1521623987514,0,'2018-03-21 14:46:45',1),(2020,160,6,1,1521623987514,1,'2018-03-21 14:46:45',1),(2021,160,10,1,1521623987514,1,'2018-03-21 14:46:45',1),(2022,160,13,1,1521623987514,1,'2018-03-21 14:46:45',1),(2023,160,7,1,1521623987514,1,'2018-03-21 14:46:45',1),(2024,160,12,1,1521623987514,1,'2018-03-21 14:46:45',1),(2025,160,14,1,1521623987514,2,'2018-03-21 14:46:45',1),(2026,160,9,1,1521623987514,0,'2018-03-21 14:46:45',1),(2027,160,11,1,1521623987514,1,'2018-03-21 14:46:45',1),(2028,161,8,1,1521721754467,0,'2018-03-22 13:51:48',1),(2029,161,6,1,1521721754467,1,'2018-03-22 13:51:48',1),(2030,161,10,1,1521721754467,1,'2018-03-22 13:51:48',1),(2031,161,13,1,1521721754467,1,'2018-03-22 13:51:48',1),(2032,161,7,1,1521721754467,2,'2018-03-22 13:51:48',1),(2033,161,12,1,1521721754467,0,'2018-03-22 13:51:48',1),(2034,161,14,1,1521721754467,1,'2018-03-22 13:51:48',1),(2035,161,9,1,1521721754467,1,'2018-03-22 13:51:48',1),(2036,161,11,1,1521721754467,1,'2018-03-22 13:51:48',1),(2037,162,8,1,1521789298739,0,'2018-03-23 10:20:51',1),(2038,162,6,1,1521789298739,1,'2018-03-23 10:20:51',1),(2039,162,10,1,1521789298739,1,'2018-03-23 10:20:51',1),(2040,162,13,1,1521789298739,2,'2018-03-23 10:20:51',1),(2041,162,7,1,1521789298739,1,'2018-03-23 10:20:51',1),(2042,162,12,1,1521789298739,1,'2018-03-23 10:20:51',1),(2043,162,14,1,1521789298739,1,'2018-03-23 10:20:51',1),(2044,162,9,1,1521789298739,1,'2018-03-23 10:20:51',1),(2045,162,11,1,1521789298739,1,'2018-03-23 10:20:51',1),(2046,163,8,1,1521799911293,0,'2018-03-23 11:46:33',1),(2047,163,6,1,1521799911293,1,'2018-03-23 11:46:33',1),(2048,163,10,1,1521799911293,1,'2018-03-23 11:46:33',1),(2049,163,13,1,1521799911293,1,'2018-03-23 11:46:33',1),(2050,163,7,1,1521799911293,2,'2018-03-23 11:46:33',1),(2051,163,12,1,1521799911293,1,'2018-03-23 11:46:33',1),(2052,163,14,1,1521799911293,1,'2018-03-23 11:46:33',1),(2053,163,9,1,1521799911293,1,'2018-03-23 11:46:33',1),(2054,163,11,1,1521799911293,2,'2018-03-23 11:46:33',1);
/*!40000 ALTER TABLE `calls_detail` ENABLE KEYS */;
UNLOCK TABLES;

--
-- Table structure for table `calls_justifications`
--

DROP TABLE IF EXISTS `calls_justifications`;
/*!40101 SET @saved_cs_client     = @@character_set_client */;
/*!40101 SET character_set_client = utf8 */;
CREATE TABLE `calls_justifications` (
  `id` int(10) unsigned NOT NULL AUTO_INCREMENT,
  `calls_detail_ids` text NOT NULL,
  `date_justification` datetime NOT NULL,
  `user_id` int(10) unsigned NOT NULL,
  `user_id_admin` int(10) unsigned NOT NULL,
  `reason_id` int(10) unsigned NOT NULL,
  `extra_text` text NOT NULL,
  `is_admissible` tinyint(1) NOT NULL DEFAULT '0',
  `visible` tinyint(1) NOT NULL DEFAULT '1',
  PRIMARY KEY (`id`),
  UNIQUE KEY `id` (`id`),
  KEY `fk_users_id` (`user_id`),
  KEY `fk_reason_id` (`reason_id`),
  KEY `fk_user_id_admin_users_id` (`user_id_admin`),
  CONSTRAINT `fk_reason_id` FOREIGN KEY (`reason_id`) REFERENCES `calls_reasons` (`id`) ON DELETE NO ACTION ON UPDATE NO ACTION,
  CONSTRAINT `fk_users_id` FOREIGN KEY (`user_id`) REFERENCES `users` (`id`) ON DELETE NO ACTION ON UPDATE NO ACTION,
  CONSTRAINT `fk_users_id_admin` FOREIGN KEY (`user_id_admin`) REFERENCES `users` (`id`) ON DELETE NO ACTION ON UPDATE NO ACTION
) ENGINE=InnoDB AUTO_INCREMENT=6 DEFAULT CHARSET=utf8;
/*!40101 SET character_set_client = @saved_cs_client */;

--
-- Dumping data for table `calls_justifications`
--

LOCK TABLES `calls_justifications` WRITE;
/*!40000 ALTER TABLE `calls_justifications` DISABLE KEYS */;
INSERT INTO `calls_justifications` VALUES (1,'64','2017-10-22 22:14:23',10,1,3,'',0,1),(2,'54','2017-10-23 12:44:46',10,1,1,'Encore un problème de réveil',0,1),(3,'69','2017-10-23 13:58:17',14,1,2,'Très malade, gastro.',1,1),(4,'1895','2018-03-07 08:37:15',8,162,7,'',1,1),(5,'62','2018-03-17 18:18:44',8,2,5,'',0,1);
/*!40000 ALTER TABLE `calls_justifications` ENABLE KEYS */;
UNLOCK TABLES;

--
-- Table structure for table `calls_reasons`
--

DROP TABLE IF EXISTS `calls_reasons`;
/*!40101 SET @saved_cs_client     = @@character_set_client */;
/*!40101 SET character_set_client = utf8 */;
CREATE TABLE `calls_reasons` (
  `id` int(10) unsigned NOT NULL AUTO_INCREMENT,
  `libelle` varchar(255) NOT NULL,
  `description` text,
  `order_num` int(10) unsigned DEFAULT NULL,
  `visible` tinyint(1) NOT NULL DEFAULT '1',
  PRIMARY KEY (`id`)
) ENGINE=InnoDB AUTO_INCREMENT=9 DEFAULT CHARSET=utf8;
/*!40101 SET character_set_client = @saved_cs_client */;

--
-- Dumping data for table `calls_reasons`
--

LOCK TABLES `calls_reasons` WRITE;
/*!40000 ALTER TABLE `calls_reasons` DISABLE KEYS */;
INSERT INTO `calls_reasons` VALUES (1,'Problème de réveil',NULL,1,1),(2,'Malade avec certificat médical',NULL,2,1),(3,'Malade sans certificat médical',NULL,3,1),(4,'Rendez-vous extérieur (EDF, internet, permis, ...)',NULL,4,1),(5,'Transport (bouchon, bus en retard, ...)',NULL,5,1),(6,'Motif personnel (famille, ...)',NULL,6,1),(7,'Excuse fantaisiste',NULL,7,1),(8,'Autre motif',NULL,8,1);
/*!40000 ALTER TABLE `calls_reasons` ENABLE KEYS */;
UNLOCK TABLES;

--
-- Table structure for table `ci_sessions`
--

DROP TABLE IF EXISTS `ci_sessions`;
/*!40101 SET @saved_cs_client     = @@character_set_client */;
/*!40101 SET character_set_client = utf8 */;
CREATE TABLE `ci_sessions` (
  `id` varchar(128) NOT NULL,
  `ip_address` varchar(45) NOT NULL,
  `timestamp` int(10) unsigned NOT NULL DEFAULT '0',
  `data` blob NOT NULL,
  PRIMARY KEY (`id`,`ip_address`),
  KEY `ci_sessions_timestamp` (`timestamp`)
) ENGINE=InnoDB DEFAULT CHARSET=utf8;
/*!40101 SET character_set_client = @saved_cs_client */;

--
-- Dumping data for table `ci_sessions`
--

LOCK TABLES `ci_sessions` WRITE;
/*!40000 ALTER TABLE `ci_sessions` DISABLE KEYS */;
INSERT INTO `ci_sessions` VALUES ('06f66649f17600337502c7ba2c0e41d37f44e68f','172.18.0.2',1522662497,'__ci_last_regenerate|i:1522662432;user_id|s:1:\"2\";user_email|s:17:\"sylvain@popinz.fr\";user_prenom|s:7:\"Sylvain\";user_nom|s:4:\"TEST\";user_photo|N;access_level|i:3;last_update|i:1522655807;logged_in|b:1;logout_url|s:34:\"http://demo.popinz-saas.fr/logout/\";'),('1a389e99c7a2e2de69c421b4f697c9e008f4664d','172.18.0.2',1522662553,'__ci_last_regenerate|i:1522662541;user_id|s:1:\"2\";user_email|s:17:\"sylvain@popinz.fr\";user_prenom|s:7:\"Sylvain\";user_nom|s:4:\"TEST\";user_photo|N;access_level|i:3;last_update|i:1522655807;logged_in|b:1;logout_url|s:34:\"http://demo.popinz-saas.fr/logout/\";'),('1ab1a576281b6dab974184227eed3c94fa17235c','172.18.0.2',1522663959,'__ci_last_regenerate|i:1522663924;user_id|s:1:\"2\";user_email|s:17:\"sylvain@popinz.fr\";user_prenom|s:7:\"Sylvain\";user_nom|s:4:\"TEST\";user_photo|N;access_level|i:3;last_update|i:1522663032;logged_in|b:1;logout_url|s:34:\"http://demo.popinz-saas.fr/logout/\";'),('20ce3b1f7206a6493175e53ebe5bbc9ebf813eaf','172.18.0.2',1522663102,'__ci_last_regenerate|i:1522663091;user_id|s:1:\"2\";user_email|s:17:\"sylvain@popinz.fr\";user_prenom|s:7:\"Sylvain\";user_nom|s:4:\"TEST\";user_photo|N;access_level|i:3;last_update|i:1522663032;logged_in|b:1;logout_url|s:34:\"http://demo.popinz-saas.fr/logout/\";'),('29735b450196c63ca658f68da9fabd4659f2f8c3','172.18.0.2',1522662816,'__ci_last_regenerate|i:1522662804;user_id|s:1:\"2\";user_email|s:17:\"sylvain@popinz.fr\";user_prenom|s:7:\"Sylvain\";user_nom|s:4:\"TEST\";user_photo|N;access_level|i:3;last_update|i:1522655807;logged_in|b:1;logout_url|s:34:\"http://demo.popinz-saas.fr/logout/\";'),('38afb6eb099784b1ced9e3b74f0519d871fba447','172.18.0.2',1522663761,'__ci_last_regenerate|i:1522663756;user_id|s:1:\"2\";user_email|s:17:\"sylvain@popinz.fr\";user_prenom|s:7:\"Sylvain\";user_nom|s:4:\"TEST\";user_photo|N;access_level|i:3;last_update|i:1522663032;logged_in|b:1;logout_url|s:34:\"http://demo.popinz-saas.fr/logout/\";'),('49c25149b7b4368ae9a3fd5a9eb8988bd6b9dd17','172.18.0.2',1522662925,'__ci_last_regenerate|i:1522662923;user_id|s:1:\"2\";user_email|s:17:\"sylvain@popinz.fr\";user_prenom|s:7:\"Sylvain\";user_nom|s:4:\"TEST\";user_photo|N;access_level|i:3;last_update|i:1522655807;logged_in|b:1;logout_url|s:34:\"http://demo.popinz-saas.fr/logout/\";'),('4a264ceba819cee036bafca8c01504dd1d7a9f3d','172.18.0.2',1522663884,'__ci_last_regenerate|i:1522663818;user_id|s:1:\"2\";user_email|s:17:\"sylvain@popinz.fr\";user_prenom|s:7:\"Sylvain\";user_nom|s:4:\"TEST\";user_photo|N;access_level|i:3;last_update|i:1522663032;logged_in|b:1;logout_url|s:34:\"http://demo.popinz-saas.fr/logout/\";'),('7458573bae7edcab694e4d0eb2be7e5b6709f54b','172.18.0.2',1522662664,'__ci_last_regenerate|i:1522662648;user_id|s:1:\"2\";user_email|s:17:\"sylvain@popinz.fr\";user_prenom|s:7:\"Sylvain\";user_nom|s:4:\"TEST\";user_photo|N;access_level|i:3;last_update|i:1522655807;logged_in|b:1;logout_url|s:34:\"http://demo.popinz-saas.fr/logout/\";'),('8bd11fc54f81dc8efeb516ae644aaf02140acc22','172.18.0.2',1522662904,'__ci_last_regenerate|i:1522662885;user_id|s:1:\"2\";user_email|s:17:\"sylvain@popinz.fr\";user_prenom|s:7:\"Sylvain\";user_nom|s:4:\"TEST\";user_photo|N;access_level|i:3;last_update|i:1522655807;logged_in|b:1;logout_url|s:34:\"http://demo.popinz-saas.fr/logout/\";'),('8ec7eb574d6bb971498591c333e73a2f752f4ed4','172.18.0.2',1522663635,'__ci_last_regenerate|i:1522663621;user_id|s:1:\"2\";user_email|s:17:\"sylvain@popinz.fr\";user_prenom|s:7:\"Sylvain\";user_nom|s:4:\"TEST\";user_photo|N;access_level|i:3;last_update|i:1522663032;logged_in|b:1;logout_url|s:34:\"http://demo.popinz-saas.fr/logout/\";'),('bab042cba68f154749e940648e2aa8e9609038d8','172.18.0.2',1522663990,'__ci_last_regenerate|i:1522663961;user_id|s:1:\"2\";user_email|s:17:\"sylvain@popinz.fr\";user_prenom|s:7:\"Sylvain\";user_nom|s:4:\"TEST\";user_photo|N;access_level|i:3;last_update|i:1522663032;logged_in|b:1;logout_url|s:34:\"http://demo.popinz-saas.fr/logout/\";'),('ccaee4aa9492e02b5e1205bb5beaee6e1ceb86c2','172.18.0.2',1522662745,'__ci_last_regenerate|i:1522662741;user_id|s:1:\"2\";user_email|s:17:\"sylvain@popinz.fr\";user_prenom|s:7:\"Sylvain\";user_nom|s:4:\"TEST\";user_photo|N;access_level|i:3;last_update|i:1522655807;logged_in|b:1;logout_url|s:34:\"http://demo.popinz-saas.fr/logout/\";'),('d2805316d18aa128b44da041d033a11713c1f6b8','172.18.0.2',1522662776,'__ci_last_regenerate|i:1522662775;user_id|s:1:\"2\";user_email|s:17:\"sylvain@popinz.fr\";user_prenom|s:7:\"Sylvain\";user_nom|s:4:\"TEST\";user_photo|N;access_level|i:3;last_update|i:1522655807;logged_in|b:1;logout_url|s:34:\"http://demo.popinz-saas.fr/logout/\";'),('d551901b1b6678983c3f132a4f751dd59265435a','172.18.0.2',1522663047,'__ci_last_regenerate|i:1522663032;user_id|s:1:\"2\";user_email|s:17:\"sylvain@popinz.fr\";user_prenom|s:7:\"Sylvain\";user_nom|s:4:\"TEST\";user_photo|N;access_level|i:3;last_update|i:1522663032;logged_in|b:1;logout_url|s:34:\"http://demo.popinz-saas.fr/logout/\";'),('d63334b828f9b4b2d65e714b8ee0b0cc2e683774','172.18.0.2',1522662403,'__ci_last_regenerate|i:1522662402;user_id|s:1:\"2\";user_email|s:17:\"sylvain@popinz.fr\";user_prenom|s:7:\"Sylvain\";user_nom|s:4:\"TEST\";user_photo|N;access_level|i:3;last_update|i:1522655807;logged_in|b:1;logout_url|s:34:\"http://demo.popinz-saas.fr/logout/\";'),('d8e8a6ee825b37a7af0b84d0b3046c8edaa99cd6','172.18.0.2',1522662992,'__ci_last_regenerate|i:1522662988;user_id|s:1:\"2\";user_email|s:17:\"sylvain@popinz.fr\";user_prenom|s:7:\"Sylvain\";user_nom|s:4:\"TEST\";user_photo|N;access_level|i:3;last_update|i:1522655807;logged_in|b:1;logout_url|s:34:\"http://demo.popinz-saas.fr/logout/\";'),('ee251c47920aa5b8daa0ec6089eba8be03c07fc5','172.18.0.2',1522662862,'__ci_last_regenerate|i:1522662848;user_id|s:1:\"2\";user_email|s:17:\"sylvain@popinz.fr\";user_prenom|s:7:\"Sylvain\";user_nom|s:4:\"TEST\";user_photo|N;access_level|i:3;last_update|i:1522655807;logged_in|b:1;logout_url|s:34:\"http://demo.popinz-saas.fr/logout/\";'),('f425225dd838fded46c55750818d75bd0b23d453','172.18.0.2',1522662606,'__ci_last_regenerate|i:1522662569;user_id|s:1:\"2\";user_email|s:17:\"sylvain@popinz.fr\";user_prenom|s:7:\"Sylvain\";user_nom|s:4:\"TEST\";user_photo|N;access_level|i:3;last_update|i:1522655807;logged_in|b:1;logout_url|s:34:\"http://demo.popinz-saas.fr/logout/\";'),('f575781801efafccb77636948d2eb6f90013c28a','172.18.0.2',1522663754,'__ci_last_regenerate|i:1522663658;user_id|s:1:\"2\";user_email|s:17:\"sylvain@popinz.fr\";user_prenom|s:7:\"Sylvain\";user_nom|s:4:\"TEST\";user_photo|N;access_level|i:3;last_update|i:1522663032;logged_in|b:1;logout_url|s:34:\"http://demo.popinz-saas.fr/logout/\";'),('f5d2f91a630be6b92ce51571a8a011af1dfef59c','172.18.0.2',1522662704,'__ci_last_regenerate|i:1522662698;user_id|s:1:\"2\";user_email|s:17:\"sylvain@popinz.fr\";user_prenom|s:7:\"Sylvain\";user_nom|s:4:\"TEST\";user_photo|N;access_level|i:3;last_update|i:1522655807;logged_in|b:1;logout_url|s:34:\"http://demo.popinz-saas.fr/logout/\";');
/*!40000 ALTER TABLE `ci_sessions` ENABLE KEYS */;
UNLOCK TABLES;

--
-- Table structure for table `evenements`
--

DROP TABLE IF EXISTS `evenements`;
/*!40101 SET @saved_cs_client     = @@character_set_client */;
/*!40101 SET character_set_client = utf8 */;
CREATE TABLE `evenements` (
  `id` int(11) NOT NULL AUTO_INCREMENT,
  `id_user_concerne` int(10) unsigned DEFAULT NULL,
  `id_user_action` int(10) unsigned DEFAULT NULL,
  `evenement_type` int(10) unsigned DEFAULT NULL,
  `date` datetime DEFAULT NULL,
  `custom_value` text,
  `visible` tinyint(1) NOT NULL DEFAULT '1',
  PRIMARY KEY (`id`),
  KEY `fk_evenements_users1_idx` (`id_user_concerne`),
  KEY `fk_evenements_users2_idx` (`id_user_action`),
  KEY `fk_evenements_evenements_type1_idx` (`evenement_type`)
) ENGINE=InnoDB AUTO_INCREMENT=1945 DEFAULT CHARSET=utf8 ROW_FORMAT=DYNAMIC;
/*!40101 SET character_set_client = @saved_cs_client */;

--
-- Dumping data for table `evenements`
--

LOCK TABLES `evenements` WRITE;
/*!40000 ALTER TABLE `evenements` DISABLE KEYS */;
INSERT INTO `evenements` VALUES (1,2,1,1,'2017-08-28 01:50:32',NULL,1),(2,3,1,1,'2017-08-28 01:50:49',NULL,1),(3,4,1,1,'2017-08-28 01:56:06',NULL,1),(4,5,1,1,'2017-08-28 01:56:06',NULL,1),(5,5,NULL,9,'2017-08-28 10:37:49',NULL,1),(6,4,NULL,9,'2017-08-28 11:06:24',NULL,1),(7,1,NULL,10,'2017-08-28 11:16:09',' week_day_start (1) week_day_end (5) restricted_domain_access () scholarship_month_start (9) scholarship_month_end (6) etablissement_name (École Démo test)',1),(8,1,NULL,9,'2017-08-28 11:22:25',NULL,1),(9,1,NULL,9,'2017-08-28 11:26:29',NULL,1),(10,1,NULL,9,'2017-08-28 11:37:27',NULL,1),(11,1,NULL,9,'2017-08-28 11:41:39',NULL,1),(12,1,NULL,9,'2017-08-28 11:44:19',NULL,1),(13,1,NULL,9,'2017-08-28 11:53:54',NULL,1),(14,1,NULL,9,'2017-08-28 11:57:28',NULL,1),(15,1,NULL,9,'2017-08-28 12:00:44',NULL,1),(16,1,NULL,9,'2017-08-28 12:04:16',NULL,1),(17,4,NULL,NULL,'2017-08-30 20:51:09',NULL,1),(18,4,NULL,NULL,'2017-08-30 20:53:52','{\"comment\":\"<div>trop lolol&lt;\\/div>\",\"files\":[{\"libelle\":\"ManualHandlingReport.pdf\",\"ext\":\".pdf\",\"size\":15622,\"is_img\":false,\"filename\":\"50f4a12a586c0234ceefc78e620ecca6.pdf\"}]}',1),(19,4,NULL,15,'2017-08-30 22:13:03','{\"comment\":\"<div>test commentaire&lt;\\/div>\",\"files\":[{\"libelle\":\"Contrat de travail Afnan.pdf\",\"ext\":\".pdf\",\"size\":468492,\"is_img\":false,\"filename\":\"358bcd316075af6bc276381ac8796c8b.pdf\"}]}',1),(20,1,1,14,'2017-08-30 22:27:03','Date de naissance',1),(21,4,NULL,15,'2017-09-01 14:14:53','{\"comment\":\"commentaire blabla<br>pouetpouet\\u00a0<br>avec un fichier image\",\"files\":[{\"libelle\":\"07-01.jpg\",\"ext\":\".jpg\",\"size\":569647,\"is_img\":true,\"filename\":\"bc71bca0b25c87866979df013cfd270d.jpg\"}]}',1),(22,2,1,8,'2017-09-05 17:25:48',NULL,1),(23,1,NULL,10,'2017-09-17 09:29:32',' week_day_start (1) week_day_end (7) restricted_domain_access () scholarship_month_start (9) scholarship_month_end (6) etablissement_name (École Démo test)',1),(24,1,NULL,10,'2017-09-17 09:29:44',' week_day_start (1) week_day_end (1) restricted_domain_access () scholarship_month_start (9) scholarship_month_end (6) etablissement_name (École Démo test)',1),(25,6,1,1,'2017-09-26 12:50:13',NULL,1),(26,6,NULL,9,'2017-09-26 12:53:07',NULL,1),(27,6,NULL,9,'2017-09-26 12:55:38',NULL,1),(28,7,1,1,'2017-09-26 12:56:46',NULL,1),(29,7,NULL,9,'2017-09-26 12:57:09',NULL,1),(30,8,1,1,'2017-09-26 12:59:24',NULL,1),(31,8,NULL,9,'2017-09-26 12:59:45',NULL,1),(32,9,1,1,'2017-09-26 13:00:37',NULL,1),(33,9,NULL,9,'2017-09-26 13:00:55',NULL,1),(34,10,1,1,'2017-09-26 13:04:20',NULL,1),(35,11,1,1,'2017-09-26 13:05:00',NULL,1),(36,12,1,1,'2017-09-26 13:08:18',NULL,1),(37,13,1,1,'2017-09-26 13:18:11',NULL,1),(38,10,NULL,9,'2017-09-26 13:18:27',NULL,1),(39,13,NULL,9,'2017-09-26 13:19:41',NULL,1),(40,12,NULL,9,'2017-09-26 13:19:59',NULL,1),(41,11,NULL,9,'2017-09-26 13:20:18',NULL,1),(42,14,1,1,'2017-09-26 13:20:48',NULL,1),(43,14,NULL,9,'2017-09-26 13:21:05',NULL,1),(44,1,NULL,10,'2017-09-26 13:27:51',' week_day_start (1) week_day_end (1) restricted_domain_access () scholarship_month_start (9) scholarship_month_end (6) etablissement_name (École des Lilas)',1),(45,1,1,8,'2017-09-26 15:23:54',NULL,1),(46,1,NULL,10,'2017-09-27 01:36:47',' sms_is_active (1) sms_sender ()',1),(47,1,NULL,10,'2017-09-27 01:36:53',' sms_is_active (0) sms_sender ()',1),(48,15,1,1,'2017-09-27 08:50:03',NULL,1),(49,15,1,14,'2017-09-27 08:50:03',' mail_pere (matt@popinz.fr) date_naissance (1991-11-24)',1),(50,2,1,3,'2017-10-02 16:41:54',NULL,1),(51,2,1,3,'2017-10-02 16:41:57',NULL,1),(52,3,1,3,'2017-10-02 17:28:29',NULL,1),(53,2,1,3,'2017-10-02 17:28:30',NULL,1),(54,1,1,5,'2017-10-02 17:34:54',NULL,1),(55,3,1,5,'2017-10-02 17:34:54',NULL,1),(56,2,1,5,'2017-10-02 17:34:55',NULL,1),(57,1,1,3,'2017-10-02 18:02:19',NULL,1),(58,3,1,3,'2017-10-02 18:05:37',NULL,1),(59,1,1,3,'2017-10-02 18:05:38',NULL,1),(60,1,1,3,'2017-10-02 18:17:55',NULL,1),(61,3,1,3,'2017-10-02 18:17:55',NULL,1),(62,1,1,3,'2017-10-02 21:18:55',NULL,1),(63,3,1,3,'2017-10-02 21:18:56',NULL,1),(64,1,NULL,10,'2017-10-02 23:47:10',' sms_is_active (1) sms_sender (DemoPOPINZ)',1),(65,2,1,3,'2017-10-03 00:09:53',NULL,1),(66,3,1,3,'2017-10-03 00:09:53',NULL,1),(67,8,1,8,'2017-10-03 10:17:15',NULL,1),(68,8,1,8,'2017-10-03 10:17:28',NULL,1),(69,1,1,3,'2017-10-03 11:25:50',NULL,1),(70,3,1,3,'2017-10-03 11:25:50',NULL,1),(71,13,NULL,15,'2017-10-05 09:47:46','{\"comment\":\"blblbl\",\"files\":[{\"libelle\":\"georges_melies_popinz.png\",\"ext\":\".png\",\"size\":144523,\"is_img\":true,\"filename\":\"46c4e8ea9081b8fd308e6ae345a5fd52.png\"}]}',1),(72,13,NULL,15,'2017-10-05 09:49:13','{\"comment\":\"Voila voila\",\"files\":[{\"libelle\":\"A-C.xls\",\"ext\":\".xls\",\"size\":52736,\"is_img\":false,\"filename\":\"80d8bc225ca9ff499462404a6b0af31d.xls\"},{\"libelle\":\"georges_melies_popinz.png\",\"ext\":\".png\",\"size\":144523,\"is_img\":true,\"filename\":\"230d351f626b676abfeb8f6a19661649.png\"}]}',1),(73,13,NULL,15,'2017-10-05 10:29:20','{\"comment\":\"blabla ?\"}',1),(74,13,NULL,15,'2017-10-05 10:29:59','{\"comment\":\"Voila et une petite l\\u00e9gende aussi\",\"files\":[{\"libelle\":\"georges_melies_popinz.png\",\"ext\":\".png\",\"size\":144523,\"is_img\":true,\"filename\":\"64a08f8c4c5423c8569a3398ccf6d674.png\"}]}',1),(75,16,1,1,'2017-10-05 10:38:50',NULL,1),(76,21,1,1,'2017-10-05 10:38:50',NULL,1),(77,16,1,14,'2017-10-05 10:38:51',' is_boursier (NON) date_naissance (05/03/1994) lieu_naissance (EQUATEUR-QUITO)',1),(78,17,1,1,'2017-10-05 10:38:51',NULL,1),(79,18,1,14,'2017-10-05 10:38:51',' is_boursier (NON) date_naissance (04/07/2000) lieu_naissance (SCHOELCHER)',1),(80,17,1,14,'2017-10-05 10:38:51',' is_boursier (NON) date_naissance (04/05/1998) lieu_naissance (MOUSCOU (SUISSE))',1),(81,18,1,1,'2017-10-05 10:38:51',NULL,1),(82,19,1,1,'2017-10-05 10:38:52',NULL,1),(83,20,1,14,'2017-10-05 10:38:52',' is_boursier (NON) date_naissance (19/07/1999) lieu_naissance (PARIS)',1),(84,20,1,1,'2017-10-05 10:38:52',NULL,1),(85,19,1,14,'2017-10-05 10:38:52',' is_boursier (NON) date_naissance (07/05/1997) lieu_naissance (PARIS)',1),(86,21,1,14,'2017-10-05 10:38:53',' is_boursier (NON) date_naissance (06/01/1994) lieu_naissance (IVRY-SUR-SEINE)',1),(87,22,1,14,'2017-10-05 10:38:53',' is_boursier (NON) date_naissance (17/06/1999) lieu_naissance (ATHIS-MONS)',1),(88,23,1,1,'2017-10-05 10:38:53',NULL,1),(89,24,1,1,'2017-10-05 10:38:53',NULL,1),(90,22,1,1,'2017-10-05 10:38:54',NULL,1),(91,25,1,14,'2017-10-05 10:38:54',' is_boursier (NON) date_naissance (05/07/1998) lieu_naissance (CHATENAY_MALABRY)',1),(92,26,1,1,'2017-10-05 10:38:54',NULL,1),(93,26,1,14,'2017-10-05 10:38:54',' is_boursier (NON) date_naissance (02/03/1998) lieu_naissance (CLAMART)',1),(94,27,1,1,'2017-10-05 10:38:54',NULL,1),(95,23,1,14,'2017-10-05 10:38:54',' is_boursier (NON) date_naissance (20/09/1997) lieu_naissance (SEVRES)',1),(96,28,1,14,'2017-10-05 10:38:54',' is_boursier (NON) date_naissance (29/05/1996) lieu_naissance (BOURG-LA-REINE)',1),(97,29,1,1,'2017-10-05 10:38:54',NULL,1),(98,30,1,1,'2017-10-05 10:38:55',NULL,1),(99,25,1,1,'2017-10-05 10:38:55',NULL,1),(100,24,1,14,'2017-10-05 10:38:55',' is_boursier (NON) date_naissance (25/01/1999) lieu_naissance (PARIS)',1),(101,30,1,14,'2017-10-05 10:38:55',' is_boursier (NON) date_naissance (12/07/1996) lieu_naissance (PARIS)',1),(102,35,1,1,'2017-10-05 10:38:55',NULL,1),(103,27,1,14,'2017-10-05 10:38:55',' is_boursier (06-48-11-46-26) date_naissance (35612) lieu_naissance (MELUN)',1),(104,31,1,1,'2017-10-05 10:38:55',NULL,1),(105,31,1,14,'2017-10-05 10:38:55',' is_boursier (NON) date_naissance (30/11/1997) lieu_naissance (PARIS)',1),(106,28,1,1,'2017-10-05 10:38:55',NULL,1),(107,29,1,14,'2017-10-05 10:38:55',' is_boursier (NON) date_naissance (02/05/1992) lieu_naissance (NICE)',1),(108,32,1,1,'2017-10-05 10:38:55',NULL,1),(109,35,1,14,'2017-10-05 10:38:55',' is_boursier (NON) date_naissance (17/09/1990) lieu_naissance (FONTAINEBLEAU)',1),(110,32,1,14,'2017-10-05 10:38:55',' is_boursier (NON) date_naissance (02/10/1998) lieu_naissance (PARIS)',1),(111,33,1,1,'2017-10-05 10:38:55',NULL,1),(112,36,1,1,'2017-10-05 10:38:56',NULL,1),(113,33,1,14,'2017-10-05 10:38:56',' is_boursier (NON) date_naissance (27/10/1995) lieu_naissance (LESQUIN)',1),(114,34,1,14,'2017-10-05 10:38:56',' is_boursier (NON) date_naissance (03/02/1999) lieu_naissance (PARIS)',1),(115,36,1,14,'2017-10-05 10:38:56',' is_boursier (NON) date_naissance (14/11/1999) lieu_naissance (MONTFERMEIL)',1),(116,34,1,1,'2017-10-05 10:38:56',NULL,1),(117,37,1,1,'2017-10-05 10:38:56',NULL,1),(118,37,1,14,'2017-10-05 10:38:56',' is_boursier (NON) date_naissance (19/06/1997) lieu_naissance (PARIS)',1),(119,38,1,1,'2017-10-05 10:38:56',NULL,1),(120,38,1,14,'2017-10-05 10:38:56',' is_boursier (NON) date_naissance (14/07/1993) lieu_naissance (JUISIVY SUR ORGE)',1),(121,39,1,1,'2017-10-05 10:38:56',NULL,1),(122,39,1,14,'2017-10-05 10:38:56',' is_boursier (NON) date_naissance (24/12/1991) lieu_naissance (PARIS)',1),(123,20,1,2,'2017-10-05 13:37:55',NULL,1),(124,16,1,2,'2017-10-05 13:37:55',NULL,1),(125,17,1,2,'2017-10-05 13:37:56',NULL,1),(126,19,1,2,'2017-10-05 13:37:56',NULL,1),(127,18,1,2,'2017-10-05 13:37:57',NULL,1),(128,21,1,2,'2017-10-05 13:59:57',NULL,1),(129,27,1,2,'2017-10-05 13:59:57',NULL,1),(130,31,1,2,'2017-10-05 13:59:57',NULL,1),(131,37,1,2,'2017-10-05 13:59:57',NULL,1),(132,22,1,2,'2017-10-05 13:59:58',NULL,1),(133,24,1,2,'2017-10-05 13:59:58',NULL,1),(134,23,1,2,'2017-10-05 13:59:58',NULL,1),(135,39,1,2,'2017-10-05 13:59:58',NULL,1),(136,33,1,2,'2017-10-05 13:59:58',NULL,1),(137,34,1,2,'2017-10-05 13:59:58',NULL,1),(138,35,1,2,'2017-10-05 13:59:58',NULL,1),(139,36,1,2,'2017-10-05 13:59:58',NULL,1),(140,25,1,2,'2017-10-05 13:59:58',NULL,1),(141,26,1,2,'2017-10-05 13:59:58',NULL,1),(142,30,1,2,'2017-10-05 13:59:59',NULL,1),(143,28,1,2,'2017-10-05 13:59:59',NULL,1),(144,32,1,2,'2017-10-05 13:59:59',NULL,1),(145,29,1,2,'2017-10-05 13:59:59',NULL,1),(146,38,1,2,'2017-10-05 14:00:00',NULL,1),(147,40,1,1,'2017-10-05 14:07:49',NULL,1),(148,41,1,1,'2017-10-05 14:07:50',NULL,1),(149,43,1,1,'2017-10-05 14:07:50',NULL,1),(150,45,1,1,'2017-10-05 14:07:50',NULL,1),(151,41,1,14,'2017-10-05 14:07:50',' adresse (878 Rue de la Valsière) mail_pere (lionel.babikian@gmail.com) date_naissance (11/03/1995)',1),(152,51,1,1,'2017-10-05 14:07:51',NULL,1),(153,40,1,14,'2017-10-05 14:07:51',' adresse (350 rue des Brusses) mail_pere (limminmi@hotmail.fr) date_naissance (29/05/1997)',1),(154,42,1,1,'2017-10-05 14:07:51',NULL,1),(155,42,1,14,'2017-10-05 14:07:51',' adresse (309 Rue de la Galera) mail_pere (timothe.b@live.fr) date_naissance (16/07/1998)',1),(156,43,1,14,'2017-10-05 14:07:52',' adresse (730 rue de La Coix Lavit) mail_pere (nicolas.brulard@free.fr) date_naissance (24/07/1995)',1),(157,44,1,14,'2017-10-05 14:07:52',' adresse (4 place Émile Martin) mail_pere (s.c.chabrol@hotmail.com) date_naissance (26/07/1997)',1),(158,45,1,14,'2017-10-05 14:07:52',' adresse (195 rue du Pré au Clair) mail_pere (chanehune_thomas@hotmail.fr) date_naissance (03/09/1994)',1),(159,44,1,1,'2017-10-05 14:07:52',NULL,1),(160,46,1,1,'2017-10-05 14:07:52',NULL,1),(161,46,1,14,'2017-10-05 14:07:52',' adresse (525 avenue du pr Jean Louis Viala) mail_pere (david.johann@orange.fr) date_naissance (01/10/1997)',1),(162,52,1,14,'2017-10-05 14:07:54',' adresse (119, Rue Des Ecuyers) mail_pere (florent.jamet@hotmail.fr) date_naissance (28/08/1994)',1),(163,52,1,1,'2017-10-05 14:07:54',NULL,1),(164,53,1,14,'2017-10-05 14:07:54',' adresse (65 rue René Etiemble) mail_pere (vivi.landier@gmail.com) date_naissance (17/04/1998)',1),(165,51,1,14,'2017-10-05 14:07:54',' adresse (611 Rue Saint Priest) mail_pere (maneki.neko.luohe@gmail.com) date_naissance (05/08/1996)',1),(166,53,1,1,'2017-10-05 14:07:54',NULL,1),(167,54,1,1,'2017-10-05 14:07:54',NULL,1),(168,54,1,14,'2017-10-05 14:07:54',' adresse (61 rue du Faubourg Boutonnet) mail_pere (th.leblan@gmail.com) date_naissance (22/11/1993)',1),(169,47,1,1,'2017-10-05 14:07:54',NULL,1),(170,55,1,1,'2017-10-05 14:07:54',NULL,1),(171,55,1,14,'2017-10-05 14:07:54',' adresse (525 av. du Pr. Jean-Louis Viala) mail_pere (pierre.ministeri@gmail.com) date_naissance (28/12/1995)',1),(172,56,1,1,'2017-10-05 14:07:54',NULL,1),(173,47,1,14,'2017-10-05 14:07:54',' adresse (24 Rue Gaston Bazille) mail_pere (carla.deveze@live.fr) date_naissance (01/11/1995)',1),(174,48,1,1,'2017-10-05 14:07:54',NULL,1),(175,57,1,1,'2017-10-05 14:07:54',NULL,1),(176,56,1,14,'2017-10-05 14:07:55',' adresse (810 avenue de maurin) mail_pere (pilon97229@hotmail.com) date_naissance (09/10/1997)',1),(177,49,1,1,'2017-10-05 14:07:55',NULL,1),(178,48,1,14,'2017-10-05 14:07:55',' adresse (286 rue de l\'aiguelongue) mail_pere (gaspard-eicher@hotmail.fr) date_naissance (25/12/1996)',1),(179,57,1,14,'2017-10-05 14:07:55',' adresse (533 rue Jupiter) mail_pere (berenger.quervel@gmail.com) date_naissance (29/10/1996)',1),(180,49,1,14,'2017-10-05 14:07:55',' adresse (900 rue de la Croix de Lavit) mail_pere (aymeric.estreich@gmail.com) date_naissance (18/05/1994)',1),(181,50,1,1,'2017-10-05 14:07:55',NULL,1),(182,58,1,1,'2017-10-05 14:07:55',NULL,1),(183,58,1,14,'2017-10-05 14:07:55',' adresse (Avenue du pr Jean Louis Viala Bat B) mail_pere (yohann.rehfuss@gmail.com) date_naissance (10/09/1995)',1),(184,59,1,1,'2017-10-05 14:07:55',NULL,1),(185,50,1,14,'2017-10-05 14:07:55',' adresse (274 Avenue Adolphe Alphand) mail_pere (antoine.fournierducarre@hotmail.fr) date_naissance (18/06/1993)',1),(186,59,1,14,'2017-10-05 14:07:56',' adresse (198 rue Robert Koch) mail_pere (elliot.saintlary@gmail.com) date_naissance (10/04/1994)',1),(187,60,1,1,'2017-10-05 14:07:56',NULL,1),(188,60,1,14,'2017-10-05 14:07:56',' adresse (Mas Rouviere) mail_pere (trystansarrade@gmail.com) date_naissance (25/04/1998)',1),(189,61,1,1,'2017-10-05 14:07:56',NULL,1),(190,61,1,14,'2017-10-05 14:07:56',' adresse (1702 rue Saint Priest) mail_pere (steve.simon9724@gmail.com) date_naissance (24/05/1994)',1),(191,13,NULL,15,'2017-10-05 15:52:15','{\"comment\":\"babla ?\"}',1),(192,12,0,15,'2017-10-05 16:01:50','{\"comment\":\"encore un test ?\"}',1),(193,8,0,15,'2017-10-05 16:02:54','{\"comment\":\"test\"}',1),(194,8,1,15,'2017-10-05 16:15:29','{\"comment\":\"bla bla ?\"}',1),(195,1,NULL,10,'2017-10-06 10:12:00',' sms_is_active (0) sms_sender ()',1),(196,1,NULL,10,'2017-10-06 10:12:22',' sms_is_active (1) sms_sender ()',1),(197,1,NULL,10,'2017-10-06 10:15:55',' sms_is_active (0) sms_sender ()',1),(198,1,NULL,10,'2017-10-06 10:16:12',' sms_is_active (1) sms_sender (DemoPOPINZ1)',1),(199,1,NULL,10,'2017-10-06 10:16:24',' sms_is_active (1) sms_sender (DemoPOPINZ)',1),(200,1,NULL,10,'2017-10-06 10:16:32',' sms_is_active (0) sms_sender ()',1),(201,1,NULL,10,'2017-10-06 10:17:13',' sms_is_active (1) sms_sender (DemoPOPINZ)',1),(202,1,NULL,10,'2017-10-06 10:17:58',' sms_is_active (1) sms_sender (LesLilas)',1),(203,1,1,8,'2017-10-06 19:32:39',NULL,1),(204,11,1,14,'2017-10-09 14:48:10','Enfant 2-3 (mois)',1),(205,11,1,15,'2017-10-09 14:50:28','{\"comment\":\"Niveau anglais 1 OK\",\"files\":[{\"libelle\":\"popinz@2x.png\",\"ext\":\".png\",\"size\":5420,\"is_img\":true,\"filename\":\"7a88485afda1de0df0ae884b838ec143.png\"}]}',1),(206,62,1,1,'2017-10-09 15:22:23',NULL,1),(207,8,1,14,'2017-10-09 15:32:26','Bénévole',1),(208,63,1,1,'2017-10-09 15:34:41',NULL,1),(209,1,NULL,10,'2017-10-10 07:54:56',' week_day_start (1) week_day_end (5) restricted_domain_access () scholarship_month_start (9) scholarship_month_end (6) etablissement_name (École des Lilas)',1),(210,11,1,14,'2017-10-10 09:52:22','Répondant financier',1),(211,1,NULL,10,'2017-10-10 14:17:04',' week_day_start (1) week_day_end (4) restricted_domain_access () scholarship_month_start (9) scholarship_month_end (6) etablissement_name (École des Lilas)',1),(212,1,NULL,10,'2017-10-10 14:17:15',' week_day_start (1) week_day_end (5) restricted_domain_access () scholarship_month_start (9) scholarship_month_end (6) etablissement_name (École des Lilas)',1),(213,1,NULL,10,'2017-10-11 12:01:11',' sms_is_active (0) sms_sender ()',1),(214,6,1,3,'2017-10-11 12:01:38',NULL,1),(215,10,1,5,'2017-10-11 12:01:38',NULL,1),(216,1,NULL,6,'2017-10-11 12:01:38',NULL,1),(217,62,1,3,'2017-10-11 12:01:39',NULL,1),(218,7,1,5,'2017-10-11 12:01:39',NULL,1),(219,14,1,3,'2017-10-11 12:01:39',NULL,1),(220,9,1,5,'2017-10-11 12:01:40',NULL,1),(221,8,1,5,'2017-10-11 12:02:16',NULL,1),(222,10,1,3,'2017-10-11 12:02:16',NULL,1),(223,6,1,5,'2017-10-11 12:02:16',NULL,1),(224,1,NULL,6,'2017-10-11 12:02:16',NULL,1),(225,13,1,3,'2017-10-11 12:02:17',NULL,1),(226,9,1,3,'2017-10-11 12:02:17',NULL,1),(227,12,1,5,'2017-10-11 12:02:18',NULL,1),(228,14,1,5,'2017-10-11 12:02:18',NULL,1),(229,11,1,3,'2017-10-11 12:02:18',NULL,1),(230,1,NULL,10,'2017-10-14 09:25:15',' week_day_start (1) week_day_end (6) restricted_domain_access () scholarship_month_start (9) scholarship_month_end (6) etablissement_name (École des Lilas)',1),(231,6,1,3,'2017-10-20 18:45:35',NULL,1),(232,9,1,3,'2017-10-20 18:45:36',NULL,1),(233,8,1,5,'2017-10-20 18:45:36',NULL,1),(234,10,1,3,'2017-10-20 18:45:36',NULL,1),(235,13,1,5,'2017-10-20 18:45:37',NULL,1),(236,62,1,3,'2017-10-20 18:45:37',NULL,1),(237,12,1,5,'2017-10-20 18:45:37',NULL,1),(238,7,1,5,'2017-10-20 18:45:38',NULL,1),(239,14,1,5,'2017-10-20 18:45:38',NULL,1),(240,1,NULL,6,'2017-10-20 18:45:38',NULL,1),(241,14,1,12,'2017-10-23 13:58:18','{\"nonattendance_ids\":\"69\",\"reason_id\":2}',1),(242,63,1,8,'2017-10-24 16:35:46',NULL,1),(243,63,1,2,'2017-10-24 16:36:09',NULL,1),(244,62,1,2,'2017-10-24 17:04:16',NULL,1),(245,1,NULL,6,'2017-11-07 15:10:23',NULL,1),(246,6,1,3,'2017-11-07 15:10:24',NULL,1),(247,14,1,5,'2017-11-07 15:10:25',NULL,1),(248,12,1,3,'2017-11-07 15:10:25',NULL,1),(249,9,1,5,'2017-11-07 15:10:26',NULL,1),(250,64,1,1,'2017-11-23 09:40:07',NULL,1),(251,64,1,14,'2017-11-23 09:40:07',' date_naissance (14 11 2012)',1),(252,65,1,14,'2017-11-23 09:40:08',' date_naissance (24 07 2012)',1),(253,65,1,1,'2017-11-23 09:40:08',NULL,1),(254,66,1,1,'2017-11-23 09:40:08',NULL,1),(255,67,1,14,'2017-11-23 09:40:08',' date_naissance (20 06 2014)',1),(256,66,1,14,'2017-11-23 09:40:08',' date_naissance (21 12 2013)',1),(257,67,1,1,'2017-11-23 09:40:08',NULL,1),(258,68,1,1,'2017-11-23 09:40:09',NULL,1),(259,68,1,14,'2017-11-23 09:40:09',' date_naissance (12 01 2013)',1),(260,72,1,1,'2017-11-23 09:40:09',NULL,1),(261,73,1,1,'2017-11-23 09:40:09',NULL,1),(262,74,1,1,'2017-11-23 09:40:09',NULL,1),(263,73,1,14,'2017-11-23 09:40:09',' date_naissance (24 11 2013)',1),(264,72,1,14,'2017-11-23 09:40:09',' date_naissance (08 08 2011)',1),(265,75,1,14,'2017-11-23 09:40:09',' date_naissance (23 03 2013)',1),(266,74,1,14,'2017-11-23 09:40:10',' date_naissance (24 05 2012)',1),(267,75,1,1,'2017-11-23 09:40:10',NULL,1),(268,76,1,1,'2017-11-23 09:40:10',NULL,1),(269,77,1,1,'2017-11-23 09:40:10',NULL,1),(270,76,1,14,'2017-11-23 09:40:10',' date_naissance (14 04 2011)',1),(271,77,1,14,'2017-11-23 09:40:10',' date_naissance (16 04 2014)',1),(272,78,1,1,'2017-11-23 09:40:10',NULL,1),(273,78,1,14,'2017-11-23 09:40:10',' date_naissance (12 11 2015)',1),(274,79,1,1,'2017-11-23 09:40:10',NULL,1),(275,85,1,1,'2017-11-23 09:40:10',NULL,1),(276,85,1,14,'2017-11-23 09:40:10',' date_naissance (08 12 2008)',1),(277,79,1,14,'2017-11-23 09:40:10',' date_naissance (27 07 2014)',1),(278,80,1,1,'2017-11-23 09:40:11',NULL,1),(279,86,1,1,'2017-11-23 09:40:11',NULL,1),(280,80,1,14,'2017-11-23 09:40:11',' date_naissance (18 04 2014)',1),(281,81,1,1,'2017-11-23 09:40:11',NULL,1),(282,86,1,14,'2017-11-23 09:40:11',' date_naissance (09 11 2011)',1),(283,87,1,1,'2017-11-23 09:40:11',NULL,1),(284,87,1,14,'2017-11-23 09:40:11',' date_naissance (27 01 2007)',1),(285,81,1,14,'2017-11-23 09:40:11',' date_naissance (03 01 2014)',1),(286,82,1,1,'2017-11-23 09:40:11',NULL,1),(287,88,1,1,'2017-11-23 09:40:11',NULL,1),(288,88,1,14,'2017-11-23 09:40:11',' date_naissance (28 02 2016)',1),(289,82,1,14,'2017-11-23 09:40:12',' date_naissance (22 10 2014)',1),(290,89,1,1,'2017-11-23 09:40:12',NULL,1),(291,83,1,1,'2017-11-23 09:40:12',NULL,1),(292,89,1,14,'2017-11-23 09:40:12',' date_naissance (11 05 2015)',1),(293,95,1,1,'2017-11-23 09:40:12',NULL,1),(294,90,1,1,'2017-11-23 09:40:12',NULL,1),(295,84,1,1,'2017-11-23 09:40:12',NULL,1),(296,90,1,14,'2017-11-23 09:40:12',' date_naissance (15 03 2014)',1),(297,83,1,14,'2017-11-23 09:40:12',' date_naissance (17 01 2013)',1),(298,84,1,14,'2017-11-23 09:40:13',' date_naissance (03 04 2014)',1),(299,91,1,1,'2017-11-23 09:40:13',NULL,1),(300,95,1,14,'2017-11-23 09:40:13',' date_naissance (27 09 2012)',1),(301,91,1,14,'2017-11-23 09:40:13',' date_naissance (26 06 2015)',1),(302,92,1,1,'2017-11-23 09:40:13',NULL,1),(303,96,1,1,'2017-11-23 09:40:13',NULL,1),(304,96,1,14,'2017-11-23 09:40:13',' date_naissance (25 01 2012)',1),(305,92,1,14,'2017-11-23 09:40:13',' date_naissance (10 11 2013)',1),(306,93,1,1,'2017-11-23 09:40:13',NULL,1),(307,93,1,14,'2017-11-23 09:40:13',' date_naissance (31 12 2007)',1),(308,97,1,1,'2017-11-23 09:40:13',NULL,1),(309,97,1,14,'2017-11-23 09:40:14',' date_naissance (16 02 2014)',1),(310,94,1,1,'2017-11-23 09:40:14',NULL,1),(311,98,1,1,'2017-11-23 09:40:14',NULL,1),(312,98,1,14,'2017-11-23 09:40:14',' date_naissance (26 12 2014)',1),(313,94,1,14,'2017-11-23 09:40:14',' date_naissance (10 09 2009)',1),(314,99,1,1,'2017-11-23 09:40:14',NULL,1),(315,99,1,14,'2017-11-23 09:40:14',' date_naissance (28 10 2012)',1),(316,100,1,1,'2017-11-23 09:40:14',NULL,1),(317,105,1,1,'2017-11-23 09:40:14',NULL,1),(318,100,1,14,'2017-11-23 09:40:14',' date_naissance (22 07 2015)',1),(319,101,1,1,'2017-11-23 09:40:15',NULL,1),(320,105,1,14,'2017-11-23 09:40:15',' date_naissance (15 12 2008)',1),(321,106,1,1,'2017-11-23 09:40:15',NULL,1),(322,101,1,14,'2017-11-23 09:40:15',' date_naissance (19 06 2014)',1),(323,102,1,1,'2017-11-23 09:40:15',NULL,1),(324,106,1,14,'2017-11-23 09:40:15',' date_naissance (02 04 2012)',1),(325,102,1,14,'2017-11-23 09:40:15',' date_naissance (15 04 2014)',1),(326,103,1,1,'2017-11-23 09:40:15',NULL,1),(327,107,1,1,'2017-11-23 09:40:15',NULL,1),(328,103,1,14,'2017-11-23 09:40:15',' date_naissance (02 06 2008)',1),(329,107,1,14,'2017-11-23 09:40:16',' date_naissance (21 10 2010)',1),(330,108,1,1,'2017-11-23 09:40:16',NULL,1),(331,104,1,1,'2017-11-23 09:40:16',NULL,1),(332,108,1,14,'2017-11-23 09:40:16',' date_naissance (31 07 2012)',1),(333,104,1,14,'2017-11-23 09:40:16',' date_naissance (11 06 2011)',1),(334,115,1,1,'2017-11-23 09:40:16',NULL,1),(335,109,1,1,'2017-11-23 09:40:16',NULL,1),(336,109,1,14,'2017-11-23 09:40:16',' date_naissance (21 11 2014)',1),(337,110,1,1,'2017-11-23 09:40:16',NULL,1),(338,115,1,14,'2017-11-23 09:40:17',' date_naissance (27 03 2009)',1),(339,110,1,14,'2017-11-23 09:40:17',' date_naissance (20 05 2013)',1),(340,116,1,1,'2017-11-23 09:40:17',NULL,1),(341,116,1,14,'2017-11-23 09:40:17',' date_naissance (07 12 2008)',1),(342,111,1,1,'2017-11-23 09:40:17',NULL,1),(343,117,1,1,'2017-11-23 09:40:17',NULL,1),(344,117,1,14,'2017-11-23 09:40:17',' date_naissance (15 10 2007)',1),(345,111,1,14,'2017-11-23 09:40:17',' date_naissance (17 06 2009)',1),(346,112,1,1,'2017-11-23 09:40:17',NULL,1),(347,118,1,1,'2017-11-23 09:40:17',NULL,1),(348,118,1,14,'2017-11-23 09:40:17',' date_naissance (14 10 2010)',1),(349,112,1,14,'2017-11-23 09:40:18',' date_naissance (29 06 2012)',1),(350,119,1,1,'2017-11-23 09:40:18',NULL,1),(351,113,1,1,'2017-11-23 09:40:18',NULL,1),(352,124,1,1,'2017-11-23 09:40:18',NULL,1),(353,113,1,14,'2017-11-23 09:40:18',' date_naissance (01 01 2014)',1),(354,124,1,14,'2017-11-23 09:40:18',' date_naissance (10 03 2010)',1),(355,114,1,1,'2017-11-23 09:40:18',NULL,1),(356,125,1,1,'2017-11-23 09:40:18',NULL,1),(357,114,1,14,'2017-11-23 09:40:18',' date_naissance (05 10 2013)',1),(358,119,1,14,'2017-11-23 09:40:18',' date_naissance (03 06 2014)',1),(359,125,1,14,'2017-11-23 09:40:19',' date_naissance (18 12 2007)',1),(360,120,1,1,'2017-11-23 09:40:19',NULL,1),(361,126,1,1,'2017-11-23 09:40:19',NULL,1),(362,120,1,14,'2017-11-23 09:40:19',' date_naissance (07 03 2016)',1),(363,126,1,14,'2017-11-23 09:40:19',' date_naissance (28 01 2010)',1),(364,121,1,1,'2017-11-23 09:40:19',NULL,1),(365,121,1,14,'2017-11-23 09:40:19',' date_naissance (16 02 2013)',1),(366,127,1,1,'2017-11-23 09:40:19',NULL,1),(367,122,1,1,'2017-11-23 09:40:19',NULL,1),(368,127,1,14,'2017-11-23 09:40:20',' date_naissance (20 12 2012)',1),(369,122,1,14,'2017-11-23 09:40:20',' date_naissance (14 04 2015)',1),(370,128,1,1,'2017-11-23 09:40:20',NULL,1),(371,134,1,1,'2017-11-23 09:40:20',NULL,1),(372,128,1,14,'2017-11-23 09:40:20',' date_naissance (18 12 2013)',1),(373,123,1,1,'2017-11-23 09:40:20',NULL,1),(374,134,1,14,'2017-11-23 09:40:20',' date_naissance (28 10 2012)',1),(375,129,1,1,'2017-11-23 09:40:20',NULL,1),(376,123,1,14,'2017-11-23 09:40:20',' date_naissance (26 02 2013)',1),(377,129,1,14,'2017-11-23 09:40:20',' date_naissance (12 09 2015)',1),(378,130,1,1,'2017-11-23 09:40:20',NULL,1),(379,135,1,1,'2017-11-23 09:40:21',NULL,1),(380,130,1,14,'2017-11-23 09:40:21',' date_naissance (02 09 2010)',1),(381,131,1,1,'2017-11-23 09:40:21',NULL,1),(382,135,1,14,'2017-11-23 09:40:21',' date_naissance (25 11 2010)',1),(383,131,1,14,'2017-11-23 09:40:21',' date_naissance (27 04 2014)',1),(384,136,1,1,'2017-11-23 09:40:21',NULL,1),(385,132,1,1,'2017-11-23 09:40:21',NULL,1),(386,132,1,14,'2017-11-23 09:40:21',' date_naissance (07 06 2013)',1),(387,136,1,14,'2017-11-23 09:40:21',' date_naissance (13 11 2008)',1),(388,133,1,1,'2017-11-23 09:40:21',NULL,1),(389,137,1,1,'2017-11-23 09:40:22',NULL,1),(390,133,1,14,'2017-11-23 09:40:22',' date_naissance (20 05 2014)',1),(391,137,1,14,'2017-11-23 09:40:22',' date_naissance (06 04 2015)',1),(392,69,1,1,'2017-11-23 09:40:22',NULL,1),(393,138,1,1,'2017-11-23 09:40:22',NULL,1),(394,69,1,14,'2017-11-23 09:40:22',' date_naissance (31 01 2009)',1),(395,70,1,1,'2017-11-23 09:40:22',NULL,1),(396,138,1,14,'2017-11-23 09:40:22',' date_naissance (21 02 2015)',1),(397,70,1,14,'2017-11-23 09:40:22',' date_naissance (10 08 2013)',1),(398,71,1,1,'2017-11-23 09:40:22',NULL,1),(399,139,1,1,'2017-11-23 09:40:23',NULL,1),(400,71,1,14,'2017-11-23 09:40:23',' date_naissance (28 12 2014)',1),(401,139,1,14,'2017-11-23 09:40:23',' date_naissance (31 10 2012)',1),(402,140,1,1,'2017-11-23 09:40:23',NULL,1),(403,144,1,1,'2017-11-23 09:40:23',NULL,1),(404,140,1,14,'2017-11-23 09:40:23',' date_naissance (14 01 2013)',1),(405,141,1,1,'2017-11-23 09:40:23',NULL,1),(406,144,1,14,'2017-11-23 09:40:23',' date_naissance (01 08 2012)',1),(407,141,1,14,'2017-11-23 09:40:23',' date_naissance (23 07 2015)',1),(408,145,1,1,'2017-11-23 09:40:23',NULL,1),(409,142,1,1,'2017-11-23 09:40:24',NULL,1),(410,145,1,14,'2017-11-23 09:40:24',' date_naissance (01 08 2012)',1),(411,142,1,14,'2017-11-23 09:40:24',' date_naissance (01 12 2014)',1),(412,143,1,1,'2017-11-23 09:40:24',NULL,1),(413,151,1,1,'2017-11-23 09:40:24',NULL,1),(414,146,1,1,'2017-11-23 09:40:24',NULL,1),(415,151,1,14,'2017-11-23 09:40:24',' date_naissance (14 16 2013)',1),(416,146,1,14,'2017-11-23 09:40:24',' date_naissance (04 11 2006)',1),(417,152,1,1,'2017-11-23 09:40:24',NULL,1),(418,143,1,14,'2017-11-23 09:40:24',' date_naissance (03 05 2014)',1),(419,147,1,1,'2017-11-23 09:40:25',NULL,1),(420,152,1,14,'2017-11-23 09:40:25',' date_naissance (06 04 2015)',1),(421,153,1,1,'2017-11-23 09:40:25',NULL,1),(422,153,1,14,'2017-11-23 09:40:25',' date_naissance (08 03 2011)',1),(423,147,1,14,'2017-11-23 09:40:25',' date_naissance (22 09 2012)',1),(424,148,1,1,'2017-11-23 09:40:25',NULL,1),(425,154,1,1,'2017-11-23 09:40:25',NULL,1),(426,154,1,14,'2017-11-23 09:40:25',' date_naissance (08 04 2013)',1),(427,155,1,1,'2017-11-23 09:40:25',NULL,1),(428,148,1,14,'2017-11-23 09:40:26',' date_naissance (18 05 2010)',1),(429,155,1,14,'2017-11-23 09:40:26',' date_naissance (28 10 2009)',1),(430,149,1,1,'2017-11-23 09:40:26',NULL,1),(431,149,1,14,'2017-11-23 09:40:26',' date_naissance (29 06 2008)',1),(432,161,1,14,'2017-11-23 09:40:26',' date_naissance (10 12 2011)',1),(433,161,1,1,'2017-11-23 09:40:26',NULL,1),(434,156,1,1,'2017-11-23 09:40:26',NULL,1),(435,150,1,1,'2017-11-23 09:40:26',NULL,1),(436,150,1,14,'2017-11-23 09:40:26',' date_naissance (09 03 2015)',1),(437,156,1,14,'2017-11-23 09:40:26',' date_naissance (15 06 2014)',1),(438,157,1,1,'2017-11-23 09:40:27',NULL,1),(439,157,1,14,'2017-11-23 09:40:27',' date_naissance (13 01 2009)',1),(440,158,1,1,'2017-11-23 09:40:27',NULL,1),(441,158,1,14,'2017-11-23 09:40:27',' date_naissance (13 01 2012)',1),(442,159,1,1,'2017-11-23 09:40:27',NULL,1),(443,159,1,14,'2017-11-23 09:40:27',' date_naissance (09 12 2007)',1),(444,160,1,1,'2017-11-23 09:40:27',NULL,1),(445,160,1,14,'2017-11-23 09:40:27',' date_naissance (12 08 2008)',1),(446,10,1,11,'2017-11-23 12:43:36','gs://pcdn.popinz.fr/1/protected/pVco4dNFBUGhwIb1SZk5jfxJRe06MEQs.png',1),(447,162,2,1,'2017-11-30 13:47:31',NULL,1),(448,163,2,1,'2017-11-30 13:49:30',NULL,1),(449,164,2,1,'2017-11-30 13:50:16',NULL,1),(450,165,2,1,'2017-12-04 11:07:46',NULL,1),(451,162,NULL,6,'2017-12-04 11:56:27',NULL,1),(452,162,162,8,'2017-12-05 08:00:59',NULL,1),(453,162,162,9,'2017-12-05 08:08:41',NULL,1),(454,162,162,14,'2017-12-05 08:35:12','Bénévole',1),(455,6,162,3,'2017-12-05 08:36:13',NULL,1),(456,7,162,3,'2017-12-05 08:36:13',NULL,1),(457,162,NULL,6,'2017-12-05 08:36:13',NULL,1),(458,54,162,3,'2017-12-05 08:50:57',NULL,1),(459,162,NULL,6,'2017-12-05 08:50:57',NULL,1),(460,164,162,9,'2017-12-05 08:54:27',NULL,1),(461,8,1,14,'2017-12-06 10:13:44','Adresse de la mère',1),(462,166,1,1,'2017-12-06 10:30:58',NULL,1),(463,167,1,14,'2017-12-06 10:30:59',' date_naissance (24 07 2012)',1),(464,171,1,1,'2017-12-06 10:30:59',NULL,1),(465,171,1,14,'2017-12-06 10:30:59',' date_naissance (31 01 2009)',1),(466,166,1,14,'2017-12-06 10:31:00',' date_naissance (14 11 2012)',1),(467,172,1,1,'2017-12-06 10:31:00',NULL,1),(468,167,1,1,'2017-12-06 10:31:00',NULL,1),(469,172,1,14,'2017-12-06 10:31:00',' date_naissance (10 08 2013)',1),(470,169,1,1,'2017-12-06 10:31:00',NULL,1),(471,168,1,14,'2017-12-06 10:31:01',' date_naissance (21 12 2013)',1),(472,168,1,1,'2017-12-06 10:31:01',NULL,1),(473,170,1,1,'2017-12-06 10:31:01',NULL,1),(474,170,1,14,'2017-12-06 10:31:01',' date_naissance (12 01 2013)',1),(475,169,1,14,'2017-12-06 10:31:01',' date_naissance (20 06 2014)',1),(476,173,1,14,'2017-12-06 10:31:02',' date_naissance (28 12 2014)',1),(477,173,1,1,'2017-12-06 10:31:02',NULL,1),(478,175,1,1,'2017-12-06 10:31:03',NULL,1),(479,174,1,14,'2017-12-06 10:31:03',' date_naissance (08 08 2011)',1),(480,174,1,1,'2017-12-06 10:31:03',NULL,1),(481,176,1,1,'2017-12-06 10:31:03',NULL,1),(482,177,1,14,'2017-12-06 10:31:03',' date_naissance (23 03 2013)',1),(483,178,1,1,'2017-12-06 10:31:03',NULL,1),(484,178,1,14,'2017-12-06 10:31:03',' date_naissance (14 04 2011)',1),(485,179,1,1,'2017-12-06 10:31:03',NULL,1),(486,179,1,14,'2017-12-06 10:31:03',' date_naissance (16 04 2014)',1),(487,175,1,14,'2017-12-06 10:31:03',' date_naissance (24 11 2013)',1),(488,176,1,14,'2017-12-06 10:31:03',' date_naissance (24 05 2012)',1),(489,180,1,1,'2017-12-06 10:31:03',NULL,1),(490,180,1,14,'2017-12-06 10:31:03',' date_naissance (12 11 2015)',1),(491,186,1,14,'2017-12-06 10:31:04',' date_naissance (03 04 2014)',1),(492,187,1,1,'2017-12-06 10:31:04',NULL,1),(493,181,1,1,'2017-12-06 10:31:04',NULL,1),(494,177,1,1,'2017-12-06 10:31:04',NULL,1),(495,187,1,14,'2017-12-06 10:31:04',' date_naissance (08 12 2008)',1),(496,181,1,14,'2017-12-06 10:31:04',' date_naissance (27 07 2014)',1),(497,182,1,1,'2017-12-06 10:31:04',NULL,1),(498,188,1,1,'2017-12-06 10:31:04',NULL,1),(499,182,1,14,'2017-12-06 10:31:04',' date_naissance (18 04 2014)',1),(500,188,1,14,'2017-12-06 10:31:04',' date_naissance (09 11 2011)',1),(501,183,1,1,'2017-12-06 10:31:04',NULL,1),(502,189,1,1,'2017-12-06 10:31:05',NULL,1),(503,189,1,14,'2017-12-06 10:31:05',' date_naissance (27 01 2007)',1),(504,183,1,14,'2017-12-06 10:31:05',' date_naissance (03 01 2014)',1),(505,190,1,1,'2017-12-06 10:31:05',NULL,1),(506,184,1,1,'2017-12-06 10:31:05',NULL,1),(507,184,1,14,'2017-12-06 10:31:05',' date_naissance (22 10 2014)',1),(508,190,1,14,'2017-12-06 10:31:05',' date_naissance (28 02 2016)',1),(509,185,1,1,'2017-12-06 10:31:05',NULL,1),(510,185,1,14,'2017-12-06 10:31:05',' date_naissance (17 01 2013)',1),(511,186,1,1,'2017-12-06 10:31:05',NULL,1),(512,191,1,1,'2017-12-06 10:31:05',NULL,1),(513,197,1,1,'2017-12-06 10:31:06',NULL,1),(514,197,1,14,'2017-12-06 10:31:06',' date_naissance (27 09 2012)',1),(515,198,1,1,'2017-12-06 10:31:06',NULL,1),(516,191,1,14,'2017-12-06 10:31:06',' date_naissance (11 05 2015)',1),(517,192,1,1,'2017-12-06 10:31:06',NULL,1),(518,198,1,14,'2017-12-06 10:31:06',' date_naissance (25 01 2012)',1),(519,192,1,14,'2017-12-06 10:31:06',' date_naissance (15 03 2014)',1),(520,199,1,1,'2017-12-06 10:31:06',NULL,1),(521,199,1,14,'2017-12-06 10:31:06',' date_naissance (16 02 2014)',1),(522,193,1,1,'2017-12-06 10:31:07',NULL,1),(523,193,1,14,'2017-12-06 10:31:07',' date_naissance (26 06 2015)',1),(524,200,1,1,'2017-12-06 10:31:07',NULL,1),(525,194,1,1,'2017-12-06 10:31:07',NULL,1),(526,194,1,14,'2017-12-06 10:31:07',' date_naissance (10 11 2013)',1),(527,200,1,14,'2017-12-06 10:31:07',' date_naissance (26 12 2014)',1),(528,201,1,1,'2017-12-06 10:31:07',NULL,1),(529,195,1,1,'2017-12-06 10:31:07',NULL,1),(530,195,1,14,'2017-12-06 10:31:07',' date_naissance (31 12 2007)',1),(531,196,1,1,'2017-12-06 10:31:07',NULL,1),(532,201,1,14,'2017-12-06 10:31:07',' date_naissance (28 10 2012)',1),(533,196,1,14,'2017-12-06 10:31:08',' date_naissance (10 09 2009)',1),(534,202,1,1,'2017-12-06 10:31:08',NULL,1),(535,207,1,1,'2017-12-06 10:31:08',NULL,1),(536,202,1,14,'2017-12-06 10:31:08',' date_naissance (22 07 2015)',1),(537,203,1,1,'2017-12-06 10:31:08',NULL,1),(538,207,1,14,'2017-12-06 10:31:08',' date_naissance (15 12 2008)',1),(539,208,1,1,'2017-12-06 10:31:08',NULL,1),(540,208,1,14,'2017-12-06 10:31:08',' date_naissance (02 04 2012)',1),(541,203,1,14,'2017-12-06 10:31:08',' date_naissance (19 06 2014)',1),(542,204,1,1,'2017-12-06 10:31:08',NULL,1),(543,209,1,1,'2017-12-06 10:31:09',NULL,1),(544,204,1,14,'2017-12-06 10:31:09',' date_naissance (15 04 2014)',1),(545,209,1,14,'2017-12-06 10:31:09',' date_naissance (21 10 2010)',1),(546,205,1,1,'2017-12-06 10:31:09',NULL,1),(547,205,1,14,'2017-12-06 10:31:09',' date_naissance (02 06 2008)',1),(548,210,1,1,'2017-12-06 10:31:09',NULL,1),(549,210,1,14,'2017-12-06 10:31:09',' date_naissance (31 07 2012)',1),(550,206,1,1,'2017-12-06 10:31:09',NULL,1),(551,206,1,14,'2017-12-06 10:31:09',' date_naissance (11 06 2011)',1),(552,217,1,1,'2017-12-06 10:31:10',NULL,1),(553,217,1,14,'2017-12-06 10:31:10',' date_naissance (27 03 2009)',1),(554,211,1,1,'2017-12-06 10:31:10',NULL,1),(555,218,1,1,'2017-12-06 10:31:10',NULL,1),(556,218,1,14,'2017-12-06 10:31:10',' date_naissance (07 12 2008)',1),(557,219,1,1,'2017-12-06 10:31:10',NULL,1),(558,211,1,14,'2017-12-06 10:31:10',' date_naissance (21 11 2014)',1),(559,212,1,1,'2017-12-06 10:31:10',NULL,1),(560,219,1,14,'2017-12-06 10:31:10',' date_naissance (15 10 2007)',1),(561,220,1,1,'2017-12-06 10:31:10',NULL,1),(562,220,1,14,'2017-12-06 10:31:10',' date_naissance (14 10 2010)',1),(563,212,1,14,'2017-12-06 10:31:11',' date_naissance (20 05 2013)',1),(564,213,1,1,'2017-12-06 10:31:11',NULL,1),(565,213,1,14,'2017-12-06 10:31:11',' date_naissance (17 06 2009)',1),(566,221,1,1,'2017-12-06 10:31:11',NULL,1),(567,221,1,14,'2017-12-06 10:31:11',' date_naissance (03 06 2014)',1),(568,214,1,1,'2017-12-06 10:31:11',NULL,1),(569,222,1,1,'2017-12-06 10:31:11',NULL,1),(570,222,1,14,'2017-12-06 10:31:11',' date_naissance (07 03 2016)',1),(571,227,1,1,'2017-12-06 10:31:11',NULL,1),(572,223,1,1,'2017-12-06 10:31:12',NULL,1),(573,214,1,14,'2017-12-06 10:31:12',' date_naissance (29 06 2012)',1),(574,215,1,1,'2017-12-06 10:31:12',NULL,1),(575,227,1,14,'2017-12-06 10:31:12',' date_naissance (18 12 2007)',1),(576,223,1,14,'2017-12-06 10:31:12',' date_naissance (16 02 2013)',1),(577,215,1,14,'2017-12-06 10:31:12',' date_naissance (01 01 2014)',1),(578,216,1,1,'2017-12-06 10:31:12',NULL,1),(579,224,1,1,'2017-12-06 10:31:12',NULL,1),(580,228,1,1,'2017-12-06 10:31:12',NULL,1),(581,224,1,14,'2017-12-06 10:31:12',' date_naissance (14 04 2015)',1),(582,228,1,14,'2017-12-06 10:31:12',' date_naissance (28 01 2010)',1),(583,225,1,1,'2017-12-06 10:31:13',NULL,1),(584,216,1,14,'2017-12-06 10:31:13',' date_naissance (05 10 2013)',1),(585,229,1,1,'2017-12-06 10:31:13',NULL,1),(586,229,1,14,'2017-12-06 10:31:13',' date_naissance (20 12 2012)',1),(587,225,1,14,'2017-12-06 10:31:13',' date_naissance (26 02 2013)',1),(588,226,1,1,'2017-12-06 10:31:13',NULL,1),(589,236,1,1,'2017-12-06 10:31:13',NULL,1),(590,230,1,1,'2017-12-06 10:31:13',NULL,1),(591,236,1,14,'2017-12-06 10:31:13',' date_naissance (28 10 2012)',1),(592,237,1,1,'2017-12-06 10:31:14',NULL,1),(593,226,1,14,'2017-12-06 10:31:14',' date_naissance (10 03 2010)',1),(594,237,1,14,'2017-12-06 10:31:14',' date_naissance (25 11 2010)',1),(595,238,1,1,'2017-12-06 10:31:14',NULL,1),(596,230,1,14,'2017-12-06 10:31:14',' date_naissance (18 12 2013)',1),(597,238,1,14,'2017-12-06 10:31:14',' date_naissance (13 11 2008)',1),(598,231,1,1,'2017-12-06 10:31:14',NULL,1),(599,231,1,14,'2017-12-06 10:31:14',' date_naissance (12 09 2015)',1),(600,239,1,1,'2017-12-06 10:31:14',NULL,1),(601,239,1,14,'2017-12-06 10:31:14',' date_naissance (06 04 2015)',1),(602,232,1,1,'2017-12-06 10:31:14',NULL,1),(603,232,1,14,'2017-12-06 10:31:15',' date_naissance (02 09 2010)',1),(604,233,1,1,'2017-12-06 10:31:15',NULL,1),(605,240,1,1,'2017-12-06 10:31:15',NULL,1),(606,240,1,14,'2017-12-06 10:31:15',' date_naissance (21 02 2015)',1),(607,233,1,14,'2017-12-06 10:31:15',' date_naissance (27 04 2014)',1),(608,234,1,1,'2017-12-06 10:31:15',NULL,1),(609,246,1,1,'2017-12-06 10:31:15',NULL,1),(610,246,1,14,'2017-12-06 10:31:15',' date_naissance (01 08 2012)',1),(611,241,1,1,'2017-12-06 10:31:15',NULL,1),(612,241,1,14,'2017-12-06 10:31:16',' date_naissance (31 10 2012)',1),(613,234,1,14,'2017-12-06 10:31:16',' date_naissance (07 06 2013)',1),(614,242,1,1,'2017-12-06 10:31:16',NULL,1),(615,247,1,1,'2017-12-06 10:31:16',NULL,1),(616,247,1,14,'2017-12-06 10:31:16',' date_naissance (01 08 2012)',1),(617,242,1,14,'2017-12-06 10:31:16',' date_naissance (14 01 2013)',1),(618,235,1,1,'2017-12-06 10:31:16',NULL,1),(619,235,1,14,'2017-12-06 10:31:16',' date_naissance (20 05 2014)',1),(620,248,1,1,'2017-12-06 10:31:16',NULL,1),(621,248,1,14,'2017-12-06 10:31:16',' date_naissance (04 11 2006)',1),(622,243,1,1,'2017-12-06 10:31:16',NULL,1),(623,243,1,14,'2017-12-06 10:31:17',' date_naissance (23 07 2015)',1),(624,249,1,1,'2017-12-06 10:31:17',NULL,1),(625,244,1,1,'2017-12-06 10:31:17',NULL,1),(626,244,1,14,'2017-12-06 10:31:17',' date_naissance (01 12 2014)',1),(627,249,1,14,'2017-12-06 10:31:17',' date_naissance (22 09 2012)',1),(628,245,1,1,'2017-12-06 10:31:17',NULL,1),(629,250,1,1,'2017-12-06 10:31:17',NULL,1),(630,245,1,14,'2017-12-06 10:31:17',' date_naissance (03 05 2014)',1),(631,250,1,14,'2017-12-06 10:31:17',' date_naissance (18 05 2010)',1),(632,251,1,1,'2017-12-06 10:31:17',NULL,1),(633,256,1,14,'2017-12-06 10:31:18',' date_naissance (08 04 2013)',1),(634,257,1,1,'2017-12-06 10:31:18',NULL,1),(635,251,1,14,'2017-12-06 10:31:18',' date_naissance (29 06 2008)',1),(636,257,1,14,'2017-12-06 10:31:18',' date_naissance (28 10 2009)',1),(637,258,1,1,'2017-12-06 10:31:18',NULL,1),(638,258,1,14,'2017-12-06 10:31:18',' date_naissance (15 06 2014)',1),(639,252,1,1,'2017-12-06 10:31:18',NULL,1),(640,252,1,14,'2017-12-06 10:31:18',' date_naissance (09 03 2015)',1),(641,253,1,1,'2017-12-06 10:31:18',NULL,1),(642,259,1,1,'2017-12-06 10:31:18',NULL,1),(643,253,1,14,'2017-12-06 10:31:19',' date_naissance (14 16 2013)',1),(644,254,1,1,'2017-12-06 10:31:19',NULL,1),(645,259,1,14,'2017-12-06 10:31:19',' date_naissance (13 01 2009)',1),(646,254,1,14,'2017-12-06 10:31:19',' date_naissance (06 04 2015)',1),(647,260,1,1,'2017-12-06 10:31:19',NULL,1),(648,255,1,1,'2017-12-06 10:31:19',NULL,1),(649,255,1,14,'2017-12-06 10:31:19',' date_naissance (08 03 2011)',1),(650,260,1,14,'2017-12-06 10:31:19',' date_naissance (13 01 2012)',1),(651,261,1,1,'2017-12-06 10:31:19',NULL,1),(652,256,1,1,'2017-12-06 10:31:19',NULL,1),(653,261,1,14,'2017-12-06 10:31:20',' date_naissance (09 12 2007)',1),(654,262,1,1,'2017-12-06 10:31:20',NULL,1),(655,262,1,14,'2017-12-06 10:31:20',' date_naissance (12 08 2008)',1),(656,263,1,1,'2017-12-06 10:31:20',NULL,1),(657,263,1,14,'2017-12-06 10:31:20',' date_naissance (10 12 2011)',1),(658,166,1,2,'2017-12-06 10:32:59',NULL,1),(659,5,1,2,'2017-12-06 10:35:07',NULL,1),(660,68,1,2,'2017-12-06 10:35:07',NULL,1),(661,70,1,2,'2017-12-06 10:35:07',NULL,1),(662,15,1,2,'2017-12-06 10:35:08',NULL,1),(663,64,1,2,'2017-12-06 10:35:08',NULL,1),(664,4,1,2,'2017-12-06 10:35:08',NULL,1),(665,1,1,2,'2017-12-06 10:35:09',NULL,1),(666,66,1,2,'2017-12-06 10:35:09',NULL,1),(667,65,1,2,'2017-12-06 10:35:09',NULL,1),(668,67,1,2,'2017-12-06 10:35:10',NULL,1),(669,74,1,2,'2017-12-06 10:35:10',NULL,1),(670,71,1,2,'2017-12-06 10:35:10',NULL,1),(671,72,1,2,'2017-12-06 10:35:10',NULL,1),(672,69,1,2,'2017-12-06 10:35:10',NULL,1),(673,76,1,2,'2017-12-06 10:35:10',NULL,1),(674,78,1,2,'2017-12-06 10:35:10',NULL,1),(675,80,1,2,'2017-12-06 10:35:10',NULL,1),(676,77,1,2,'2017-12-06 10:35:10',NULL,1),(677,73,1,2,'2017-12-06 10:35:10',NULL,1),(678,85,1,2,'2017-12-06 10:35:10',NULL,1),(679,82,1,2,'2017-12-06 10:35:11',NULL,1),(680,83,1,2,'2017-12-06 10:35:11',NULL,1),(681,86,1,2,'2017-12-06 10:35:11',NULL,1),(682,87,1,2,'2017-12-06 10:35:11',NULL,1),(683,75,1,2,'2017-12-06 10:35:11',NULL,1),(684,81,1,2,'2017-12-06 10:35:11',NULL,1),(685,79,1,2,'2017-12-06 10:35:11',NULL,1),(686,88,1,2,'2017-12-06 10:35:11',NULL,1),(687,89,1,2,'2017-12-06 10:35:11',NULL,1),(688,90,1,2,'2017-12-06 10:35:11',NULL,1),(689,91,1,2,'2017-12-06 10:35:11',NULL,1),(690,92,1,2,'2017-12-06 10:35:11',NULL,1),(691,84,1,2,'2017-12-06 10:35:12',NULL,1),(692,105,1,2,'2017-12-06 10:35:12',NULL,1),(693,106,1,2,'2017-12-06 10:35:12',NULL,1),(694,93,1,2,'2017-12-06 10:35:12',NULL,1),(695,107,1,2,'2017-12-06 10:35:12',NULL,1),(696,108,1,2,'2017-12-06 10:35:12',NULL,1),(697,94,1,2,'2017-12-06 10:35:12',NULL,1),(698,95,1,2,'2017-12-06 10:35:12',NULL,1),(699,109,1,2,'2017-12-06 10:35:12',NULL,1),(700,110,1,2,'2017-12-06 10:35:12',NULL,1),(701,96,1,2,'2017-12-06 10:35:12',NULL,1),(702,111,1,2,'2017-12-06 10:35:12',NULL,1),(703,112,1,2,'2017-12-06 10:35:13',NULL,1),(704,97,1,2,'2017-12-06 10:35:13',NULL,1),(705,98,1,2,'2017-12-06 10:35:13',NULL,1),(706,99,1,2,'2017-12-06 10:35:13',NULL,1),(707,113,1,2,'2017-12-06 10:35:13',NULL,1),(708,100,1,2,'2017-12-06 10:35:13',NULL,1),(709,114,1,2,'2017-12-06 10:35:13',NULL,1),(710,115,1,2,'2017-12-06 10:35:13',NULL,1),(711,125,1,2,'2017-12-06 10:35:13',NULL,1),(712,126,1,2,'2017-12-06 10:35:13',NULL,1),(713,127,1,2,'2017-12-06 10:35:14',NULL,1),(714,101,1,2,'2017-12-06 10:35:14',NULL,1),(715,128,1,2,'2017-12-06 10:35:14',NULL,1),(716,116,1,2,'2017-12-06 10:35:14',NULL,1),(717,102,1,2,'2017-12-06 10:35:14',NULL,1),(718,117,1,2,'2017-12-06 10:35:14',NULL,1),(719,118,1,2,'2017-12-06 10:35:14',NULL,1),(720,119,1,2,'2017-12-06 10:35:14',NULL,1),(721,103,1,2,'2017-12-06 10:35:14',NULL,1),(722,129,1,2,'2017-12-06 10:35:14',NULL,1),(723,120,1,2,'2017-12-06 10:35:15',NULL,1),(724,121,1,2,'2017-12-06 10:35:15',NULL,1),(725,104,1,2,'2017-12-06 10:35:15',NULL,1),(726,122,1,2,'2017-12-06 10:35:15',NULL,1),(727,130,1,2,'2017-12-06 10:35:15',NULL,1),(728,123,1,2,'2017-12-06 10:35:15',NULL,1),(729,124,1,2,'2017-12-06 10:35:15',NULL,1),(730,131,1,2,'2017-12-06 10:35:15',NULL,1),(731,145,1,2,'2017-12-06 10:35:15',NULL,1),(732,132,1,2,'2017-12-06 10:35:15',NULL,1),(733,146,1,2,'2017-12-06 10:35:16',NULL,1),(734,147,1,2,'2017-12-06 10:35:16',NULL,1),(735,133,1,2,'2017-12-06 10:35:16',NULL,1),(736,134,1,2,'2017-12-06 10:35:16',NULL,1),(737,135,1,2,'2017-12-06 10:35:16',NULL,1),(738,148,1,2,'2017-12-06 10:35:16',NULL,1),(739,149,1,2,'2017-12-06 10:35:16',NULL,1),(740,150,1,2,'2017-12-06 10:35:16',NULL,1),(741,151,1,2,'2017-12-06 10:35:16',NULL,1),(742,136,1,2,'2017-12-06 10:35:16',NULL,1),(743,137,1,2,'2017-12-06 10:35:17',NULL,1),(744,138,1,2,'2017-12-06 10:35:17',NULL,1),(745,152,1,2,'2017-12-06 10:35:17',NULL,1),(746,153,1,2,'2017-12-06 10:35:17',NULL,1),(747,139,1,2,'2017-12-06 10:35:17',NULL,1),(748,140,1,2,'2017-12-06 10:35:17',NULL,1),(749,154,1,2,'2017-12-06 10:35:17',NULL,1),(750,141,1,2,'2017-12-06 10:35:17',NULL,1),(751,155,1,2,'2017-12-06 10:35:17',NULL,1),(752,156,1,2,'2017-12-06 10:35:17',NULL,1),(753,170,1,2,'2017-12-06 10:35:18',NULL,1),(754,142,1,2,'2017-12-06 10:35:18',NULL,1),(755,157,1,2,'2017-12-06 10:35:18',NULL,1),(756,171,1,2,'2017-12-06 10:35:18',NULL,1),(757,143,1,2,'2017-12-06 10:35:18',NULL,1),(758,144,1,2,'2017-12-06 10:35:18',NULL,1),(759,172,1,2,'2017-12-06 10:35:18',NULL,1),(760,173,1,2,'2017-12-06 10:35:18',NULL,1),(761,158,1,2,'2017-12-06 10:35:18',NULL,1),(762,174,1,2,'2017-12-06 10:35:18',NULL,1),(763,159,1,2,'2017-12-06 10:35:19',NULL,1),(764,175,1,2,'2017-12-06 10:35:19',NULL,1),(765,160,1,2,'2017-12-06 10:35:19',NULL,1),(766,176,1,2,'2017-12-06 10:35:19',NULL,1),(767,161,1,2,'2017-12-06 10:35:19',NULL,1),(768,167,1,2,'2017-12-06 10:35:19',NULL,1),(769,177,1,2,'2017-12-06 10:35:19',NULL,1),(770,168,1,2,'2017-12-06 10:35:19',NULL,1),(771,169,1,2,'2017-12-06 10:35:19',NULL,1),(772,178,1,2,'2017-12-06 10:35:19',NULL,1),(773,179,1,2,'2017-12-06 10:35:20',NULL,1),(774,180,1,2,'2017-12-06 10:35:20',NULL,1),(775,190,1,2,'2017-12-06 10:35:20',NULL,1),(776,191,1,2,'2017-12-06 10:35:20',NULL,1),(777,181,1,2,'2017-12-06 10:35:20',NULL,1),(778,192,1,2,'2017-12-06 10:35:20',NULL,1),(779,193,1,2,'2017-12-06 10:35:20',NULL,1),(780,182,1,2,'2017-12-06 10:35:20',NULL,1),(781,194,1,2,'2017-12-06 10:35:20',NULL,1),(782,183,1,2,'2017-12-06 10:35:21',NULL,1),(783,184,1,2,'2017-12-06 10:35:21',NULL,1),(784,195,1,2,'2017-12-06 10:35:21',NULL,1),(785,196,1,2,'2017-12-06 10:35:21',NULL,1),(786,197,1,2,'2017-12-06 10:35:21',NULL,1),(787,185,1,2,'2017-12-06 10:35:21',NULL,1),(788,186,1,2,'2017-12-06 10:35:21',NULL,1),(789,198,1,2,'2017-12-06 10:35:21',NULL,1),(790,199,1,2,'2017-12-06 10:35:21',NULL,1),(791,200,1,2,'2017-12-06 10:35:21',NULL,1),(792,187,1,2,'2017-12-06 10:35:21',NULL,1),(793,188,1,2,'2017-12-06 10:35:22',NULL,1),(794,189,1,2,'2017-12-06 10:35:22',NULL,1),(795,201,1,2,'2017-12-06 10:35:22',NULL,1),(796,210,1,2,'2017-12-06 10:35:22',NULL,1),(797,211,1,2,'2017-12-06 10:35:22',NULL,1),(798,202,1,2,'2017-12-06 10:35:22',NULL,1),(799,203,1,2,'2017-12-06 10:35:22',NULL,1),(800,204,1,2,'2017-12-06 10:35:22',NULL,1),(801,212,1,2,'2017-12-06 10:35:22',NULL,1),(802,205,1,2,'2017-12-06 10:35:22',NULL,1),(803,213,1,2,'2017-12-06 10:35:23',NULL,1),(804,214,1,2,'2017-12-06 10:35:23',NULL,1),(805,206,1,2,'2017-12-06 10:35:23',NULL,1),(806,207,1,2,'2017-12-06 10:35:23',NULL,1),(807,215,1,2,'2017-12-06 10:35:23',NULL,1),(808,208,1,2,'2017-12-06 10:35:23',NULL,1),(809,216,1,2,'2017-12-06 10:35:23',NULL,1),(810,217,1,2,'2017-12-06 10:35:23',NULL,1),(811,218,1,2,'2017-12-06 10:35:23',NULL,1),(812,209,1,2,'2017-12-06 10:35:23',NULL,1),(813,219,1,2,'2017-12-06 10:35:24',NULL,1),(814,230,1,2,'2017-12-06 10:35:24',NULL,1),(815,220,1,2,'2017-12-06 10:35:24',NULL,1),(816,231,1,2,'2017-12-06 10:35:24',NULL,1),(817,232,1,2,'2017-12-06 10:35:24',NULL,1),(818,221,1,2,'2017-12-06 10:35:24',NULL,1),(819,222,1,2,'2017-12-06 10:35:24',NULL,1),(820,233,1,2,'2017-12-06 10:35:24',NULL,1),(821,234,1,2,'2017-12-06 10:35:24',NULL,1),(822,235,1,2,'2017-12-06 10:35:24',NULL,1),(823,223,1,2,'2017-12-06 10:35:25',NULL,1),(824,224,1,2,'2017-12-06 10:35:25',NULL,1),(825,236,1,2,'2017-12-06 10:35:25',NULL,1),(826,237,1,2,'2017-12-06 10:35:25',NULL,1),(827,225,1,2,'2017-12-06 10:35:25',NULL,1),(828,226,1,2,'2017-12-06 10:35:25',NULL,1),(829,238,1,2,'2017-12-06 10:35:25',NULL,1),(830,239,1,2,'2017-12-06 10:35:25',NULL,1),(831,227,1,2,'2017-12-06 10:35:25',NULL,1),(832,240,1,2,'2017-12-06 10:35:25',NULL,1),(833,228,1,2,'2017-12-06 10:35:26',NULL,1),(834,229,1,2,'2017-12-06 10:35:26',NULL,1),(835,250,1,2,'2017-12-06 10:35:26',NULL,1),(836,241,1,2,'2017-12-06 10:35:26',NULL,1),(837,242,1,2,'2017-12-06 10:35:26',NULL,1),(838,251,1,2,'2017-12-06 10:35:26',NULL,1),(839,252,1,2,'2017-12-06 10:35:26',NULL,1),(840,243,1,2,'2017-12-06 10:35:26',NULL,1),(841,253,1,2,'2017-12-06 10:35:26',NULL,1),(842,244,1,2,'2017-12-06 10:35:26',NULL,1),(843,254,1,2,'2017-12-06 10:35:27',NULL,1),(844,245,1,2,'2017-12-06 10:35:27',NULL,1),(845,246,1,2,'2017-12-06 10:35:27',NULL,1),(846,255,1,2,'2017-12-06 10:35:27',NULL,1),(847,256,1,2,'2017-12-06 10:35:27',NULL,1),(848,247,1,2,'2017-12-06 10:35:27',NULL,1),(849,257,1,2,'2017-12-06 10:35:27',NULL,1),(850,248,1,2,'2017-12-06 10:35:27',NULL,1),(851,258,1,2,'2017-12-06 10:35:27',NULL,1),(852,249,1,2,'2017-12-06 10:35:28',NULL,1),(853,259,1,2,'2017-12-06 10:35:28',NULL,1),(854,260,1,2,'2017-12-06 10:35:28',NULL,1),(855,261,1,2,'2017-12-06 10:35:28',NULL,1),(856,262,1,2,'2017-12-06 10:35:28',NULL,1),(857,263,1,2,'2017-12-06 10:35:28',NULL,1),(858,264,1,1,'2017-12-06 10:44:11',NULL,1),(859,7,1,5,'2017-12-06 10:47:53',NULL,1),(860,14,1,3,'2017-12-06 10:47:53',NULL,1),(861,1,NULL,6,'2017-12-06 10:47:54',NULL,1),(862,12,1,5,'2017-12-06 10:47:54',NULL,1),(863,9,1,3,'2017-12-06 10:47:54',NULL,1),(864,265,1,1,'2017-12-06 10:49:48',NULL,1),(865,1,NULL,10,'2017-12-06 10:51:12',' sms_is_active (1) sms_sender (EcoleLilas)',1),(866,265,1,3,'2017-12-06 10:52:18',NULL,1),(867,1,NULL,6,'2017-12-06 10:52:18',NULL,1),(868,1,NULL,10,'2017-12-06 11:01:40',' sms_is_active (1) sms_sender (DEMO)',1),(869,265,1,3,'2017-12-06 11:14:38',NULL,1),(870,1,NULL,6,'2017-12-06 11:14:38',NULL,1),(871,8,1,14,'2017-12-07 10:01:41','N° de sécurité sociale',1),(872,266,1,1,'2017-12-07 10:07:59',NULL,1),(873,265,1,2,'2017-12-07 10:08:10',NULL,1),(874,13,1,5,'2017-12-07 10:09:06',NULL,1),(875,7,1,5,'2017-12-07 10:09:07',NULL,1),(876,12,1,3,'2017-12-07 10:09:09',NULL,1),(877,14,1,3,'2017-12-07 10:09:09',NULL,1),(878,266,1,3,'2017-12-07 10:09:10',NULL,1),(879,1,NULL,6,'2017-12-07 10:09:10',NULL,1),(880,267,1,1,'2017-12-07 10:24:36',NULL,1),(881,268,1,14,'2017-12-07 10:24:37',' date_naissance (24 07 2012) adresse (6 rue Mourre 84000 Avignon)',1),(882,270,1,1,'2017-12-07 10:24:37',NULL,1),(883,267,1,14,'2017-12-07 10:24:38',' date_naissance (14 11 2012) adresse (20 rue Alain Chartier 84140 Montfavet)',1),(884,268,1,1,'2017-12-07 10:24:38',NULL,1),(885,269,1,1,'2017-12-07 10:24:38',NULL,1),(886,269,1,14,'2017-12-07 10:24:39',' date_naissance (21 12 2013) adresse (25 rue du creuset lot, Les L du moulin 84270 Vedène)',1),(887,270,1,14,'2017-12-07 10:24:39',' date_naissance (20 06 2014) adresse (4 rue Ninon Vallin 84000 Avignon)',1),(888,272,1,1,'2017-12-07 10:24:39',NULL,1),(889,271,1,14,'2017-12-07 10:24:39',' date_naissance (12 01 2013) adresse (73 rue Alfred Bergier 84140 Montfavet)',1),(890,271,1,1,'2017-12-07 10:24:39',NULL,1),(891,273,1,14,'2017-12-07 10:24:40',' date_naissance (10 08 2013) adresse (129 chemin des Agassins 84130 Le Pontet)',1),(892,272,1,14,'2017-12-07 10:24:40',' date_naissance (31 01 2009) adresse (128 chemin des Agassins 84130 Le Pontet)',1),(893,274,1,1,'2017-12-07 10:24:41',NULL,1),(894,274,1,14,'2017-12-07 10:24:41',' date_naissance (28 12 2014) adresse (19 bis rue Kruger 84000 Avignon)',1),(895,277,1,14,'2017-12-07 10:24:41',' date_naissance (24 05 2012) adresse (2 rue Henry Matisse 84310 Morères-les-Avignon)',1),(896,278,1,1,'2017-12-07 10:24:41',NULL,1),(897,278,1,14,'2017-12-07 10:24:41',' date_naissance (23 03 2013) adresse (8 rue Charloun Rieu 13670 St Andiol)',1),(898,275,1,1,'2017-12-07 10:24:41',NULL,1),(899,276,1,1,'2017-12-07 10:24:41',NULL,1),(900,280,1,1,'2017-12-07 10:24:42',NULL,1),(901,273,1,1,'2017-12-07 10:24:42',NULL,1),(902,280,1,14,'2017-12-07 10:24:42',' date_naissance (16 04 2014) adresse (12 avenue du Levant 84000 Avignon)',1),(903,281,1,1,'2017-12-07 10:24:42',NULL,1),(904,281,1,14,'2017-12-07 10:24:42',' date_naissance (12 11 2015) adresse (13 avenue du Levant 84000 Avignon)',1),(905,276,1,14,'2017-12-07 10:24:42',' date_naissance (24 11 2013) adresse (1 rue Henry Matisse 84310 Morères-les-Avignon)',1),(906,277,1,1,'2017-12-07 10:24:42',NULL,1),(907,275,1,14,'2017-12-07 10:24:42',' date_naissance (08 08 2011) adresse (9 chemin du grand plantier 84370 Bedarrides\n4 lot les garrigues 84370 Bedarrides (père))',1),(908,282,1,14,'2017-12-07 10:24:42',' date_naissance (27 07 2014) adresse (7 avenue Louis Barthou 84000 Avignon)',1),(909,283,1,1,'2017-12-07 10:24:42',NULL,1),(910,286,1,14,'2017-12-07 10:24:42',' date_naissance (17 01 2013) adresse (2 bis rue Georges Taulier 84000 Avignon)',1),(911,279,1,1,'2017-12-07 10:24:42',NULL,1),(912,282,1,1,'2017-12-07 10:24:42',NULL,1),(913,283,1,14,'2017-12-07 10:24:43',' date_naissance (18 04 2014) adresse (52 place de l\'arbre de la liberté 84450 St Saturnin-les-Avignon)',1),(914,287,1,14,'2017-12-07 10:24:43',' date_naissance (03 04 2014) adresse (630 chemin de la Palestine 84210 Pernes-les-Fontaines)',1),(915,279,1,14,'2017-12-07 10:24:43',' date_naissance (14 04 2011) adresse (9 rue Charloun Rieu 13670 St Andiol)',1),(916,287,1,1,'2017-12-07 10:24:43',NULL,1),(917,288,1,1,'2017-12-07 10:24:43',NULL,1),(918,284,1,14,'2017-12-07 10:24:43',' date_naissance (03 01 2014) adresse (15 rue des magnolias 84000 Avignon)',1),(919,285,1,1,'2017-12-07 10:24:43',NULL,1),(920,289,1,1,'2017-12-07 10:24:43',NULL,1),(921,288,1,14,'2017-12-07 10:24:43',' date_naissance (08 12 2008) adresse (730 B chemin des Marjoraines 84170 Monteux)',1),(922,289,1,14,'2017-12-07 10:24:43',' date_naissance (09 11 2011) adresse (731 B chemin des Marjoraines 84170 Monteux)',1),(923,286,1,1,'2017-12-07 10:24:44',NULL,1),(924,285,1,14,'2017-12-07 10:24:44',' date_naissance (22 10 2014) adresse (1 bis rue Georges Taulier 84000 Avignon)',1),(925,284,1,1,'2017-12-07 10:24:44',NULL,1),(926,290,1,14,'2017-12-07 10:24:44',' date_naissance (27 01 2007) adresse (29 allée de l\'Offant 84130 Le Pontet)',1),(927,291,1,1,'2017-12-07 10:24:44',NULL,1),(928,290,1,1,'2017-12-07 10:24:44',NULL,1),(929,297,1,1,'2017-12-07 10:24:44',NULL,1),(930,291,1,14,'2017-12-07 10:24:44',' date_naissance (28 02 2016) adresse (49 ch du Puech 13550 Noves)',1),(931,296,1,14,'2017-12-07 10:24:44',' date_naissance (31 12 2007) adresse (Mas des Orgnes 30490 Montfrin)',1),(932,297,1,14,'2017-12-07 10:24:44',' date_naissance (10 09 2009) adresse (Mas des Orgnes 30490 Montfrin)',1),(933,292,1,1,'2017-12-07 10:24:44',NULL,1),(934,298,1,1,'2017-12-07 10:24:44',NULL,1),(935,292,1,14,'2017-12-07 10:24:44',' date_naissance (11 05 2015) adresse (1 impasse de la Calade, Domaine des Sorgues 84250 Le Thor)',1),(936,293,1,1,'2017-12-07 10:24:45',NULL,1),(937,293,1,14,'2017-12-07 10:24:45',' date_naissance (15 03 2014) adresse (115A chemin Vieux 84250 Le Thor\n\n58 la plane 84250 Cavaillon)',1),(938,298,1,14,'2017-12-07 10:24:45',' date_naissance (27 09 2012) adresse (41 rue de l\'ancienne fontaine 84450 St Saturnin-les-Avignon)',1),(939,299,1,1,'2017-12-07 10:24:45',NULL,1),(940,294,1,1,'2017-12-07 10:24:45',NULL,1),(941,294,1,14,'2017-12-07 10:24:45',' date_naissance (26 06 2015) adresse (15 F chemin donne 84460 Cheval Blanc)',1),(942,299,1,14,'2017-12-07 10:24:45',' date_naissance (25 01 2012) adresse (22 rue Claude Firmin 84000 Avignon)',1),(943,295,1,1,'2017-12-07 10:24:45',NULL,1),(944,300,1,1,'2017-12-07 10:24:45',NULL,1),(945,300,1,14,'2017-12-07 10:24:45',' date_naissance (16 02 2014) adresse (356 chemin de la garenne 84810 Aubignan)',1),(946,306,1,14,'2017-12-07 10:24:46',' date_naissance (02 06 2008) adresse (3 rue Crucifix 84000 Avignon)',1),(947,295,1,14,'2017-12-07 10:24:46',' date_naissance (10 11 2013) adresse (Mas des Orgnes 30490 Montfrin)',1),(948,301,1,1,'2017-12-07 10:24:46',NULL,1),(949,301,1,14,'2017-12-07 10:24:46',' date_naissance (26 12 2014) adresse (Route d\'Eyragues, Draille de Paoune 13550 Noves)',1),(950,296,1,1,'2017-12-07 10:24:46',NULL,1),(951,307,1,1,'2017-12-07 10:24:46',NULL,1),(952,307,1,14,'2017-12-07 10:24:46',' date_naissance (11 06 2011) adresse (4 rue Crucifix 84000 Avignon)',1),(953,302,1,1,'2017-12-07 10:24:46',NULL,1),(954,302,1,14,'2017-12-07 10:24:46',' date_naissance (28 10 2012) adresse (7 rue du magnolias 84000 Avignon)',1),(955,303,1,1,'2017-12-07 10:24:46',NULL,1),(956,303,1,14,'2017-12-07 10:24:47',' date_naissance (22 07 2015) adresse (3 rue du Crucifix 84000 Avignon)',1),(957,308,1,1,'2017-12-07 10:24:47',NULL,1),(958,304,1,1,'2017-12-07 10:24:47',NULL,1),(959,308,1,14,'2017-12-07 10:24:47',' date_naissance (15 12 2008) adresse (15 rue du Tambourin 84000 Avignon)',1),(960,309,1,1,'2017-12-07 10:24:47',NULL,1),(961,304,1,14,'2017-12-07 10:24:47',' date_naissance (19 06 2014) adresse (12 rue Michelet 30150 Roquemaure)',1),(962,309,1,14,'2017-12-07 10:24:47',' date_naissance (02 04 2012) adresse (976 chemin du Bosc 30390 Domazan)',1),(963,310,1,1,'2017-12-07 10:24:47',NULL,1),(964,305,1,1,'2017-12-07 10:24:47',NULL,1),(965,305,1,14,'2017-12-07 10:24:48',' date_naissance (15 04 2014) adresse (2 bis impasse Henri Mouret 84000 Avignon)',1),(966,310,1,14,'2017-12-07 10:24:48',' date_naissance (21 10 2010) adresse (632 chemin de la Verdière 84140 Montfavet)',1),(967,311,1,1,'2017-12-07 10:24:48',NULL,1),(968,306,1,1,'2017-12-07 10:24:48',NULL,1),(969,316,1,14,'2017-12-07 10:24:48',' date_naissance (01 01 2014) adresse (36 bis avenue des Sources)',1),(970,311,1,14,'2017-12-07 10:24:48',' date_naissance (31 07 2012) adresse (633 chemin de la Verdière 84140 Montfavet)',1),(971,312,1,1,'2017-12-07 10:24:48',NULL,1),(972,317,1,1,'2017-12-07 10:24:48',NULL,1),(973,312,1,14,'2017-12-07 10:24:48',' date_naissance (21 11 2014) adresse (634 chemin de la Verdière 84140 Montfavet)',1),(974,313,1,1,'2017-12-07 10:24:48',NULL,1),(975,317,1,14,'2017-12-07 10:24:49',' date_naissance (05 10 2013) adresse (5 rue des papalines (mère)\n4 rue Claude Granier (père))',1),(976,318,1,1,'2017-12-07 10:24:49',NULL,1),(977,313,1,14,'2017-12-07 10:24:49',' date_naissance (20 05 2013) adresse (146 av Philippe de Girard 84400 Apt)',1),(978,318,1,14,'2017-12-07 10:24:49',' date_naissance (27 03 2009) adresse (4 impasse Louis Perdiguier)',1),(979,314,1,1,'2017-12-07 10:24:49',NULL,1),(980,319,1,1,'2017-12-07 10:24:49',NULL,1),(981,314,1,14,'2017-12-07 10:24:49',' date_naissance (17 06 2009) adresse (340 chemin de la Verne 13550 Noves)',1),(982,315,1,1,'2017-12-07 10:24:49',NULL,1),(983,319,1,14,'2017-12-07 10:24:49',' date_naissance (07 12 2008) adresse (19 impasse des ifs (mère)\n2 rue Philippe Mathieu - Les sorbiers (père))',1),(984,320,1,1,'2017-12-07 10:24:49',NULL,1),(985,320,1,14,'2017-12-07 10:24:49',' date_naissance (15 10 2007) adresse (27 rue Ninon Vallin 84000 Avignon)',1),(986,315,1,14,'2017-12-07 10:24:50',' date_naissance (29 06 2012) adresse (10 rue Claude Boitelet 84140 Montfavet)',1),(987,326,1,14,'2017-12-07 10:24:50',' date_naissance (26 02 2013) adresse (676 route des Vignies 84300 Cavaillon)',1),(988,327,1,1,'2017-12-07 10:24:50',NULL,1),(989,327,1,14,'2017-12-07 10:24:50',' date_naissance (10 03 2010) adresse (677 route des Vignies 84300 Cavaillon)',1),(990,316,1,1,'2017-12-07 10:24:50',NULL,1),(991,321,1,1,'2017-12-07 10:24:50',NULL,1),(992,321,1,14,'2017-12-07 10:24:50',' date_naissance (14 10 2010) adresse (28 rue Ninon Vallin 84000 Avignon)',1),(993,322,1,1,'2017-12-07 10:24:50',NULL,1),(994,322,1,14,'2017-12-07 10:24:50',' date_naissance (03 06 2014) adresse (33 boulevard du midi 84000 Avignon)',1),(995,328,1,1,'2017-12-07 10:24:50',NULL,1),(996,328,1,14,'2017-12-07 10:24:51',' date_naissance (18 12 2007) adresse (22 boulevard du midi 84000 Avingon (mère)                                  2 allée du clos Notre Dame 84000 Avignon (père))',1),(997,323,1,1,'2017-12-07 10:24:51',NULL,1),(998,329,1,1,'2017-12-07 10:24:51',NULL,1),(999,329,1,14,'2017-12-07 10:24:51',' date_naissance (28 01 2010) adresse (14 rue Paul Signac 84310 Morières-les-Avignon)',1),(1000,323,1,14,'2017-12-07 10:24:51',' date_naissance (07 03 2016) adresse (34 boulevard du midi 84000 Avignon)',1),(1001,324,1,1,'2017-12-07 10:24:51',NULL,1),(1002,330,1,1,'2017-12-07 10:24:51',NULL,1),(1003,330,1,14,'2017-12-07 10:24:51',' date_naissance (20 12 2012) adresse (15 rue Paul Signac 84310 Morières-les-Avignon)',1),(1004,324,1,14,'2017-12-07 10:24:51',' date_naissance (16 02 2013) adresse (40 rue du Vieux Sextier 84000 Avignon)',1),(1005,325,1,1,'2017-12-07 10:24:51',NULL,1),(1006,336,1,14,'2017-12-07 10:24:52',' date_naissance (20 05 2014) adresse (4 avenue du bon repos 84140 Montfavet)',1),(1007,325,1,14,'2017-12-07 10:24:52',' date_naissance (14 04 2015) adresse (4 rue Vanille Massot 84140 Montfavet)',1),(1008,331,1,1,'2017-12-07 10:24:52',NULL,1),(1009,331,1,14,'2017-12-07 10:24:52',' date_naissance (18 12 2013) adresse (661 chemin de Valiniere 30126 Tavel)',1),(1010,326,1,1,'2017-12-07 10:24:52',NULL,1),(1011,337,1,1,'2017-12-07 10:24:52',NULL,1),(1012,337,1,14,'2017-12-07 10:24:52',' date_naissance (28 10 2012) adresse (8 ter rue du bon Pasteur 84000 Avignon)',1),(1013,332,1,1,'2017-12-07 10:24:52',NULL,1),(1014,338,1,1,'2017-12-07 10:24:52',NULL,1),(1015,332,1,14,'2017-12-07 10:24:52',' date_naissance (12 09 2015) adresse (Rés Bel Air 40 impasse des fruitiers 84140 Montfavet)',1),(1016,333,1,1,'2017-12-07 10:24:53',NULL,1),(1017,338,1,14,'2017-12-07 10:24:53',' date_naissance (25 11 2010) adresse (483 chemin des traversiers 84210 Pernes-les-fontaines)',1),(1018,333,1,14,'2017-12-07 10:24:53',' date_naissance (02 09 2010) adresse (10 rue Simon de Chalons 84000 Avignon)',1),(1019,334,1,1,'2017-12-07 10:24:53',NULL,1),(1020,334,1,14,'2017-12-07 10:24:53',' date_naissance (27 04 2014) adresse (11 rue Simon de Chalons 84000 Avignon)',1),(1021,339,1,1,'2017-12-07 10:24:53',NULL,1),(1022,339,1,14,'2017-12-07 10:24:53',' date_naissance (13 11 2008) adresse (528 rte d’Orange 84830 SERIGNAN\n\n7 place des frères Mounet 84100 ORANGE)',1),(1023,335,1,1,'2017-12-07 10:24:53',NULL,1),(1024,340,1,1,'2017-12-07 10:24:53',NULL,1),(1025,335,1,14,'2017-12-07 10:24:53',' date_naissance (07 06 2013) adresse (31 place du Planet de Guidon 84210 Pernes-les-fontaines)',1),(1026,340,1,14,'2017-12-07 10:24:54',' date_naissance (06 04 2015) adresse (2 rue Campo Bello 84000 Avignon (mère)                                              8 rue Grande Fusterie 84000 Avignon (père))',1),(1027,346,1,14,'2017-12-07 10:24:54',' date_naissance (03 05 2014) adresse (3 avenue Joseph Callet 13870 Rognonas)',1),(1028,347,1,1,'2017-12-07 10:24:54',NULL,1),(1029,341,1,1,'2017-12-07 10:24:54',NULL,1),(1030,347,1,14,'2017-12-07 10:24:54',' date_naissance (01 08 2012) adresse (50 bis rue universelle 84000 Avignon)',1),(1031,336,1,1,'2017-12-07 10:24:54',NULL,1),(1032,341,1,14,'2017-12-07 10:24:54',' date_naissance (21 02 2015) adresse (203 chemin des garrigues 84000 Avignon (mère)                                   82 avenue de la République, escalier B (père))',1),(1033,342,1,1,'2017-12-07 10:24:54',NULL,1),(1034,348,1,1,'2017-12-07 10:24:54',NULL,1),(1035,348,1,14,'2017-12-07 10:24:54',' date_naissance (01 08 2012) adresse (51 bis rue universelle 84000 Avignon)',1),(1036,342,1,14,'2017-12-07 10:24:55',' date_naissance (31 10 2012) adresse (203 chemin des garrigues (mère)                                   82 avenue de la République, escalier B 94700 Maisons-Alfort (père))',1),(1037,343,1,1,'2017-12-07 10:24:55',NULL,1),(1038,343,1,14,'2017-12-07 10:24:55',' date_naissance (14 01 2013) adresse (41 cours du couvert 84260 Sarrians (mère)                                     58 impasse des grillons 84450 St Saturnin-les-Avignon(père))',1),(1039,349,1,14,'2017-12-07 10:24:55',' date_naissance (04 11 2006) adresse (3 chemin st Henri 84000 Avignon)',1),(1040,344,1,1,'2017-12-07 10:24:55',NULL,1),(1041,349,1,1,'2017-12-07 10:24:55',NULL,1),(1042,344,1,14,'2017-12-07 10:24:55',' date_naissance (23 07 2015) adresse (38 rue de la masse, Appt 3, 84000 Avignon)',1),(1043,350,1,1,'2017-12-07 10:24:55',NULL,1),(1044,345,1,1,'2017-12-07 10:24:55',NULL,1),(1045,345,1,14,'2017-12-07 10:24:55',' date_naissance (01 12 2014) adresse (17 rue de l\'Aigarden 84000 Avignon)',1),(1046,346,1,1,'2017-12-07 10:24:56',NULL,1),(1047,357,1,1,'2017-12-07 10:24:56',NULL,1),(1048,357,1,14,'2017-12-07 10:24:56',' date_naissance (08 04 2013) adresse (15 rue de la croix 84000 Avignon)',1),(1049,351,1,1,'2017-12-07 10:24:56',NULL,1),(1050,350,1,14,'2017-12-07 10:24:56',' date_naissance (22 09 2012) adresse (23 boulevard P. Loti  84000 Avignon)',1),(1051,358,1,1,'2017-12-07 10:24:56',NULL,1),(1052,351,1,14,'2017-12-07 10:24:56',' date_naissance (18 05 2010) adresse (7 rue du Maquis Ventoux  84000 Avignon)',1),(1053,352,1,14,'2017-12-07 10:24:56',' date_naissance (29 06 2008) adresse (8 rue du Maquis Ventoux  84000 Avignon)',1),(1054,352,1,1,'2017-12-07 10:24:56',NULL,1),(1055,353,1,1,'2017-12-07 10:24:57',NULL,1),(1056,353,1,14,'2017-12-07 10:24:57',' date_naissance (09 03 2015) adresse (21 bis boulevard raspail  84000 Avignon)',1),(1057,359,1,1,'2017-12-07 10:24:57',NULL,1),(1058,354,1,1,'2017-12-07 10:24:57',NULL,1),(1059,359,1,14,'2017-12-07 10:24:57',' date_naissance (15 06 2014) adresse (36 rue Girart de Roussillon  84000 Avignon)',1),(1060,360,1,1,'2017-12-07 10:24:57',NULL,1),(1061,360,1,14,'2017-12-07 10:24:57',' date_naissance (13 01 2009) adresse (714 chemin du Mas de Granel 30131 Pujaut)',1),(1062,354,1,14,'2017-12-07 10:24:57',' date_naissance (14 16 2013) adresse (616 chemin des Broquetons)',1),(1063,361,1,1,'2017-12-07 10:24:57',NULL,1),(1064,355,1,1,'2017-12-07 10:24:57',NULL,1),(1065,361,1,14,'2017-12-07 10:24:58',' date_naissance (13 01 2012) adresse (200A Route de Montfavet  84000 Avignon)',1),(1066,355,1,14,'2017-12-07 10:24:58',' date_naissance (06 04 2015) adresse (616 chemin des Broquetons 84140 Montfavet)',1),(1067,362,1,1,'2017-12-07 10:24:58',NULL,1),(1068,356,1,1,'2017-12-07 10:24:58',NULL,1),(1069,362,1,14,'2017-12-07 10:24:58',' date_naissance (09 12 2007) adresse (2 rue Piot  84000 Avignon)',1),(1070,363,1,1,'2017-12-07 10:24:58',NULL,1),(1071,356,1,14,'2017-12-07 10:24:58',' date_naissance (08 03 2011) adresse (14 rue de la croix 84000 Avignon)',1),(1072,358,1,14,'2017-12-07 10:24:58',' date_naissance (28 10 2009) adresse (202 rue Guyon 84140 Montfavet)',1),(1073,363,1,14,'2017-12-07 10:24:58',' date_naissance (12 08 2008) adresse (Les Aires 26110 Mirabel-aux-baronnies)',1),(1074,364,1,1,'2017-12-07 10:24:58',NULL,1),(1075,364,1,14,'2017-12-07 10:24:58',' date_naissance (10 12 2011) adresse (2 avenue de la Farandole Apt 60021 84130 Le Pontet)',1),(1076,10,1,5,'2017-12-07 16:10:42',NULL,1),(1077,1,NULL,6,'2017-12-07 16:10:42',NULL,1),(1078,13,1,5,'2017-12-07 16:10:42',NULL,1),(1079,6,1,14,'2017-12-07 16:23:04','Mutuelle',1),(1080,365,1,1,'2017-12-11 10:30:04',NULL,1),(1081,266,1,2,'2018-01-02 17:47:30',NULL,1),(1082,12,1,8,'2018-01-02 17:48:30',NULL,1),(1083,12,1,3,'2018-01-02 17:49:56',NULL,1),(1084,1,NULL,6,'2018-01-02 17:49:58',NULL,1),(1085,366,2,1,'2018-01-03 17:29:43',NULL,1),(1086,8,1,14,'2018-01-08 11:08:52','Mail de la mère',1),(1087,10,1,5,'2018-01-11 13:43:58',NULL,1),(1088,8,1,3,'2018-01-11 13:43:59',NULL,1),(1089,12,1,3,'2018-01-11 13:43:59',NULL,1),(1090,1,NULL,6,'2018-01-11 13:44:00',NULL,1),(1091,11,1,3,'2018-01-11 13:44:00',NULL,1),(1092,10,1,15,'2018-01-11 13:50:46','{\"comment\":\"Retard ce matin suite XXXXXXX\"}',1),(1093,10,1,3,'2018-01-16 15:58:45',NULL,1),(1094,1,NULL,6,'2018-01-16 15:58:45',NULL,1),(1095,9,1,5,'2018-01-16 15:58:45',NULL,1),(1096,7,1,5,'2018-01-16 15:58:45',NULL,1),(1097,367,2,1,'2018-01-28 12:12:29',NULL,1),(1098,14,1,15,'2018-02-07 16:30:38','{\"comment\":\"absence \\u00e0 cause de la neige\"}',1),(1099,8,1,15,'2018-02-07 16:31:49','{\"comment\":\"bloqu\\u00e9 par la neige aussi\"}',1),(1100,40,1,15,'2018-02-08 09:25:11','{\"comment\":\"bonjour\"}',1),(1101,264,1,15,'2018-02-08 09:51:07','{\"comment\":\"test\"}',1),(1102,40,1,15,'2018-02-08 09:51:28','{\"comment\":\"bonjour 22\"}',1),(1103,11,1,3,'2018-02-09 10:29:37',NULL,1),(1104,1,NULL,6,'2018-02-09 10:29:37',NULL,1),(1105,8,1,8,'2018-02-12 11:35:43',NULL,1),(1106,8,1,3,'2018-02-12 14:51:41',NULL,1),(1107,1,NULL,6,'2018-02-12 14:51:41',NULL,1),(1108,12,1,3,'2018-02-12 14:51:42',NULL,1),(1109,10,1,5,'2018-02-12 14:51:42',NULL,1),(1110,8,1,3,'2018-02-13 11:55:43',NULL,1),(1111,1,NULL,6,'2018-02-13 11:55:43',NULL,1),(1112,1,NULL,6,'2018-02-15 13:19:02',NULL,1),(1113,2,NULL,10,'2018-02-17 19:40:22',' sms_is_active (0) sms_sender ()',1),(1114,2,NULL,10,'2018-02-17 19:40:37',' sms_is_active (1) sms_sender (DEMO)',1),(1115,2,NULL,10,'2018-02-17 19:41:07',' sms_is_active (1) sms_sender (DEMO)',1),(1116,2,NULL,10,'2018-02-17 19:54:29',' sms_is_active (1) sms_sender (DEMO)',1),(1117,2,NULL,10,'2018-02-17 19:55:49',' sms_is_active (1) sms_sender (NewSender)',1),(1118,2,NULL,10,'2018-02-17 19:56:47',' sms_is_active (1) sms_sender (DEMO)',1),(1119,2,NULL,10,'2018-02-18 09:50:40',' sms_is_active (1) sms_sender (NewSender)',1),(1120,10,2,5,'2018-02-20 06:52:13',NULL,1),(1121,14,2,5,'2018-02-20 06:52:14',NULL,1),(1122,2,NULL,6,'2018-02-20 06:52:14',NULL,1),(1123,13,2,5,'2018-02-20 06:52:14',NULL,1),(1124,7,2,5,'2018-02-20 06:52:14',NULL,1),(1125,12,2,5,'2018-02-20 06:52:15',NULL,1),(1126,9,2,5,'2018-02-20 06:52:15',NULL,1),(1127,11,2,5,'2018-02-20 06:52:15',NULL,1),(1128,268,2,5,'2018-02-20 06:54:05',NULL,1),(1129,275,2,3,'2018-02-20 06:54:05',NULL,1),(1130,281,2,5,'2018-02-20 06:54:05',NULL,1),(1131,271,2,5,'2018-02-20 06:54:06',NULL,1),(1132,269,2,3,'2018-02-20 06:54:06',NULL,1),(1133,283,2,3,'2018-02-20 06:54:07',NULL,1),(1134,284,2,5,'2018-02-20 06:54:07',NULL,1),(1135,272,2,3,'2018-02-20 06:54:07',NULL,1),(1136,273,2,5,'2018-02-20 06:54:07',NULL,1),(1137,278,2,3,'2018-02-20 06:54:07',NULL,1),(1138,276,2,5,'2018-02-20 06:54:07',NULL,1),(1139,279,2,5,'2018-02-20 06:54:07',NULL,1),(1140,274,2,5,'2018-02-20 06:54:07',NULL,1),(1141,294,2,5,'2018-02-20 06:54:08',NULL,1),(1142,295,2,5,'2018-02-20 06:54:08',NULL,1),(1143,292,2,5,'2018-02-20 06:54:08',NULL,1),(1144,297,2,3,'2018-02-20 06:54:08',NULL,1),(1145,282,2,5,'2018-02-20 06:54:08',NULL,1),(1146,298,2,5,'2018-02-20 06:54:08',NULL,1),(1147,300,2,5,'2018-02-20 06:54:08',NULL,1),(1148,299,2,3,'2018-02-20 06:54:08',NULL,1),(1149,303,2,5,'2018-02-20 06:54:09',NULL,1),(1150,306,2,3,'2018-02-20 06:54:09',NULL,1),(1151,304,2,3,'2018-02-20 06:54:09',NULL,1),(1152,307,2,5,'2018-02-20 06:54:09',NULL,1),(1153,290,2,5,'2018-02-20 06:54:09',NULL,1),(1154,287,2,3,'2018-02-20 06:54:09',NULL,1),(1155,309,2,5,'2018-02-20 06:54:09',NULL,1),(1156,312,2,3,'2018-02-20 06:54:09',NULL,1),(1157,317,2,5,'2018-02-20 06:54:09',NULL,1),(1158,319,2,5,'2018-02-20 06:54:09',NULL,1),(1159,320,2,3,'2018-02-20 06:54:09',NULL,1),(1160,310,2,5,'2018-02-20 06:54:09',NULL,1),(1161,322,2,5,'2018-02-20 06:54:09',NULL,1),(1162,286,2,5,'2018-02-20 06:54:10',NULL,1),(1163,324,2,3,'2018-02-20 06:54:10',NULL,1),(1164,316,2,3,'2018-02-20 06:54:10',NULL,1),(1165,325,2,5,'2018-02-20 06:54:10',NULL,1),(1166,291,2,3,'2018-02-20 06:54:10',NULL,1),(1167,302,2,5,'2018-02-20 06:54:10',NULL,1),(1168,288,2,5,'2018-02-20 06:54:10',NULL,1),(1169,328,2,3,'2018-02-20 06:54:10',NULL,1),(1170,330,2,5,'2018-02-20 06:54:10',NULL,1),(1171,331,2,5,'2018-02-20 06:54:10',NULL,1),(1172,344,2,5,'2018-02-20 06:54:10',NULL,1),(1173,332,2,3,'2018-02-20 06:54:10',NULL,1),(1174,313,2,3,'2018-02-20 06:54:11',NULL,1),(1175,315,2,5,'2018-02-20 06:54:11',NULL,1),(1176,333,2,5,'2018-02-20 06:54:11',NULL,1),(1177,327,2,5,'2018-02-20 06:54:11',NULL,1),(1178,348,2,5,'2018-02-20 06:54:11',NULL,1),(1179,347,2,3,'2018-02-20 06:54:11',NULL,1),(1180,349,2,5,'2018-02-20 06:54:11',NULL,1),(1181,352,2,5,'2018-02-20 06:54:11',NULL,1),(1182,335,2,5,'2018-02-20 06:54:11',NULL,1),(1183,336,2,3,'2018-02-20 06:54:11',NULL,1),(1184,351,2,3,'2018-02-20 06:54:11',NULL,1),(1185,337,2,5,'2018-02-20 06:54:11',NULL,1),(1186,353,2,5,'2018-02-20 06:54:11',NULL,1),(1187,339,2,5,'2018-02-20 06:54:12',NULL,1),(1188,340,2,3,'2018-02-20 06:54:12',NULL,1),(1189,355,2,5,'2018-02-20 06:54:12',NULL,1),(1190,341,2,5,'2018-02-20 06:54:12',NULL,1),(1191,356,2,3,'2018-02-20 06:54:12',NULL,1),(1192,343,2,5,'2018-02-20 06:54:12',NULL,1),(1193,357,2,5,'2018-02-20 06:54:12',NULL,1),(1194,345,2,3,'2018-02-20 06:54:12',NULL,1),(1195,359,2,5,'2018-02-20 06:54:12',NULL,1),(1196,360,2,3,'2018-02-20 06:54:12',NULL,1),(1197,361,2,5,'2018-02-20 06:54:13',NULL,1),(1198,363,2,5,'2018-02-20 06:54:13',NULL,1),(1199,364,2,3,'2018-02-20 06:54:13',NULL,1),(1200,2,NULL,6,'2018-02-20 06:54:13',NULL,1),(1201,2,NULL,6,'2018-02-20 07:09:33',NULL,1),(1202,267,2,3,'2018-02-21 05:37:13',NULL,1),(1203,271,2,3,'2018-02-21 05:37:13',NULL,1),(1204,273,2,3,'2018-02-21 05:37:13',NULL,1),(1205,267,2,3,'2018-02-21 05:37:14',NULL,1),(1206,303,2,5,'2018-02-21 05:37:14',NULL,1),(1207,269,2,3,'2018-02-21 05:37:14',NULL,1),(1208,310,2,5,'2018-02-21 05:37:14',NULL,1),(1209,311,2,5,'2018-02-21 05:37:14',NULL,1),(1210,314,2,3,'2018-02-21 05:37:14',NULL,1),(1211,313,2,5,'2018-02-21 05:37:15',NULL,1),(1212,270,2,3,'2018-02-21 05:37:15',NULL,1),(1213,317,2,3,'2018-02-21 05:37:15',NULL,1),(1214,316,2,3,'2018-02-21 05:37:15',NULL,1),(1215,326,2,5,'2018-02-21 05:37:15',NULL,1),(1216,338,2,5,'2018-02-21 05:37:15',NULL,1),(1217,302,2,5,'2018-02-21 05:37:15',NULL,1),(1218,272,2,3,'2018-02-21 05:37:15',NULL,1),(1219,329,2,5,'2018-02-21 05:37:15',NULL,1),(1220,301,2,5,'2018-02-21 05:37:15',NULL,1),(1221,343,2,5,'2018-02-21 05:37:15',NULL,1),(1222,334,2,5,'2018-02-21 05:37:16',NULL,1),(1223,331,2,5,'2018-02-21 05:37:16',NULL,1),(1224,345,2,5,'2018-02-21 05:37:16',NULL,1),(1225,344,2,5,'2018-02-21 05:37:16',NULL,1),(1226,318,2,5,'2018-02-21 05:37:16',NULL,1),(1227,305,2,3,'2018-02-21 05:37:16',NULL,1),(1228,304,2,5,'2018-02-21 05:37:16',NULL,1),(1229,349,2,5,'2018-02-21 05:37:16',NULL,1),(1230,355,2,5,'2018-02-21 05:37:16',NULL,1),(1231,321,2,5,'2018-02-21 05:37:16',NULL,1),(1232,335,2,5,'2018-02-21 05:37:16',NULL,1),(1233,356,2,5,'2018-02-21 05:37:16',NULL,1),(1234,307,2,3,'2018-02-21 05:37:16',NULL,1),(1235,315,2,3,'2018-02-21 05:37:16',NULL,1),(1236,306,2,3,'2018-02-21 05:37:16',NULL,1),(1237,339,2,5,'2018-02-21 05:37:16',NULL,1),(1238,357,2,5,'2018-02-21 05:37:16',NULL,1),(1239,325,2,5,'2018-02-21 05:37:17',NULL,1),(1240,358,2,5,'2018-02-21 05:37:17',NULL,1),(1241,359,2,5,'2018-02-21 05:37:17',NULL,1),(1242,360,2,5,'2018-02-21 05:37:17',NULL,1),(1243,347,2,5,'2018-02-21 05:37:17',NULL,1),(1244,319,2,5,'2018-02-21 05:37:17',NULL,1),(1245,324,2,5,'2018-02-21 05:37:17',NULL,1),(1246,361,2,5,'2018-02-21 05:37:17',NULL,1),(1247,362,2,3,'2018-02-21 05:37:17',NULL,1),(1248,363,2,3,'2018-02-21 05:37:17',NULL,1),(1249,364,2,3,'2018-02-21 05:37:17',NULL,1),(1250,2,NULL,6,'2018-02-21 05:37:17',NULL,1),(1251,276,2,5,'2018-02-21 05:46:51',NULL,1),(1252,277,2,5,'2018-02-21 05:46:51',NULL,1),(1253,281,2,5,'2018-02-21 05:46:51',NULL,1),(1254,280,2,3,'2018-02-21 05:46:51',NULL,1),(1255,284,2,3,'2018-02-21 05:46:51',NULL,1),(1256,285,2,3,'2018-02-21 05:46:51',NULL,1),(1257,286,2,3,'2018-02-21 05:46:51',NULL,1),(1258,291,2,5,'2018-02-21 05:46:52',NULL,1),(1259,292,2,5,'2018-02-21 05:46:52',NULL,1),(1260,294,2,5,'2018-02-21 05:46:52',NULL,1),(1261,297,2,5,'2018-02-21 05:46:52',NULL,1),(1262,296,2,3,'2018-02-21 05:46:52',NULL,1),(1263,279,2,5,'2018-02-21 05:46:52',NULL,1),(1264,298,2,3,'2018-02-21 05:46:52',NULL,1),(1265,300,2,3,'2018-02-21 05:46:52',NULL,1),(1266,304,2,5,'2018-02-21 05:46:53',NULL,1),(1267,302,2,5,'2018-02-21 05:46:53',NULL,1),(1268,317,2,5,'2018-02-21 05:46:53',NULL,1),(1269,278,2,5,'2018-02-21 05:46:53',NULL,1),(1270,282,2,3,'2018-02-21 05:46:53',NULL,1),(1271,283,2,3,'2018-02-21 05:46:53',NULL,1),(1272,293,2,5,'2018-02-21 05:46:54',NULL,1),(1273,295,2,3,'2018-02-21 05:46:54',NULL,1),(1274,301,2,5,'2018-02-21 05:46:54',NULL,1),(1275,299,2,3,'2018-02-21 05:46:54',NULL,1),(1276,305,2,5,'2018-02-21 05:46:54',NULL,1),(1277,303,2,5,'2018-02-21 05:46:54',NULL,1),(1278,321,2,3,'2018-02-21 05:46:54',NULL,1),(1279,314,2,5,'2018-02-21 05:46:54',NULL,1),(1280,315,2,5,'2018-02-21 05:46:54',NULL,1),(1281,327,2,3,'2018-02-21 05:46:54',NULL,1),(1282,313,2,5,'2018-02-21 05:46:54',NULL,1),(1283,319,2,3,'2018-02-21 05:46:54',NULL,1),(1284,318,2,5,'2018-02-21 05:46:54',NULL,1),(1285,316,2,5,'2018-02-21 05:46:54',NULL,1),(1286,328,2,3,'2018-02-21 05:46:55',NULL,1),(1287,323,2,3,'2018-02-21 05:46:55',NULL,1),(1288,330,2,3,'2018-02-21 05:46:55',NULL,1),(1289,320,2,3,'2018-02-21 05:46:55',NULL,1),(1290,322,2,3,'2018-02-21 05:46:55',NULL,1),(1291,329,2,3,'2018-02-21 05:46:55',NULL,1),(1292,331,2,3,'2018-02-21 05:46:55',NULL,1),(1293,324,2,3,'2018-02-21 05:46:55',NULL,1),(1294,325,2,3,'2018-02-21 05:46:55',NULL,1),(1295,332,2,3,'2018-02-21 05:46:55',NULL,1),(1296,326,2,3,'2018-02-21 05:46:55',NULL,1),(1297,333,2,3,'2018-02-21 05:46:56',NULL,1),(1298,334,2,3,'2018-02-21 05:46:56',NULL,1),(1299,335,2,3,'2018-02-21 05:46:56',NULL,1),(1300,359,2,5,'2018-02-21 05:46:56',NULL,1),(1301,360,2,5,'2018-02-21 05:46:56',NULL,1),(1302,336,2,3,'2018-02-21 05:46:56',NULL,1),(1303,337,2,3,'2018-02-21 05:46:56',NULL,1),(1304,338,2,3,'2018-02-21 05:46:56',NULL,1),(1305,361,2,5,'2018-02-21 05:46:56',NULL,1),(1306,362,2,5,'2018-02-21 05:46:56',NULL,1),(1307,339,2,3,'2018-02-21 05:46:56',NULL,1),(1308,363,2,5,'2018-02-21 05:46:57',NULL,1),(1309,340,2,3,'2018-02-21 05:46:57',NULL,1),(1310,364,2,5,'2018-02-21 05:46:57',NULL,1),(1311,341,2,3,'2018-02-21 05:46:57',NULL,1),(1312,2,NULL,6,'2018-02-21 05:46:57',NULL,1),(1313,354,2,5,'2018-02-21 05:46:57',NULL,1),(1314,355,2,5,'2018-02-21 05:46:57',NULL,1),(1315,356,2,5,'2018-02-21 05:46:57',NULL,1),(1316,357,2,5,'2018-02-21 05:46:57',NULL,1),(1317,358,2,5,'2018-02-21 05:46:58',NULL,1),(1318,13,2,3,'2018-02-21 05:47:22',NULL,1),(1319,14,2,5,'2018-02-21 05:47:22',NULL,1),(1320,9,2,3,'2018-02-21 05:47:22',NULL,1),(1321,10,2,5,'2018-02-21 05:47:23',NULL,1),(1322,7,2,5,'2018-02-21 05:47:23',NULL,1),(1323,2,NULL,6,'2018-02-21 05:47:23',NULL,1),(1324,11,2,5,'2018-02-21 05:47:24',NULL,1),(1325,12,2,3,'2018-02-21 06:00:07',NULL,1),(1326,9,2,5,'2018-02-21 06:00:08',NULL,1),(1327,14,2,5,'2018-02-21 06:00:08',NULL,1),(1328,11,2,3,'2018-02-21 06:00:08',NULL,1),(1329,2,NULL,6,'2018-02-21 06:00:09',NULL,1),(1330,2,NULL,6,'2018-02-21 06:37:31',NULL,1),(1331,13,2,5,'2018-02-21 06:39:48',NULL,1),(1332,12,2,3,'2018-02-21 06:39:48',NULL,1),(1333,7,2,5,'2018-02-21 06:39:48',NULL,1),(1334,2,NULL,6,'2018-02-21 06:39:49',NULL,1),(1335,9,2,5,'2018-02-21 06:39:50',NULL,1),(1336,11,2,5,'2018-02-21 06:50:43',NULL,1),(1337,2,NULL,6,'2018-02-21 06:50:43',NULL,1),(1338,12,2,5,'2018-02-21 06:50:59',NULL,1),(1339,11,2,5,'2018-02-21 06:51:00',NULL,1),(1340,9,2,5,'2018-02-21 06:51:01',NULL,1),(1341,14,2,5,'2018-02-21 06:51:01',NULL,1),(1342,2,NULL,6,'2018-02-21 06:51:01',NULL,1),(1343,267,1,2,'2018-02-21 11:31:52',NULL,1),(1344,270,1,2,'2018-02-21 11:31:52',NULL,1),(1345,273,1,2,'2018-02-21 11:31:52',NULL,1),(1346,278,1,2,'2018-02-21 11:31:52',NULL,1),(1347,279,1,2,'2018-02-21 11:31:53',NULL,1),(1348,268,1,2,'2018-02-21 11:31:53',NULL,1),(1349,280,1,2,'2018-02-21 11:31:53',NULL,1),(1350,1,1,2,'2018-02-21 11:31:53',NULL,1),(1351,284,1,2,'2018-02-21 11:31:53',NULL,1),(1352,285,1,2,'2018-02-21 11:31:53',NULL,1),(1353,269,1,2,'2018-02-21 11:31:53',NULL,1),(1354,283,1,2,'2018-02-21 11:31:53',NULL,1),(1355,286,1,2,'2018-02-21 11:31:54',NULL,1),(1356,287,1,2,'2018-02-21 11:31:54',NULL,1),(1357,288,1,2,'2018-02-21 11:31:54',NULL,1),(1358,289,1,2,'2018-02-21 11:31:54',NULL,1),(1359,281,1,2,'2018-02-21 11:31:54',NULL,1),(1360,272,1,2,'2018-02-21 11:31:54',NULL,1),(1361,271,1,2,'2018-02-21 11:31:54',NULL,1),(1362,291,1,2,'2018-02-21 11:31:54',NULL,1),(1363,292,1,2,'2018-02-21 11:31:54',NULL,1),(1364,293,1,2,'2018-02-21 11:31:54',NULL,1),(1365,294,1,2,'2018-02-21 11:31:54',NULL,1),(1366,295,1,2,'2018-02-21 11:31:54',NULL,1),(1367,296,1,2,'2018-02-21 11:31:54',NULL,1),(1368,274,1,2,'2018-02-21 11:31:54',NULL,1),(1369,275,1,2,'2018-02-21 11:31:54',NULL,1),(1370,276,1,2,'2018-02-21 11:31:54',NULL,1),(1371,298,1,2,'2018-02-21 11:31:54',NULL,1),(1372,299,1,2,'2018-02-21 11:31:54',NULL,1),(1373,300,1,2,'2018-02-21 11:31:55',NULL,1),(1374,301,1,2,'2018-02-21 11:31:55',NULL,1),(1375,302,1,2,'2018-02-21 11:31:55',NULL,1),(1376,282,1,2,'2018-02-21 11:31:55',NULL,1),(1377,290,1,2,'2018-02-21 11:31:55',NULL,1),(1378,277,1,2,'2018-02-21 11:31:55',NULL,1),(1379,297,1,2,'2018-02-21 11:31:55',NULL,1),(1380,304,1,2,'2018-02-21 11:31:55',NULL,1),(1381,313,1,2,'2018-02-21 11:31:55',NULL,1),(1382,314,1,2,'2018-02-21 11:31:55',NULL,1),(1383,305,1,2,'2018-02-21 11:31:55',NULL,1),(1384,303,1,2,'2018-02-21 11:31:55',NULL,1),(1385,306,1,2,'2018-02-21 11:31:55',NULL,1),(1386,307,1,2,'2018-02-21 11:31:56',NULL,1),(1387,315,1,2,'2018-02-21 11:31:56',NULL,1),(1388,308,1,2,'2018-02-21 11:31:56',NULL,1),(1389,309,1,2,'2018-02-21 11:31:56',NULL,1),(1390,316,1,2,'2018-02-21 11:31:56',NULL,1),(1391,310,1,2,'2018-02-21 11:31:56',NULL,1),(1392,311,1,2,'2018-02-21 11:31:56',NULL,1),(1393,317,1,2,'2018-02-21 11:31:56',NULL,1),(1394,318,1,2,'2018-02-21 11:31:56',NULL,1),(1395,312,1,2,'2018-02-21 11:31:56',NULL,1),(1396,319,1,2,'2018-02-21 11:31:56',NULL,1),(1397,320,1,2,'2018-02-21 11:31:57',NULL,1),(1398,321,1,2,'2018-02-21 11:31:57',NULL,1),(1399,333,1,2,'2018-02-21 11:31:57',NULL,1),(1400,334,1,2,'2018-02-21 11:31:57',NULL,1),(1401,335,1,2,'2018-02-21 11:31:57',NULL,1),(1402,322,1,2,'2018-02-21 11:31:57',NULL,1),(1403,323,1,2,'2018-02-21 11:31:57',NULL,1),(1404,336,1,2,'2018-02-21 11:31:57',NULL,1),(1405,324,1,2,'2018-02-21 11:31:57',NULL,1),(1406,325,1,2,'2018-02-21 11:31:57',NULL,1),(1407,337,1,2,'2018-02-21 11:31:58',NULL,1),(1408,326,1,2,'2018-02-21 11:31:58',NULL,1),(1409,327,1,2,'2018-02-21 11:31:58',NULL,1),(1410,338,1,2,'2018-02-21 11:31:58',NULL,1),(1411,328,1,2,'2018-02-21 11:31:58',NULL,1),(1412,339,1,2,'2018-02-21 11:31:58',NULL,1),(1413,340,1,2,'2018-02-21 11:31:58',NULL,1),(1414,329,1,2,'2018-02-21 11:31:58',NULL,1),(1415,341,1,2,'2018-02-21 11:31:58',NULL,1),(1416,342,1,2,'2018-02-21 11:31:58',NULL,1),(1417,330,1,2,'2018-02-21 11:31:59',NULL,1),(1418,343,1,2,'2018-02-21 11:31:59',NULL,1),(1419,353,1,2,'2018-02-21 11:31:59',NULL,1),(1420,331,1,2,'2018-02-21 11:31:59',NULL,1),(1421,354,1,2,'2018-02-21 11:31:59',NULL,1),(1422,355,1,2,'2018-02-21 11:31:59',NULL,1),(1423,332,1,2,'2018-02-21 11:31:59',NULL,1),(1424,344,1,2,'2018-02-21 11:31:59',NULL,1),(1425,345,1,2,'2018-02-21 11:31:59',NULL,1),(1426,346,1,2,'2018-02-21 11:31:59',NULL,1),(1427,356,1,2,'2018-02-21 11:32:00',NULL,1),(1428,357,1,2,'2018-02-21 11:32:00',NULL,1),(1429,347,1,2,'2018-02-21 11:32:00',NULL,1),(1430,348,1,2,'2018-02-21 11:32:00',NULL,1),(1431,358,1,2,'2018-02-21 11:32:00',NULL,1),(1432,359,1,2,'2018-02-21 11:32:00',NULL,1),(1433,349,1,2,'2018-02-21 11:32:00',NULL,1),(1434,360,1,2,'2018-02-21 11:32:00',NULL,1),(1435,350,1,2,'2018-02-21 11:32:00',NULL,1),(1436,361,1,2,'2018-02-21 11:32:00',NULL,1),(1437,351,1,2,'2018-02-21 11:32:01',NULL,1),(1438,352,1,2,'2018-02-21 11:32:01',NULL,1),(1439,362,1,2,'2018-02-21 11:32:01',NULL,1),(1440,363,1,2,'2018-02-21 11:32:01',NULL,1),(1441,364,1,2,'2018-02-21 11:32:01',NULL,1),(1442,367,1,2,'2018-02-21 11:32:01',NULL,1),(1443,8,1,3,'2018-02-21 14:53:14',NULL,1),(1444,1,NULL,6,'2018-02-21 14:53:15',NULL,1),(1445,13,1,5,'2018-02-21 14:53:15',NULL,1),(1446,10,1,5,'2018-02-21 14:53:15',NULL,1),(1447,9,2,3,'2018-02-21 20:54:02',NULL,1),(1448,2,NULL,6,'2018-02-21 20:54:03',NULL,1),(1449,13,2,5,'2018-02-21 22:42:38',NULL,1),(1450,2,NULL,6,'2018-02-21 22:42:39',NULL,1),(1451,7,2,3,'2018-02-21 22:42:40',NULL,1),(1452,12,2,5,'2018-02-21 22:42:40',NULL,1),(1453,9,2,5,'2018-02-21 22:42:41',NULL,1),(1454,1,NULL,6,'2018-02-23 19:02:08',NULL,1),(1455,368,2,1,'2018-02-24 19:33:25',NULL,1),(1456,368,2,2,'2018-02-24 19:34:06',NULL,1),(1457,369,2,1,'2018-02-24 19:38:20',NULL,1),(1458,369,2,2,'2018-02-24 19:39:01',NULL,1),(1459,12,2,5,'2018-02-26 12:50:36',NULL,1),(1460,11,2,5,'2018-02-26 12:50:36',NULL,1),(1461,2,NULL,6,'2018-02-26 12:50:37',NULL,1),(1462,14,2,3,'2018-02-26 12:50:37',NULL,1),(1463,10,162,5,'2018-02-28 04:28:06',NULL,1),(1464,11,162,5,'2018-02-28 04:28:06',NULL,1),(1465,162,NULL,6,'2018-02-28 04:28:06',NULL,1),(1466,12,162,5,'2018-02-28 04:28:07',NULL,1),(1467,13,162,3,'2018-02-28 04:28:07',NULL,1),(1468,10,162,5,'2018-02-28 04:29:29',NULL,1),(1469,13,162,3,'2018-02-28 04:29:30',NULL,1),(1470,162,NULL,6,'2018-02-28 04:29:30',NULL,1),(1471,12,162,5,'2018-02-28 04:29:30',NULL,1),(1472,14,162,3,'2018-02-28 04:29:30',NULL,1),(1473,11,162,5,'2018-02-28 04:29:31',NULL,1),(1474,10,162,5,'2018-02-28 04:34:44',NULL,1),(1475,13,162,3,'2018-02-28 04:34:44',NULL,1),(1476,11,162,3,'2018-02-28 04:34:44',NULL,1),(1477,162,NULL,6,'2018-02-28 04:34:44',NULL,1),(1478,9,162,5,'2018-02-28 04:34:45',NULL,1),(1479,12,162,3,'2018-02-28 04:34:46',NULL,1),(1480,10,162,5,'2018-02-28 04:44:38',NULL,1),(1481,162,NULL,6,'2018-02-28 04:44:38',NULL,1),(1482,13,162,3,'2018-02-28 04:44:39',NULL,1),(1483,14,162,5,'2018-02-28 04:44:39',NULL,1),(1484,370,162,1,'2018-02-28 05:17:20',NULL,1),(1485,NULL,2,3,'2018-02-28 11:30:31',NULL,1),(1486,NULL,2,3,'2018-02-28 11:30:31',NULL,1),(1487,NULL,2,3,'2018-02-28 11:30:31',NULL,1),(1488,2,NULL,6,'2018-02-28 11:30:31',NULL,1),(1489,NULL,2,3,'2018-02-28 11:30:32',NULL,1),(1490,NULL,2,3,'2018-02-28 11:30:32',NULL,1),(1491,NULL,2,3,'2018-02-28 11:30:33',NULL,1),(1492,NULL,2,3,'2018-02-28 11:30:33',NULL,1),(1493,NULL,2,3,'2018-02-28 11:30:33',NULL,1),(1494,40,1,2,'2018-02-28 11:42:44',NULL,1),(1495,41,1,2,'2018-02-28 11:42:51',NULL,1),(1496,61,1,2,'2018-02-28 11:43:00',NULL,1),(1497,59,1,2,'2018-02-28 11:43:09',NULL,1),(1498,42,1,2,'2018-02-28 11:43:19',NULL,1),(1499,43,1,2,'2018-02-28 11:43:27',NULL,1),(1500,44,1,2,'2018-02-28 11:43:41',NULL,1),(1501,45,1,2,'2018-02-28 11:43:46',NULL,1),(1502,46,1,2,'2018-02-28 11:43:51',NULL,1),(1503,47,1,2,'2018-02-28 11:44:02',NULL,1),(1504,48,1,2,'2018-02-28 11:44:08',NULL,1),(1505,49,1,2,'2018-02-28 11:44:16',NULL,1),(1506,50,1,2,'2018-02-28 11:44:21',NULL,1),(1507,51,1,2,'2018-02-28 11:44:32',NULL,1),(1508,52,1,2,'2018-02-28 11:44:38',NULL,1),(1509,1,NULL,10,'2018-02-28 11:44:55',' sms_is_active (1) sms_sender (DEMO)',1),(1510,8,1,3,'2018-02-28 11:45:21',NULL,1),(1511,1,NULL,6,'2018-02-28 11:45:22',NULL,1),(1512,53,1,2,'2018-02-28 11:45:55',NULL,1),(1513,54,1,2,'2018-02-28 11:46:05',NULL,1),(1514,55,1,2,'2018-02-28 12:00:09',NULL,1),(1515,56,1,2,'2018-02-28 12:00:16',NULL,1),(1516,57,1,2,'2018-02-28 12:00:24',NULL,1),(1517,58,1,2,'2018-02-28 12:00:40',NULL,1),(1518,60,1,2,'2018-02-28 12:00:46',NULL,1),(1519,8,1,3,'2018-02-28 16:00:53',NULL,1),(1520,7,1,5,'2018-02-28 16:00:55',NULL,1),(1521,1,NULL,6,'2018-02-28 16:00:55',NULL,1),(1522,11,2,3,'2018-03-01 21:10:40',NULL,1),(1523,6,2,3,'2018-03-01 21:10:40',NULL,1),(1524,7,2,3,'2018-03-01 21:10:41',NULL,1),(1525,10,2,3,'2018-03-01 21:10:41',NULL,1),(1526,13,2,3,'2018-03-01 21:10:42',NULL,1),(1527,12,2,3,'2018-03-01 21:10:42',NULL,1),(1528,14,2,3,'2018-03-01 21:10:42',NULL,1),(1529,9,2,3,'2018-03-01 21:10:43',NULL,1),(1530,2,NULL,6,'2018-03-01 21:10:43',NULL,1),(1531,7,2,3,'2018-03-01 21:11:35',NULL,1),(1532,11,2,3,'2018-03-01 21:11:35',NULL,1),(1533,2,NULL,6,'2018-03-01 21:11:35',NULL,1),(1534,6,2,3,'2018-03-01 21:11:35',NULL,1),(1535,13,2,3,'2018-03-01 21:11:35',NULL,1),(1536,9,2,3,'2018-03-01 21:11:36',NULL,1),(1537,14,2,3,'2018-03-01 21:11:36',NULL,1),(1538,10,2,3,'2018-03-01 21:11:36',NULL,1),(1539,12,2,3,'2018-03-01 21:11:36',NULL,1),(1540,6,2,3,'2018-03-01 22:43:54',NULL,1),(1541,7,2,3,'2018-03-01 22:43:54',NULL,1),(1542,9,2,3,'2018-03-01 22:43:55',NULL,1),(1543,2,NULL,6,'2018-03-01 22:43:55',NULL,1),(1544,13,2,3,'2018-03-01 22:43:55',NULL,1),(1545,12,2,3,'2018-03-01 22:43:55',NULL,1),(1546,10,2,3,'2018-03-01 22:43:55',NULL,1),(1547,14,2,3,'2018-03-01 22:43:56',NULL,1),(1548,11,2,3,'2018-03-01 22:43:56',NULL,1),(1549,2,NULL,10,'2018-03-03 07:28:51',' week_day_start (1) week_day_end (6) restricted_domain_access () scholarship_month_start (9) scholarship_month_end (6) etablissement_name (École des Lilasy)',1),(1550,2,NULL,10,'2018-03-03 07:29:28',' week_day_start (1) week_day_end (6) restricted_domain_access () scholarship_month_start (9) scholarship_month_end (6) etablissement_name (École des Lilas)',1),(1551,2,NULL,10,'2018-03-03 07:32:05',' week_day_start (2) week_day_end (5) restricted_domain_access () scholarship_month_start (1) scholarship_month_end (5) etablissement_name (My school)',1),(1552,2,NULL,10,'2018-03-03 07:33:12',' week_day_start (1) week_day_end (6) restricted_domain_access () scholarship_month_start (9) scholarship_month_end (6) etablissement_name (École des Lilas)',1),(1553,8,1,3,'2018-03-05 11:00:57',NULL,1),(1554,7,1,5,'2018-03-05 11:00:58',NULL,1),(1555,1,NULL,6,'2018-03-05 11:00:58',NULL,1),(1556,12,1,5,'2018-03-05 11:00:58',NULL,1),(1557,10,1,3,'2018-03-05 11:00:58',NULL,1),(1558,8,1,14,'2018-03-05 11:42:28','Allergies',1),(1559,162,NULL,6,'2018-03-05 12:09:27',NULL,1),(1560,13,162,3,'2018-03-05 12:09:58',NULL,1),(1561,162,NULL,6,'2018-03-05 12:09:58',NULL,1),(1562,12,162,3,'2018-03-05 12:09:58',NULL,1),(1563,12,162,3,'2018-03-05 12:12:00',NULL,1),(1564,14,162,5,'2018-03-05 12:12:00',NULL,1),(1565,162,NULL,6,'2018-03-05 12:12:01',NULL,1),(1566,8,1,3,'2018-03-05 16:19:00',NULL,1),(1567,1,NULL,6,'2018-03-05 16:19:01',NULL,1),(1568,10,2,3,'2018-03-06 04:25:54',NULL,1),(1569,7,2,3,'2018-03-06 04:25:54',NULL,1),(1570,2,NULL,6,'2018-03-06 04:25:54',NULL,1),(1571,12,2,5,'2018-03-06 04:25:55',NULL,1),(1572,14,2,5,'2018-03-06 04:25:55',NULL,1),(1573,9,2,3,'2018-03-06 04:25:55',NULL,1),(1574,10,2,3,'2018-03-06 04:42:09',NULL,1),(1575,13,2,3,'2018-03-06 04:42:10',NULL,1),(1576,7,2,3,'2018-03-06 04:42:10',NULL,1),(1577,14,2,3,'2018-03-06 04:42:10',NULL,1),(1578,9,2,3,'2018-03-06 04:42:10',NULL,1),(1579,12,2,3,'2018-03-06 04:42:10',NULL,1),(1580,2,NULL,6,'2018-03-06 04:42:10',NULL,1),(1581,11,2,3,'2018-03-06 04:42:12',NULL,1),(1582,10,2,3,'2018-03-06 04:43:22',NULL,1),(1583,13,2,3,'2018-03-06 04:43:22',NULL,1),(1584,12,2,3,'2018-03-06 04:43:22',NULL,1),(1585,14,2,3,'2018-03-06 04:43:22',NULL,1),(1586,2,NULL,6,'2018-03-06 04:43:23',NULL,1),(1587,11,2,3,'2018-03-06 04:43:23',NULL,1),(1588,7,2,3,'2018-03-06 04:43:23',NULL,1),(1589,9,2,3,'2018-03-06 04:43:23',NULL,1),(1590,9,2,3,'2018-03-06 04:46:12',NULL,1),(1591,2,NULL,6,'2018-03-06 04:46:12',NULL,1),(1592,11,2,3,'2018-03-06 04:46:13',NULL,1),(1593,14,2,3,'2018-03-06 04:46:13',NULL,1),(1594,12,2,3,'2018-03-06 04:46:14',NULL,1),(1595,14,162,3,'2018-03-06 05:19:31',NULL,1),(1596,11,162,3,'2018-03-06 05:19:31',NULL,1),(1597,162,NULL,6,'2018-03-06 05:19:31',NULL,1),(1598,13,162,3,'2018-03-06 05:19:31',NULL,1),(1599,7,162,3,'2018-03-06 05:19:32',NULL,1),(1600,9,162,3,'2018-03-06 05:19:32',NULL,1),(1601,12,162,3,'2018-03-06 05:19:32',NULL,1),(1602,10,162,3,'2018-03-06 05:27:41',NULL,1),(1603,14,162,3,'2018-03-06 05:27:41',NULL,1),(1604,11,162,3,'2018-03-06 05:27:41',NULL,1),(1605,162,NULL,6,'2018-03-06 05:27:41',NULL,1),(1606,7,162,3,'2018-03-06 05:27:42',NULL,1),(1607,12,162,3,'2018-03-06 05:27:42',NULL,1),(1608,9,162,3,'2018-03-06 05:27:42',NULL,1),(1609,6,162,3,'2018-03-06 05:29:21',NULL,1),(1610,9,162,3,'2018-03-06 05:29:21',NULL,1),(1611,10,162,3,'2018-03-06 05:29:23',NULL,1),(1612,13,162,3,'2018-03-06 05:29:23',NULL,1),(1613,7,162,3,'2018-03-06 05:29:23',NULL,1),(1614,11,162,3,'2018-03-06 05:29:24',NULL,1),(1615,12,162,3,'2018-03-06 05:29:24',NULL,1),(1616,14,162,3,'2018-03-06 05:29:24',NULL,1),(1617,162,NULL,6,'2018-03-06 05:29:24',NULL,1),(1618,13,162,3,'2018-03-06 05:31:11',NULL,1),(1619,162,NULL,6,'2018-03-06 05:31:11',NULL,1),(1620,11,162,3,'2018-03-06 05:31:11',NULL,1),(1621,7,162,3,'2018-03-06 05:31:11',NULL,1),(1622,10,162,3,'2018-03-06 05:31:12',NULL,1),(1623,6,162,3,'2018-03-06 05:31:12',NULL,1),(1624,12,162,3,'2018-03-06 05:31:12',NULL,1),(1625,14,162,3,'2018-03-06 05:31:13',NULL,1),(1626,9,162,3,'2018-03-06 05:31:13',NULL,1),(1627,6,162,3,'2018-03-06 05:33:04',NULL,1),(1628,162,NULL,6,'2018-03-06 05:33:04',NULL,1),(1629,10,162,3,'2018-03-06 05:33:05',NULL,1),(1630,10,162,3,'2018-03-06 05:43:50',NULL,1),(1631,162,NULL,6,'2018-03-06 05:43:50',NULL,1),(1632,14,162,3,'2018-03-06 05:43:51',NULL,1),(1633,7,162,3,'2018-03-06 05:43:51',NULL,1),(1634,6,162,3,'2018-03-06 05:45:44',NULL,1),(1635,12,162,3,'2018-03-06 05:45:45',NULL,1),(1636,11,162,3,'2018-03-06 05:45:45',NULL,1),(1637,162,NULL,6,'2018-03-06 05:45:45',NULL,1),(1638,13,162,3,'2018-03-06 05:45:46',NULL,1),(1639,7,162,3,'2018-03-06 05:45:46',NULL,1),(1640,14,162,3,'2018-03-06 05:45:46',NULL,1),(1641,9,162,3,'2018-03-06 05:45:47',NULL,1),(1642,10,162,3,'2018-03-06 05:47:06',NULL,1),(1643,9,162,3,'2018-03-06 05:47:07',NULL,1),(1644,7,162,3,'2018-03-06 05:47:08',NULL,1),(1645,162,NULL,6,'2018-03-06 05:47:08',NULL,1),(1646,6,162,3,'2018-03-06 05:52:54',NULL,1),(1647,9,162,3,'2018-03-06 05:52:54',NULL,1),(1648,13,162,3,'2018-03-06 05:52:56',NULL,1),(1649,12,162,3,'2018-03-06 05:52:56',NULL,1),(1650,14,162,3,'2018-03-06 05:52:56',NULL,1),(1651,162,NULL,6,'2018-03-06 05:52:56',NULL,1),(1652,11,162,3,'2018-03-06 05:52:56',NULL,1),(1653,10,162,3,'2018-03-06 05:54:41',NULL,1),(1654,162,NULL,6,'2018-03-06 05:54:41',NULL,1),(1655,7,162,3,'2018-03-06 05:54:41',NULL,1),(1656,13,162,3,'2018-03-06 05:54:42',NULL,1),(1657,12,162,3,'2018-03-06 05:54:42',NULL,1),(1658,14,162,3,'2018-03-06 05:54:42',NULL,1),(1659,11,162,3,'2018-03-06 05:54:42',NULL,1),(1660,9,162,3,'2018-03-06 05:54:43',NULL,1),(1661,10,162,3,'2018-03-06 05:57:26',NULL,1),(1662,14,162,3,'2018-03-06 05:57:26',NULL,1),(1663,162,NULL,6,'2018-03-06 05:57:27',NULL,1),(1664,7,162,3,'2018-03-06 05:57:27',NULL,1),(1665,11,162,3,'2018-03-06 05:57:28',NULL,1),(1666,10,162,3,'2018-03-06 07:39:09',NULL,1),(1667,14,162,3,'2018-03-06 07:39:09',NULL,1),(1668,13,162,3,'2018-03-06 07:39:10',NULL,1),(1669,7,162,3,'2018-03-06 07:39:11',NULL,1),(1670,12,162,3,'2018-03-06 07:39:11',NULL,1),(1671,9,162,3,'2018-03-06 07:39:11',NULL,1),(1672,162,NULL,6,'2018-03-06 07:39:12',NULL,1),(1673,11,162,3,'2018-03-06 07:39:12',NULL,1),(1674,7,162,3,'2018-03-06 07:41:09',NULL,1),(1675,14,162,3,'2018-03-06 07:41:09',NULL,1),(1676,13,162,3,'2018-03-06 07:41:09',NULL,1),(1677,10,162,3,'2018-03-06 07:41:10',NULL,1),(1678,11,162,3,'2018-03-06 07:41:10',NULL,1),(1679,12,162,3,'2018-03-06 07:41:10',NULL,1),(1680,9,162,3,'2018-03-06 07:41:10',NULL,1),(1681,162,NULL,6,'2018-03-06 07:41:10',NULL,1),(1682,14,162,3,'2018-03-06 07:42:52',NULL,1),(1683,10,162,3,'2018-03-06 07:42:52',NULL,1),(1684,7,162,3,'2018-03-06 07:42:54',NULL,1),(1685,13,162,3,'2018-03-06 07:42:54',NULL,1),(1686,162,NULL,6,'2018-03-06 07:42:54',NULL,1),(1687,11,162,3,'2018-03-06 07:42:55',NULL,1),(1688,13,162,3,'2018-03-06 07:47:42',NULL,1),(1689,11,162,3,'2018-03-06 07:47:42',NULL,1),(1690,162,NULL,6,'2018-03-06 07:47:42',NULL,1),(1691,12,162,3,'2018-03-06 07:47:43',NULL,1),(1692,10,162,3,'2018-03-06 07:47:43',NULL,1),(1693,7,162,3,'2018-03-06 07:47:43',NULL,1),(1694,6,162,3,'2018-03-06 07:47:43',NULL,1),(1695,9,162,3,'2018-03-06 07:47:43',NULL,1),(1696,14,162,3,'2018-03-06 07:47:44',NULL,1),(1697,6,162,3,'2018-03-06 07:50:10',NULL,1),(1698,9,162,3,'2018-03-06 07:50:11',NULL,1),(1699,162,NULL,6,'2018-03-06 07:50:11',NULL,1),(1700,13,162,3,'2018-03-06 07:50:11',NULL,1),(1701,7,162,3,'2018-03-06 07:50:11',NULL,1),(1702,12,162,3,'2018-03-06 07:50:11',NULL,1),(1703,14,162,3,'2018-03-06 07:50:11',NULL,1),(1704,11,162,3,'2018-03-06 07:50:13',NULL,1),(1705,10,162,3,'2018-03-06 07:51:59',NULL,1),(1706,12,162,3,'2018-03-06 07:51:59',NULL,1),(1707,162,NULL,6,'2018-03-06 07:52:00',NULL,1),(1708,11,162,3,'2018-03-06 07:52:00',NULL,1),(1709,9,162,3,'2018-03-06 07:52:00',NULL,1),(1710,14,162,3,'2018-03-06 07:52:00',NULL,1),(1711,10,162,3,'2018-03-06 08:01:32',NULL,1),(1712,12,162,3,'2018-03-06 08:01:32',NULL,1),(1713,9,162,3,'2018-03-06 08:01:32',NULL,1),(1714,11,162,3,'2018-03-06 08:01:32',NULL,1),(1715,7,162,3,'2018-03-06 08:01:33',NULL,1),(1716,162,NULL,6,'2018-03-06 08:01:33',NULL,1),(1717,13,162,3,'2018-03-06 08:01:33',NULL,1),(1718,14,162,3,'2018-03-06 08:01:33',NULL,1),(1719,11,162,3,'2018-03-06 08:04:36',NULL,1),(1720,14,162,3,'2018-03-06 08:04:36',NULL,1),(1721,7,162,3,'2018-03-06 08:04:37',NULL,1),(1722,13,162,3,'2018-03-06 08:04:37',NULL,1),(1723,10,162,3,'2018-03-06 08:04:38',NULL,1),(1724,162,NULL,6,'2018-03-06 08:04:38',NULL,1),(1725,12,162,3,'2018-03-06 08:04:38',NULL,1),(1726,9,162,3,'2018-03-06 08:04:38',NULL,1),(1727,6,162,3,'2018-03-06 08:29:20',NULL,1),(1728,12,162,3,'2018-03-06 08:29:20',NULL,1),(1729,162,NULL,6,'2018-03-06 08:29:20',NULL,1),(1730,10,162,3,'2018-03-06 08:29:20',NULL,1),(1731,13,162,3,'2018-03-06 08:29:20',NULL,1),(1732,14,162,3,'2018-03-06 08:29:21',NULL,1),(1733,9,162,3,'2018-03-06 08:29:21',NULL,1),(1734,7,162,3,'2018-03-06 08:29:21',NULL,1),(1735,11,162,3,'2018-03-06 08:29:21',NULL,1),(1736,6,162,3,'2018-03-06 08:34:22',NULL,1),(1737,7,162,3,'2018-03-06 08:34:22',NULL,1),(1738,162,NULL,6,'2018-03-06 08:34:23',NULL,1),(1739,10,162,3,'2018-03-06 08:34:23',NULL,1),(1740,13,162,3,'2018-03-06 08:34:23',NULL,1),(1741,9,162,3,'2018-03-06 08:34:23',NULL,1),(1742,12,162,3,'2018-03-06 08:34:23',NULL,1),(1743,14,162,3,'2018-03-06 08:34:24',NULL,1),(1744,11,162,3,'2018-03-06 08:34:24',NULL,1),(1745,6,162,3,'2018-03-06 08:36:28',NULL,1),(1746,9,162,3,'2018-03-06 08:36:28',NULL,1),(1747,13,162,3,'2018-03-06 08:36:28',NULL,1),(1748,7,162,3,'2018-03-06 08:36:29',NULL,1),(1749,14,162,3,'2018-03-06 08:36:29',NULL,1),(1750,12,162,3,'2018-03-06 08:36:29',NULL,1),(1751,10,162,3,'2018-03-06 08:36:29',NULL,1),(1752,11,162,3,'2018-03-06 08:36:30',NULL,1),(1753,162,NULL,6,'2018-03-06 08:36:30',NULL,1),(1754,10,162,3,'2018-03-06 08:39:40',NULL,1),(1755,9,162,3,'2018-03-06 08:39:40',NULL,1),(1756,162,NULL,6,'2018-03-06 08:39:40',NULL,1),(1757,7,162,3,'2018-03-06 08:39:40',NULL,1),(1758,13,162,3,'2018-03-06 08:39:40',NULL,1),(1759,12,162,3,'2018-03-06 08:39:41',NULL,1),(1760,11,162,3,'2018-03-06 08:39:41',NULL,1),(1761,14,162,3,'2018-03-06 08:39:41',NULL,1),(1762,10,162,3,'2018-03-06 08:41:15',NULL,1),(1763,6,162,3,'2018-03-06 08:41:15',NULL,1),(1764,9,162,3,'2018-03-06 08:41:15',NULL,1),(1765,162,NULL,6,'2018-03-06 08:41:15',NULL,1),(1766,12,162,3,'2018-03-06 08:41:15',NULL,1),(1767,13,162,3,'2018-03-06 08:41:15',NULL,1),(1768,14,162,3,'2018-03-06 08:41:15',NULL,1),(1769,11,162,3,'2018-03-06 08:41:16',NULL,1),(1770,7,162,3,'2018-03-06 08:41:16',NULL,1),(1771,10,162,3,'2018-03-06 08:42:14',NULL,1),(1772,7,162,3,'2018-03-06 08:42:14',NULL,1),(1773,11,162,3,'2018-03-06 08:42:15',NULL,1),(1774,162,NULL,6,'2018-03-06 08:42:15',NULL,1),(1775,13,162,3,'2018-03-06 08:42:15',NULL,1),(1776,12,162,3,'2018-03-06 08:42:16',NULL,1),(1777,9,162,3,'2018-03-06 08:42:16',NULL,1),(1778,14,162,3,'2018-03-06 08:42:16',NULL,1),(1779,13,162,3,'2018-03-06 08:44:35',NULL,1),(1780,9,162,3,'2018-03-06 08:44:35',NULL,1),(1781,14,162,3,'2018-03-06 08:44:35',NULL,1),(1782,12,162,3,'2018-03-06 08:44:35',NULL,1),(1783,7,162,3,'2018-03-06 08:44:35',NULL,1),(1784,11,162,3,'2018-03-06 08:44:35',NULL,1),(1785,162,NULL,6,'2018-03-06 08:44:36',NULL,1),(1786,6,162,3,'2018-03-06 08:46:35',NULL,1),(1787,10,162,3,'2018-03-06 08:46:35',NULL,1),(1788,7,162,3,'2018-03-06 08:46:35',NULL,1),(1789,162,NULL,6,'2018-03-06 08:46:36',NULL,1),(1790,12,162,3,'2018-03-06 08:46:37',NULL,1),(1791,14,162,3,'2018-03-06 08:46:37',NULL,1),(1792,13,162,3,'2018-03-06 08:46:37',NULL,1),(1793,11,162,3,'2018-03-06 08:46:37',NULL,1),(1794,9,162,3,'2018-03-06 08:46:38',NULL,1),(1795,6,162,3,'2018-03-06 08:47:21',NULL,1),(1796,10,162,3,'2018-03-06 08:47:21',NULL,1),(1797,162,NULL,6,'2018-03-06 08:47:21',NULL,1),(1798,12,162,3,'2018-03-06 08:47:21',NULL,1),(1799,13,162,3,'2018-03-06 08:47:22',NULL,1),(1800,7,162,3,'2018-03-06 08:47:22',NULL,1),(1801,14,162,3,'2018-03-06 08:47:22',NULL,1),(1802,9,162,3,'2018-03-06 08:47:23',NULL,1),(1803,11,162,3,'2018-03-06 08:47:23',NULL,1),(1804,10,162,3,'2018-03-06 08:49:25',NULL,1),(1805,11,162,3,'2018-03-06 08:49:25',NULL,1),(1806,12,162,3,'2018-03-06 08:49:25',NULL,1),(1807,13,162,3,'2018-03-06 08:49:26',NULL,1),(1808,7,162,3,'2018-03-06 08:49:26',NULL,1),(1809,9,162,3,'2018-03-06 08:49:26',NULL,1),(1810,162,NULL,6,'2018-03-06 08:49:27',NULL,1),(1811,14,162,3,'2018-03-06 08:49:27',NULL,1),(1812,10,162,3,'2018-03-06 08:53:53',NULL,1),(1813,13,162,3,'2018-03-06 08:53:55',NULL,1),(1814,7,162,3,'2018-03-06 08:53:55',NULL,1),(1815,12,162,3,'2018-03-06 08:53:56',NULL,1),(1816,9,162,3,'2018-03-06 08:53:56',NULL,1),(1817,11,162,3,'2018-03-06 08:53:56',NULL,1),(1818,14,162,3,'2018-03-06 08:53:56',NULL,1),(1819,6,162,3,'2018-03-06 08:55:00',NULL,1),(1820,162,NULL,6,'2018-03-06 08:55:00',NULL,1),(1821,14,162,3,'2018-03-06 08:55:00',NULL,1),(1822,9,162,3,'2018-03-06 08:55:00',NULL,1),(1823,13,162,3,'2018-03-06 08:55:00',NULL,1),(1824,10,162,3,'2018-03-06 08:55:00',NULL,1),(1825,162,NULL,6,'2018-03-06 08:55:01',NULL,1),(1826,12,162,3,'2018-03-06 08:55:01',NULL,1),(1827,7,162,3,'2018-03-06 08:55:01',NULL,1),(1828,11,162,3,'2018-03-06 08:55:01',NULL,1),(1829,6,162,3,'2018-03-06 08:55:49',NULL,1),(1830,9,162,3,'2018-03-06 08:55:49',NULL,1),(1831,162,NULL,6,'2018-03-06 08:55:49',NULL,1),(1832,11,162,3,'2018-03-06 08:55:49',NULL,1),(1833,13,162,3,'2018-03-06 08:55:49',NULL,1),(1834,10,162,3,'2018-03-06 08:55:50',NULL,1),(1835,12,162,3,'2018-03-06 08:55:50',NULL,1),(1836,7,162,3,'2018-03-06 08:55:50',NULL,1),(1837,14,162,3,'2018-03-06 08:55:50',NULL,1),(1838,6,162,3,'2018-03-06 08:57:18',NULL,1),(1839,13,162,3,'2018-03-06 08:57:18',NULL,1),(1840,10,162,3,'2018-03-06 08:57:18',NULL,1),(1841,11,162,3,'2018-03-06 08:57:18',NULL,1),(1842,162,NULL,6,'2018-03-06 08:57:18',NULL,1),(1843,7,162,3,'2018-03-06 08:57:18',NULL,1),(1844,12,162,3,'2018-03-06 08:57:18',NULL,1),(1845,14,162,3,'2018-03-06 08:57:18',NULL,1),(1846,9,162,3,'2018-03-06 08:57:19',NULL,1),(1847,6,162,3,'2018-03-06 08:59:22',NULL,1),(1848,13,162,3,'2018-03-06 08:59:22',NULL,1),(1849,162,NULL,6,'2018-03-06 08:59:23',NULL,1),(1850,10,162,3,'2018-03-06 08:59:24',NULL,1),(1851,12,162,3,'2018-03-06 08:59:24',NULL,1),(1852,7,162,3,'2018-03-06 08:59:24',NULL,1),(1853,14,162,3,'2018-03-06 08:59:24',NULL,1),(1854,9,162,3,'2018-03-06 08:59:25',NULL,1),(1855,11,162,3,'2018-03-06 08:59:25',NULL,1),(1856,6,162,3,'2018-03-06 09:03:18',NULL,1),(1857,9,162,3,'2018-03-06 09:03:18',NULL,1),(1858,10,162,3,'2018-03-06 09:03:19',NULL,1),(1859,13,162,3,'2018-03-06 09:03:19',NULL,1),(1860,14,162,3,'2018-03-06 09:03:19',NULL,1),(1861,7,162,3,'2018-03-06 09:03:19',NULL,1),(1862,11,162,3,'2018-03-06 09:03:19',NULL,1),(1863,12,162,3,'2018-03-06 09:03:20',NULL,1),(1864,162,NULL,6,'2018-03-06 09:03:39',NULL,1),(1865,8,1,3,'2018-03-06 10:29:45',NULL,1),(1866,1,NULL,6,'2018-03-06 10:29:45',NULL,1),(1867,7,1,5,'2018-03-06 10:29:45',NULL,1),(1868,6,2,3,'2018-03-06 12:24:53',NULL,1),(1869,13,2,3,'2018-03-06 12:24:53',NULL,1),(1870,12,2,3,'2018-03-06 12:24:53',NULL,1),(1871,10,2,3,'2018-03-06 12:24:53',NULL,1),(1872,2,NULL,6,'2018-03-06 12:24:53',NULL,1),(1873,7,2,3,'2018-03-06 12:24:54',NULL,1),(1874,9,2,3,'2018-03-06 12:24:54',NULL,1),(1875,14,2,3,'2018-03-06 12:24:54',NULL,1),(1876,11,2,3,'2018-03-06 12:24:55',NULL,1),(1877,8,162,12,'2018-03-07 08:37:15','{\"nonattendance_ids\":\"1895\",\"reason_id\":7}',1),(1878,8,1,3,'2018-03-07 16:37:22',NULL,1),(1879,1,NULL,6,'2018-03-07 16:37:23',NULL,1),(1880,13,1,5,'2018-03-07 16:37:23',NULL,1),(1881,8,1,3,'2018-03-08 10:41:33',NULL,1),(1882,1,NULL,6,'2018-03-08 10:41:33',NULL,1),(1883,10,1,5,'2018-03-08 10:41:34',NULL,1),(1884,10,162,3,'2018-03-09 08:31:05',NULL,1),(1885,13,162,3,'2018-03-09 08:31:05',NULL,1),(1886,9,162,3,'2018-03-09 08:31:05',NULL,1),(1887,162,NULL,6,'2018-03-09 08:31:05',NULL,1),(1888,7,162,3,'2018-03-09 08:31:05',NULL,1),(1889,12,162,3,'2018-03-09 08:31:05',NULL,1),(1890,14,162,3,'2018-03-09 08:31:06',NULL,1),(1891,8,1,3,'2018-03-09 10:50:54',NULL,1),(1892,1,NULL,6,'2018-03-09 10:50:54',NULL,1),(1893,10,1,5,'2018-03-09 10:50:55',NULL,1),(1894,8,1,3,'2018-03-09 16:27:27',NULL,1),(1895,1,NULL,6,'2018-03-09 16:27:27',NULL,1),(1896,12,1,5,'2018-03-09 16:27:27',NULL,1),(1897,371,2,1,'2018-03-10 11:30:22',NULL,1),(1898,371,2,2,'2018-03-10 11:32:53',NULL,1),(1899,8,1,3,'2018-03-12 10:48:39',NULL,1),(1900,11,1,5,'2018-03-12 10:48:39',NULL,1),(1901,13,1,5,'2018-03-12 10:48:40',NULL,1),(1902,1,NULL,6,'2018-03-12 10:48:40',NULL,1),(1903,8,1,3,'2018-03-12 14:21:36',NULL,1),(1904,1,NULL,6,'2018-03-12 14:21:36',NULL,1),(1905,10,1,5,'2018-03-12 14:21:37',NULL,1),(1906,8,1,3,'2018-03-12 18:01:11',NULL,1),(1907,1,NULL,6,'2018-03-12 18:01:11',NULL,1),(1908,7,1,5,'2018-03-12 18:01:11',NULL,1),(1909,8,1,3,'2018-03-13 11:24:47',NULL,1),(1910,7,1,5,'2018-03-13 11:24:47',NULL,1),(1911,14,1,5,'2018-03-13 11:24:48',NULL,1),(1912,1,NULL,6,'2018-03-13 11:24:48',NULL,1),(1913,8,1,3,'2018-03-13 14:47:59',NULL,1),(1914,1,NULL,6,'2018-03-13 14:48:00',NULL,1),(1915,7,1,5,'2018-03-13 14:48:00',NULL,1),(1916,8,2,12,'2018-03-17 18:18:44','{\"nonattendance_ids\":\"62\",\"reason_id\":5}',1),(1917,372,2,1,'2018-03-17 18:21:25',NULL,1),(1918,8,1,3,'2018-03-19 11:48:10',NULL,1),(1919,1,NULL,6,'2018-03-19 11:48:10',NULL,1),(1920,7,1,5,'2018-03-19 11:48:10',NULL,1),(1921,14,1,5,'2018-03-19 11:48:11',NULL,1),(1922,264,1,8,'2018-03-20 09:00:45',NULL,1),(1923,8,1,3,'2018-03-20 10:26:29',NULL,1),(1924,1,NULL,6,'2018-03-20 10:26:29',NULL,1),(1925,7,1,5,'2018-03-20 10:26:29',NULL,1),(1926,8,1,3,'2018-03-21 14:46:45',NULL,1),(1927,14,1,5,'2018-03-21 14:46:45',NULL,1),(1928,9,1,3,'2018-03-21 14:46:46',NULL,1),(1929,1,NULL,6,'2018-03-21 14:46:46',NULL,1),(1930,1,NULL,6,'2018-03-22 13:51:48',NULL,1),(1931,8,1,3,'2018-03-22 13:51:50',NULL,1),(1932,7,1,5,'2018-03-22 13:51:50',NULL,1),(1933,12,1,3,'2018-03-22 13:51:51',NULL,1),(1934,8,1,3,'2018-03-23 10:20:51',NULL,1),(1935,1,NULL,6,'2018-03-23 10:20:52',NULL,1),(1936,13,1,5,'2018-03-23 10:20:53',NULL,1),(1937,8,1,14,'2018-03-23 11:42:23','Situation de handicap',1),(1938,8,1,3,'2018-03-23 11:46:33',NULL,1),(1939,7,1,5,'2018-03-23 11:46:33',NULL,1),(1940,11,1,5,'2018-03-23 11:46:33',NULL,1),(1941,1,NULL,6,'2018-03-23 11:46:34',NULL,1),(1942,373,1,1,'2018-03-26 08:52:47',NULL,1),(1943,373,1,2,'2018-03-26 09:02:15',NULL,1),(1944,374,1,1,'2018-03-26 09:02:30',NULL,1);
/*!40000 ALTER TABLE `evenements` ENABLE KEYS */;
UNLOCK TABLES;

--
-- Table structure for table `evenements_notifications`
--

DROP TABLE IF EXISTS `evenements_notifications`;
/*!40101 SET @saved_cs_client     = @@character_set_client */;
/*!40101 SET character_set_client = utf8 */;
CREATE TABLE `evenements_notifications` (
  `id` int(10) unsigned NOT NULL AUTO_INCREMENT,
  `id_user` int(10) unsigned NOT NULL,
  `id_evenement` int(10) unsigned NOT NULL,
  `visible` tinyint(1) NOT NULL DEFAULT '1',
  PRIMARY KEY (`id`),
  UNIQUE KEY `user_event_unique` (`id_user`,`id_evenement`),
  KEY `id_evenement` (`id_evenement`)
) ENGINE=InnoDB DEFAULT CHARSET=utf8;
/*!40101 SET character_set_client = @saved_cs_client */;

--
-- Dumping data for table `evenements_notifications`
--

LOCK TABLES `evenements_notifications` WRITE;
/*!40000 ALTER TABLE `evenements_notifications` DISABLE KEYS */;
/*!40000 ALTER TABLE `evenements_notifications` ENABLE KEYS */;
UNLOCK TABLES;

--
-- Table structure for table `evenements_type`
--

DROP TABLE IF EXISTS `evenements_type`;
/*!40101 SET @saved_cs_client     = @@character_set_client */;
/*!40101 SET character_set_client = utf8 */;
CREATE TABLE `evenements_type` (
  `id` int(10) unsigned NOT NULL AUTO_INCREMENT,
  `libelle` varchar(45) NOT NULL,
  `description` text,
  `libelle_display` text,
  `av_for_notifications` tinyint(1) NOT NULL DEFAULT '0',
  `in_events_list` tinyint(1) NOT NULL DEFAULT '1',
  `visible` tinyint(1) NOT NULL DEFAULT '1',
  PRIMARY KEY (`id`),
  UNIQUE KEY `libelle` (`libelle`)
) ENGINE=InnoDB AUTO_INCREMENT=16 DEFAULT CHARSET=utf8;
/*!40101 SET character_set_client = @saved_cs_client */;

--
-- Dumping data for table `evenements_type`
--

LOCK TABLES `evenements_type` WRITE;
/*!40000 ALTER TABLE `evenements_type` DISABLE KEYS */;
INSERT INTO `evenements_type` VALUES (1,'ajout_user','Ajout d\'un utilisateur dans la base','%user_action% a ajouté %user_concerne% dans la base',1,1,1),(2,'delete_user','Suppression d\'un utilisateur de la base','%user_action% a supprimé %user_concerne% de la base',1,1,1),(3,'absence_student','Absence d\'un étudiant','%user_action% a noté %user_concerne% absent',0,1,1),(4,'absence_justif','Justification d\'une absence','%user_action% a justifié l\'absence de %user_concerne% (motif : %custom_value%)',0,1,1),(5,'absence_retard','Retard d\'un étudiant','%user_action% a noté %user_concerne% en retard (motif : %custom_value%)',0,1,1),(6,'appel_done','L\'appel est fait','%user_concerne% a fait l\'appel des %custom_value%',1,1,1),(7,'change_droits','Modification des droits','%user_action% a modifié les droits de %user_concerne% (%custom_value%)',0,0,1),(8,'edit_user','Mise à jour du profil d\'un utilisateur','%user_action% a mis à jour les informations personnelles de %user_concerne%',0,0,1),(9,'change_photo','Changement de la photo d\'un utilisateur','%user_action% a modifié la photo de %user_concerne%',0,0,1),(10,'change_app_settings','Modification des paramètres Popinz','%user_concerne% a modifié les paramètres de Popinz (%custom_value%)',1,0,1),(11,'upload_docs','Ajout de document sur une fiche utilisateur','%user_action% a ajouté un nouveau document sur la fiche de %user_concerne% (%custom_value%)',0,0,1),(12,'justification_absence','Justification d\'une absence / d\'un retard','%user_action% a justifié l\'absence / le retard de %user_concerne% (%custom_value%)',1,1,1),(13,'log_retard','Saisie d\'un retard','%user_action% a noté le retard de %user_concerne% (%custom_value%)',0,1,0),(14,'change_custom_fields','Modification des infos complémentaires d\'un utilisateur','%user_action% a modifié les infos complémentaires de %user_concerne% (%custom_value%)',0,0,1),(15,'commentbox_add','CommentBox',NULL,0,1,1);
/*!40000 ALTER TABLE `evenements_type` ENABLE KEYS */;
UNLOCK TABLES;

--
-- Table structure for table `migrations`
--

DROP TABLE IF EXISTS `migrations`;
/*!40101 SET @saved_cs_client     = @@character_set_client */;
/*!40101 SET character_set_client = utf8 */;
CREATE TABLE `migrations` (
  `version` int(3) NOT NULL
) ENGINE=InnoDB DEFAULT CHARSET=utf8;
/*!40101 SET character_set_client = @saved_cs_client */;

--
-- Dumping data for table `migrations`
--

LOCK TABLES `migrations` WRITE;
/*!40000 ALTER TABLE `migrations` DISABLE KEYS */;
INSERT INTO `migrations` VALUES (6);
/*!40000 ALTER TABLE `migrations` ENABLE KEYS */;
UNLOCK TABLES;

--
-- Table structure for table `settings`
--

DROP TABLE IF EXISTS `settings`;
/*!40101 SET @saved_cs_client     = @@character_set_client */;
/*!40101 SET character_set_client = utf8 */;
CREATE TABLE `settings` (
  `id` int(10) unsigned NOT NULL AUTO_INCREMENT,
  `libelle` varchar(255) NOT NULL,
  `description` text NOT NULL,
  `av_values` text COMMENT 'Valeurs disponibles (key / value) en json',
  `value` text NOT NULL,
  `type` set('bool','list','string','int') DEFAULT NULL,
  `ci_validation` text COMMENT 'Paramètres de validation CI',
  `page` text,
  `visible` tinyint(1) NOT NULL DEFAULT '1',
  PRIMARY KEY (`id`),
  UNIQUE KEY `libelle` (`libelle`)
) ENGINE=InnoDB AUTO_INCREMENT=12 DEFAULT CHARSET=utf8 ROW_FORMAT=COMPACT;
/*!40101 SET character_set_client = @saved_cs_client */;

--
-- Dumping data for table `settings`
--

LOCK TABLES `settings` WRITE;
/*!40000 ALTER TABLE `settings` DISABLE KEYS */;
INSERT INTO `settings` VALUES (1,'week_day_start','La semaine débute','{\"1\":\"Lundi\",\"2\":\"Mardi\",\"3\":\"Mercredi\",\"4\":\"Jeudi\",\"5\":\"Vendredi\",\"6\":\"Samedi\",\"7\":\"Dimanche\"}','1','list','|required|is_natural_no_zero|less_than[8]','general',1),(2,'week_day_end','La semaine commence Lundi et se termine','{\"1\":\"Lundi\",\"2\":\"Mardi\",\"3\":\"Mercredi\",\"4\":\"Jeudi\",\"5\":\"Vendredi\",\"6\":\"Samedi\",\"7\":\"Dimanche\"}','6','list','|required|is_natural_no_zero|less_than[8]','general',1),(3,'restricted_domain_access','Restreindre l\'accès  aux e-mails sur le domaine :',NULL,'','string','|valid_domain','general',1),(4,'scholarship_month_start','L\'année scolaire commence en','{\"1\":\"Janvier\",\"2\":\"F\\u00e9vrier\",\"3\":\"Mars\",\"4\":\"Avril\",\"5\":\"Mai\",\"6\":\"Juin\",\"7\":\"Juillet\",\"8\":\"Ao\\u00fbt\",\"9\":\"Septembre\",\"10\":\"Octobre\",\"11\":\"Novembre\",\"12\":\"D\\u00e9cembre\"}','9','list','|required|is_natural_no_zero|less_than[13]','general',1),(5,'scholarship_month_end','L\'année scolaire se termine en','{\"1\":\"Janvier\",\"2\":\"F\\u00e9vrier\",\"3\":\"Mars\",\"4\":\"Avril\",\"5\":\"Mai\",\"6\":\"Juin\",\"7\":\"Juillet\",\"8\":\"Aou00fbt\",\"9\":\"Septembre\",\"10\":\"Octobre\",\"11\":\"Novembre\",\"12\":\"Du00e9cembre\"}','6','list','|required|is_natural_no_zero|less_than[13]','general',1),(6,'sms_is_active','Activer l\'envoi de SMS',NULL,'1','bool',NULL,'communications',1),(7,'sms_sender','Numéro de l\'expediteur',NULL,'DEMO','string','|alpha_numeric','communications',1),(8,'auth_method','Methode d\'authentification','{\"1\":\"SSO\",\"2\":\"login\"}','2','list','|required','hidden',1),(9,'auth_sso_url','URL de login SSO',NULL,'','string','','hidden',1),(10,'export_is_active','Activation de l\'option \"Export XLS\"',NULL,'1','bool',NULL,'hidden',1),(11,'etablissement_name','Nom de l\'établissement',NULL,'École des Lilas','string','|required','general',1);
/*!40000 ALTER TABLE `settings` ENABLE KEYS */;
UNLOCK TABLES;

--
-- Table structure for table `sms_sent`
--

DROP TABLE IF EXISTS `sms_sent`;
/*!40101 SET @saved_cs_client     = @@character_set_client */;
/*!40101 SET character_set_client = utf8 */;
CREATE TABLE `sms_sent` (
  `id` int(11) NOT NULL AUTO_INCREMENT,
  `message_sid` varchar(45) NOT NULL,
  `date_sent` datetime DEFAULT CURRENT_TIMESTAMP,
  `from` varchar(255) NOT NULL,
  `to` varchar(255) NOT NULL,
  `body` text,
  `status` varchar(255) DEFAULT NULL,
  `error_code` int(11) DEFAULT NULL,
  `error_message` text,
  `price` float(6,4) DEFAULT NULL,
  `price_unit` varchar(3) DEFAULT NULL,
  `visible` tinyint(1) NOT NULL DEFAULT '1',
  PRIMARY KEY (`id`)
) ENGINE=InnoDB AUTO_INCREMENT=36 DEFAULT CHARSET=utf8;
/*!40101 SET character_set_client = @saved_cs_client */;

--
-- Dumping data for table `sms_sent`
--

LOCK TABLES `sms_sent` WRITE;
/*!40000 ALTER TABLE `sms_sent` DISABLE KEYS */;
INSERT INTO `sms_sent` VALUES (1,'SM6a444d79fa4b45dd8fcf36a1122bd145','2017-10-02 16:05:38','+15005550006','+33606809452','Sent from your Twilio trial account - Bonjour Laure,\nCamille vient de vous noter absente. Présentez-vous au secrétariat avant de rentrer en cours.\nL\'équipe pédagogique','queued',NULL,NULL,NULL,'USD',1),(2,'SM1b1f365615be42cf82116d0c497793c2','2017-10-02 16:05:39','+15005550006','+33606809452','Sent from your Twilio trial account - Bonjour Camille,\nCamille vient de vous noter absent. Présentez-vous au secrétariat avant de rentrer en cours.\nL\'équipe pédagogique','queued',NULL,NULL,NULL,'USD',1),(3,'SMb65faa91f6814c6b94f84176bd78a30e','2017-10-03 09:26:22','DemoPOPINZ','+33606809452','Bonjour Camille,\nCamille vient de vous noter absent. Présentez-vous au secrétariat avant de rentrer en cours.\nL\'équipe pédagogique','queued',NULL,NULL,NULL,'USD',1),(4,'SM82d7abdf531d4caea36602ace89feeb4','2017-10-03 09:26:39','DemoPOPINZ','+33606809452','Bonjour Laure,\nCamille vient de vous noter absente. Présentez-vous au secrétariat avant de rentrer en cours.\nL\'équipe pédagogique','queued',NULL,NULL,NULL,'USD',1),(5,'SM58292f1a93154693a36147b1015163db','2017-12-06 10:14:40','DEMO','+33675756499','Bonjour Thomas,\nMatthieu vient de vous noter absent. Présentez-vous au secrétariat avant de rentrer en cours.\nL\'équipe pédagogique','queued',NULL,NULL,NULL,'USD',1),(6,'SM45ada290b0984e4b9ee0373e2818e235','2017-12-06 10:19:43','DEMO','+33675756499','Bonjour Thomas,\nMatthieu vient de vous noter absent. Présentez-vous au secrétariat avant de rentrer en cours.\nL\'équipe pédagogique','queued',NULL,NULL,NULL,'USD',1),(7,'SMa488f09a933244748ab3a1bbe6cafef4','2017-12-07 09:09:09','DEMO','+33660097481','Bonjour Séverine,\nMatthieu vient de vous noter absente. Présentez-vous au secrétariat avant de rentrer en cours.\nL\'équipe pédagogique','queued',NULL,NULL,NULL,'USD',1),(8,'SMdec2999040014f2490a536126bec1a75','2018-01-02 16:49:58','DEMO','+33678860509','Bonjour Noëmie,\nMatthieu vient de vous noter absente. Présentez-vous au secrétariat avant de rentrer en cours.\nL\'équipe pédagogique','queued',NULL,NULL,NULL,'USD',1),(9,'SM1272ef049ecd4991937290fb17a617e6','2018-01-11 12:43:59','DEMO','+33653462747','Bonjour Benjamin,\nMatthieu vient de vous noter absent. Présentez-vous au secrétariat avant de rentrer en cours.\nL\'équipe pédagogique','queued',NULL,NULL,NULL,'USD',1),(10,'SM9ecccf5fa1e642b29ac5c8838416f6db','2018-01-11 12:44:00','DEMO','+33678860509','Bonjour Noëmie,\nMatthieu vient de vous noter absente. Présentez-vous au secrétariat avant de rentrer en cours.\nL\'équipe pédagogique','queued',NULL,NULL,NULL,'USD',1),(11,'SM08b73a43fd4747d6b6e66d419f696361','2018-01-11 12:44:01','DEMO','+33658805930','Bonjour Johanna,\nMatthieu vient de vous noter absente. Présentez-vous au secrétariat avant de rentrer en cours.\nL\'équipe pédagogique','queued',NULL,NULL,NULL,'USD',1),(12,'SM6851120ee6ee4ea7bc9695d4cf7f40ed','2018-02-12 13:51:43','DEMO','+33678860509','Bonjour Noëmie,\nMatthieu vient de vous noter absente. Présentez-vous au secrétariat avant de rentrer en cours.\nL\'équipe pédagogique','queued',NULL,NULL,NULL,'USD',1),(13,'SM547e47bcf61d4c90a8f47d2f4abfea89','2018-02-12 13:51:43','DEMO','+33606809452','Bonjour Benjamin,\nMatthieu vient de vous noter absent. Présentez-vous au secrétariat avant de rentrer en cours.\nL\'équipe pédagogique','queued',NULL,NULL,NULL,'USD',1),(14,'SM29ef98e387744d8694057a772a73a20b','2018-02-13 10:55:44','DEMO','+33606809452','Bonjour Benjamin,\nMatthieu vient de vous noter absent. Présentez-vous au secrétariat avant de rentrer en cours.\nL\'équipe pédagogique','queued',NULL,NULL,NULL,'USD',1),(15,'SMf403b244191b4de68cd414319b41d258','2018-02-28 10:45:23','DEMO','+33606809452','Bonjour Benjamin,\nMatthieu vient de vous noter absent. Présentez-vous au secrétariat avant de rentrer en cours.\nL\'équipe pédagogique','queued',NULL,NULL,NULL,'USD',1),(16,'SM0579496a26324cf0877de86eff9d4d13','2018-02-28 15:00:54','DEMO','+33606809452','Bonjour Benjamin,\nMatthieu vient de vous noter absent. Présentez-vous au secrétariat avant de rentrer en cours.\nL\'équipe pédagogique','queued',NULL,NULL,NULL,'USD',1),(17,'SMedd7a8e784b94eaf8cfc1ef00e3cf245','2018-03-05 10:00:58','DEMO','+33606809452','Bonjour Benjamin,\nMatthieu vient de vous noter absent. Présentez-vous au secrétariat avant de rentrer en cours.\nL\'équipe pédagogique','queued',NULL,NULL,NULL,'USD',1),(18,'SM4ec0e952ff9b44258e0bd5f7f5cbe35b','2018-03-05 15:19:02','DEMO','+33606809452','Bonjour Benjamin,\nMatthieu vient de vous noter absent. Présentez-vous au secrétariat avant de rentrer en cours.\nL\'équipe pédagogique','queued',NULL,NULL,NULL,'USD',1),(19,'SM03ed3ccfb92645c19f22359e24ce196b','2018-03-06 09:29:46','DEMO','+33606809452','Bonjour Benjamin,\nMatthieu vient de vous noter absent. Présentez-vous au secrétariat avant de rentrer en cours.\nL\'équipe pédagogique','queued',NULL,NULL,NULL,'USD',1),(20,'SM26cfeca309ce4bf09fb02e6c3fc765c4','2018-03-07 15:37:22','DEMO','+33606809452','Bonjour Benjamin,\nMatthieu vient de vous noter absent. Présentez-vous au secrétariat avant de rentrer en cours.\nL\'équipe pédagogique','queued',NULL,NULL,NULL,'USD',1),(21,'SMf79dafe1d96d4b899ce7ed9d09f6e1b7','2018-03-08 09:41:33','DEMO','+33606809452','Bonjour Benjamin,\nMatthieu vient de vous noter absent. Présentez-vous au secrétariat avant de rentrer en cours.\nL\'équipe pédagogique','queued',NULL,NULL,NULL,'USD',1),(22,'SM5ca572e042a949d9aaa97b86697dfa09','2018-03-09 09:50:56','DEMO','+33606809452','Bonjour Benjamin,\nMatthieu vient de vous noter absent. Présentez-vous au secrétariat avant de rentrer en cours.\nL\'équipe pédagogique','queued',NULL,NULL,NULL,'USD',1),(23,'SM7ad5e61d6b764f12bf82ce2c567489fd','2018-03-09 15:27:28','DEMO','+33606809452','Bonjour Benjamin,\nMatthieu vient de vous noter absent. Présentez-vous au secrétariat avant de rentrer en cours.\nL\'équipe pédagogique','queued',NULL,NULL,NULL,'USD',1),(24,'SMd4d5506674c64bbcb8f331a0cc3c9304','2018-03-12 09:48:40','DEMO','+33606809452','Bonjour Benjamin,\nMatthieu vient de vous noter absent. Présentez-vous au secrétariat avant de rentrer en cours.\nL\'équipe pédagogique','queued',NULL,NULL,NULL,'USD',1),(25,'SM95ac77c7caac4b37a0ef76664d7af0dd','2018-03-12 13:21:37','DEMO','+33606809452','Bonjour Benjamin,\nMatthieu vient de vous noter absent. Présentez-vous au secrétariat avant de rentrer en cours.\nL\'équipe pédagogique','queued',NULL,NULL,NULL,'USD',1),(26,'SM49224eadf5db460283f097ca230e2e9a','2018-03-12 17:01:12','DEMO','+33606809452','Bonjour Benjamin,\nMatthieu vient de vous noter absent. Présentez-vous au secrétariat avant de rentrer en cours.\nL\'équipe pédagogique','queued',NULL,NULL,NULL,'USD',1),(27,'SM151cd93c289540a1a451fb64a4092276','2018-03-13 10:24:49','DEMO','+33606809452','Bonjour Benjamin,\nMatthieu vient de vous noter absent. Présentez-vous au secrétariat avant de rentrer en cours.\nL\'équipe pédagogique','queued',NULL,NULL,NULL,'USD',1),(28,'SMf1475330f3f9482590067888f9e4c9e2','2018-03-13 13:48:01','DEMO','+33606809452','Bonjour Benjamin,\nMatthieu vient de vous noter absent. Présentez-vous au secrétariat avant de rentrer en cours.\nL\'équipe pédagogique','queued',NULL,NULL,NULL,'USD',1),(29,'SMf2a745878a3048c38228b4ae7f34220d','2018-03-19 10:48:11','DEMO','+33606809452','Bonjour Benjamin,\nMatthieu vient de vous noter absent. Présentez-vous au secrétariat avant de rentrer en cours.\nL\'équipe pédagogique','queued',NULL,NULL,NULL,'USD',1),(30,'SM0a95575b48494ee4bc13a2e1211e4b32','2018-03-20 09:26:30','DEMO','+33606809452','Bonjour Benjamin,\nMatthieu vient de vous noter absent. Présentez-vous au secrétariat avant de rentrer en cours.\nL\'équipe pédagogique','queued',NULL,NULL,NULL,'USD',1),(31,'SM4d486bfffb9f474a8539b342939fb995','2018-03-21 13:46:46','DEMO','+33606809452','Bonjour Benjamin,\nMatthieu vient de vous noter absent. Présentez-vous au secrétariat avant de rentrer en cours.\nL\'équipe pédagogique','queued',NULL,NULL,NULL,'USD',1),(32,'SM4e134c64b52d4a51945235aef674394a','2018-03-22 12:51:49','DEMO','+33606809452','Bonjour Benjamin,\nMatthieu vient de vous noter absent. Présentez-vous au secrétariat avant de rentrer en cours.\nL\'équipe pédagogique','queued',NULL,NULL,NULL,'USD',1),(33,'SM55ba6d4cba7944cd98d5851d12ac7d72','2018-03-22 12:51:50','DEMO','+33678860509','Bonjour Noëmie,\nMatthieu vient de vous noter absente. Présentez-vous au secrétariat avant de rentrer en cours.\nL\'équipe pédagogique','queued',NULL,NULL,NULL,'USD',1),(34,'SM9a45e30ae04b417787eeb7c5369d545c','2018-03-23 09:20:52','DEMO','+33606809452','Bonjour Benjamin,\nMatthieu vient de vous noter absent. Présentez-vous au secrétariat avant de rentrer en cours.\nL\'équipe pédagogique','queued',NULL,NULL,NULL,'USD',1),(35,'SM6e3d1f76ef824c559b9d27c8f271c147','2018-03-23 10:46:34','DEMO','+33606809452','Bonjour Benjamin,\nMatthieu vient de vous noter absent. Présentez-vous au secrétariat avant de rentrer en cours.\nL\'équipe pédagogique','queued',NULL,NULL,NULL,'USD',1);
/*!40000 ALTER TABLE `sms_sent` ENABLE KEYS */;
UNLOCK TABLES;

--
-- Table structure for table `ss_groupes`
--

DROP TABLE IF EXISTS `ss_groupes`;
/*!40101 SET @saved_cs_client     = @@character_set_client */;
/*!40101 SET character_set_client = utf8 */;
CREATE TABLE `ss_groupes` (
  `id` int(10) unsigned NOT NULL AUTO_INCREMENT,
  `libelle` varchar(45) NOT NULL,
  `description` varchar(45) DEFAULT NULL,
  `id_groupe` int(10) unsigned DEFAULT NULL,
  `has_appel` tinyint(1) unsigned NOT NULL DEFAULT '1',
  `has_calendar` tinyint(1) unsigned NOT NULL DEFAULT '1',
  `order_num` int(10) unsigned DEFAULT NULL,
  `level` tinyint(1) unsigned NOT NULL DEFAULT '2',
  `css_class` varchar(45) DEFAULT NULL,
  `visible` tinyint(1) NOT NULL DEFAULT '1',
  PRIMARY KEY (`id`),
  KEY `fk_ss_groupes_groupes1_idx` (`id_groupe`)
) ENGINE=InnoDB AUTO_INCREMENT=41 DEFAULT CHARSET=utf8;
/*!40101 SET character_set_client = @saved_cs_client */;

--
-- Dumping data for table `ss_groupes`
--

LOCK TABLES `ss_groupes` WRITE;
/*!40000 ALTER TABLE `ss_groupes` DISABLE KEYS */;
INSERT INTO `ss_groupes` VALUES (1,'Classe 1','Classe de démonstration',NULL,1,1,0,1,'style_green',1),(2,'Classe 2','Classe de démonstration',NULL,1,1,2,1,'style_green',1),(3,'Classe 3','Classe de démonstration',NULL,1,1,3,1,'style_green',0),(4,'Profs','Groupe des enseignants',NULL,0,0,4,1,'style_green',1),(5,'Équipe','Personnel administratif',NULL,1,1,3,1,'style_purple',1),(6,'Archive','',NULL,0,1,6,1,'style_green',0),(7,'Anglais 1','test',1,1,1,0,1,'style_purple',1),(8,'sous groupe dans la classe 2','',2,0,0,0,2,'style_boldred',1),(9,'Nouveau groupe','',NULL,1,1,2,1,'style_boldgreen',0),(10,'Equipe permanents','',5,0,0,1,2,'style_green',1),(11,'Vacataires','',5,0,0,0,2,'style_green',1),(12,'Anglais 2','',1,1,1,1,2,'style_orange',1),(13,'Test de suppression','',3,0,0,NULL,2,'style_green',0),(14,'Groupe DEL 1','',3,0,0,NULL,2,'style_green',0),(15,'Groupe DEL 2','',3,0,0,NULL,2,'style_green',0),(16,'Commission','',NULL,0,0,NULL,1,'style_green',0),(17,'Travaux','',16,0,0,NULL,2,'style_green',0),(18,'Communication','',16,0,0,NULL,2,'style_green',0),(19,'Classe fantome','',NULL,1,1,NULL,1,'style_boldred',0),(20,'df','',NULL,0,0,NULL,1,'style_green',0),(21,'Import group','',NULL,0,0,NULL,1,'style_green',0),(22,'Import group','',NULL,0,0,NULL,1,'style_green',0),(23,'Import group','',NULL,0,0,NULL,1,'style_green',0),(24,'Import group','',NULL,0,0,NULL,1,'style_green',0),(25,'Import group','',NULL,0,0,NULL,1,'style_green',0),(26,'Import group','',NULL,0,0,NULL,1,'style_green',0),(27,'Import group','',NULL,0,0,NULL,1,'style_green',0),(28,'Import group','',NULL,0,0,NULL,1,'style_green',0),(29,'4','',NULL,0,0,NULL,1,'style_green',0),(30,'1','',4,0,0,NULL,2,'style_green',0),(31,'My new group','My new description',NULL,0,0,NULL,1,'style_turquoise',0),(32,'My new group','My new description',NULL,0,0,NULL,1,'style_turquoise',0),(33,'My sub gruop','Sub group description',31,1,1,NULL,2,'style_boldred',0),(34,'My new group','My new description',NULL,0,0,NULL,1,'style_turquoise',0),(35,'My sub gruop','Sub group description',32,1,1,NULL,2,'style_boldred',0),(36,'My new group','My new description',NULL,0,0,NULL,1,'style_turquoise',0),(37,'My sub gruop','Sub group description',34,1,1,NULL,2,'style_boldred',0),(38,'1A1','',NULL,0,0,5,1,'style_green',1),(39,'Group for Subject','',NULL,0,0,NULL,1,'style_green',0),(40,'Garderie','',1,1,1,NULL,2,'style_purple',1);
/*!40000 ALTER TABLE `ss_groupes` ENABLE KEYS */;
UNLOCK TABLES;

--
-- Table structure for table `tour_steps`
--

DROP TABLE IF EXISTS `tour_steps`;
/*!40101 SET @saved_cs_client     = @@character_set_client */;
/*!40101 SET character_set_client = utf8 */;
CREATE TABLE `tour_steps` (
  `id` int(10) unsigned NOT NULL AUTO_INCREMENT,
  `id_user` int(10) unsigned NOT NULL,
  `date` timestamp NOT NULL DEFAULT CURRENT_TIMESTAMP,
  `tour_model` varchar(30) NOT NULL,
  PRIMARY KEY (`id`)
) ENGINE=InnoDB AUTO_INCREMENT=12 DEFAULT CHARSET=utf8;
/*!40101 SET character_set_client = @saved_cs_client */;

--
-- Dumping data for table `tour_steps`
--

LOCK TABLES `tour_steps` WRITE;
/*!40000 ALTER TABLE `tour_steps` DISABLE KEYS */;
INSERT INTO `tour_steps` VALUES (1,1,'2017-08-28 01:56:19','dash_user_list'),(2,1,'2017-08-28 09:00:40','dash_user_detail'),(3,2,'2017-11-13 18:59:10','dash_user_list'),(4,163,'2017-11-30 13:57:42','dash_user_list'),(5,162,'2017-12-01 06:11:05','dash_user_list'),(6,162,'2017-12-02 08:04:35','dash_user_detail'),(7,2,'2017-12-04 11:34:29','dash_user_detail'),(8,365,'2017-12-11 10:36:53','dash_user_list'),(9,164,'2017-12-14 04:42:36','dash_user_list'),(10,367,'2018-01-28 15:24:00','dash_user_list'),(11,264,'2018-03-20 09:02:11','dash_user_list');
/*!40000 ALTER TABLE `tour_steps` ENABLE KEYS */;
UNLOCK TABLES;

--
-- Table structure for table `users`
--

DROP TABLE IF EXISTS `users`;
/*!40101 SET @saved_cs_client     = @@character_set_client */;
/*!40101 SET character_set_client = utf8 */;
CREATE TABLE `users` (
  `id` int(10) unsigned NOT NULL AUTO_INCREMENT,
  `prenom` varchar(255) DEFAULT NULL,
  `nom` varchar(255) DEFAULT NULL,
  `password` varchar(60) DEFAULT NULL,
  `access_level` tinyint(1) unsigned NOT NULL DEFAULT '1' COMMENT '1 : student / 2 : teacher / 3 : permanent administrative / 4 : popinz manager',
  `email` varchar(255) DEFAULT NULL,
  `telephone` varchar(20) DEFAULT NULL,
  `sexe` set('m','f') DEFAULT NULL,
  `date_naissance` date DEFAULT NULL,
  `google_id` int(20) unsigned DEFAULT NULL,
  `photo` varchar(255) DEFAULT NULL,
  `date_add` datetime DEFAULT CURRENT_TIMESTAMP,
  `date_delete` datetime DEFAULT NULL,
  `visible` tinyint(1) NOT NULL DEFAULT '1',
  PRIMARY KEY (`id`),
  FULLTEXT KEY `fulltext_search` (`prenom`,`nom`) COMMENT 'Recherche FULLTEXT sur les prenoms / nom'
) ENGINE=InnoDB AUTO_INCREMENT=375 DEFAULT CHARSET=utf8;
/*!40101 SET character_set_client = @saved_cs_client */;

--
-- Dumping data for table `users`
--

LOCK TABLES `users` WRITE;
/*!40000 ALTER TABLE `users` DISABLE KEYS */;
INSERT INTO `users` VALUES (1,'Matthieu','LOUSSINIAN','$2y$10$Go2p4CFKr8tcxL1xf4rRnecAik39MWIa1Sjb1rxB4Pz3IUR2RMnLe',4,'matt@popinz.fr','','m',NULL,NULL,'http://lh3.googleusercontent.com/7LMuHzPRiuFR3YZDF-tCS5as-eouUQ6T8TfGLcJQ2mMrN_V73BLeGiIOzpwfgdVlcX3sayQqYmzL8hUPmtYX9A','2017-08-28 01:49:45','2018-02-21 11:31:53',1),(2,'Sylvain','TEST','$2y$10$7q0shKgu3Lb8/ceVZmyvSuYtBnXwxUNs7RlTPnfyff.4sWbEQxbBC',3,'sylvain@popinz.fr','','m',NULL,NULL,NULL,'2017-08-27 23:50:31',NULL,1),(3,'Laure','TEST 2',NULL,1,'laure@popinz.fr','','f',NULL,NULL,NULL,'2017-08-27 23:50:48',NULL,1),(4,'Laure','Luchesi',NULL,1,'laure.lulu@test.fr','0606809452','f',NULL,NULL,'http://lh3.googleusercontent.com/6Cz0qFWFtBLWXHghX-fjVT4OoQyKy_vKWsBvFP26nFXa4ZEVWr_2l2aaFj1Qj8cakxT480T11uHGjdgykf_BKK8','2017-08-27 23:56:04','2017-12-06 10:35:07',0),(5,'Nini','Luchesi',NULL,1,'nini.lulu@test.fr','0606809452','m',NULL,NULL,'http://lh3.googleusercontent.com/UBLT90qtG1AuRr4_o7MXTZCYSF87VE4zqRlN5cFdobUtquXsv9emCDgoqNV319uYRRokoin26dTDzI9HJUgsts4','2017-08-27 23:56:04','2017-12-06 10:35:07',0),(6,'Roxanne','BéLAND',NULL,1,'roxanne@ecole.fr','+33447361797','f',NULL,NULL,'http://lh3.googleusercontent.com/eD32PRQ6hzEvkdnE0CBQVLNDJUC-xowvkAvQNqpDJxicTAQufkBJnSBtiHW_MOErLcIXqiacGZQ_NMx2UFeQaw','2017-09-26 10:50:13',NULL,1),(7,'Fantina','GABRIAUX',NULL,1,'fantina@ecole.fr','','f',NULL,NULL,'http://lh3.googleusercontent.com/NtrfcHf9BWe8cBhmj72iTqw7gOPk4KG8wAWxAdsTVUMvM1uSCXAPYC4O4HlyE1-CAGWUKCeMDM4jn_NFd3RhYUo','2017-09-26 10:56:46',NULL,1),(8,'Benjamin','ALLAN',NULL,1,'benjamin@ecole.fr','+33606809452','m',NULL,NULL,'http://lh3.googleusercontent.com/FzkqT2Udka7Vpqq9DQrzymPo9Lf0_pQnqEOW62OsyfJz8FT2AoXYutn2bAgcalRf8U9pfKO4jG-XHausQiP_7A','2017-09-26 10:59:24',NULL,1),(9,'Sofiane','LESSARD',NULL,1,'sofiane@ecole.fr','+33309609792','m',NULL,NULL,'http://lh3.googleusercontent.com/3oUhqGc6GN5Xy-_AgQN3xAueStKSSJFXpTg4jogLfPr-Ma2ypz5E8Wj92Uafmjwu4U8qS1-qpN7OAF3F9Zyzgg','2017-09-26 11:00:37',NULL,1),(10,'Rémy','CHAUSSéE',NULL,1,'remy@ecole.fr','','m',NULL,NULL,'http://lh3.googleusercontent.com/CkVieNsEnvhx_MhTWHlyYc0i3ANA7ZWzkerSw0unIzx2qy4vuQEsM-acODSuEnlezIYbcKrixa2-cWaFTeaDQ98','2017-09-26 11:04:20',NULL,1),(11,'Johanna','TARPI',NULL,1,'johanna@ecole.fr','+33658805930','f',NULL,NULL,'http://lh3.googleusercontent.com/r0IhTftVk7ASL8lYkGnUAi9ywIxz4o_HCJy9PbMkho80ykL2wILKqx_OfQzZ_bhLrKb_ee7KSp9jnLKRHbRRlhcL','2017-09-26 11:05:00',NULL,1),(12,'Noëmie','LAGARDE',NULL,1,'noemie@ecole.fr','+33678860509','f',NULL,NULL,'http://lh3.googleusercontent.com/cvAl8FlzL_DTU8FG0pJQtleBKkXdfMvoOJtyUWMfVCmJAVCmhsrTWnekio-4bATahYxiJHxJgSsEA6Z9UD7FGmaK','2017-09-26 11:08:18',NULL,1),(13,'Marine','DEVOE',NULL,1,'marine@ecole.fr','','f',NULL,NULL,'http://lh3.googleusercontent.com/ZLVQJxpCmX9sy9n6uEhWp9KZq7z4M5IpXBd43_fCYWFFcHgHGL8KjtjVnQY-RnSIoFL5gNtxVuGead7E_co6ZGg','2017-09-26 11:18:11',NULL,1),(14,'Dani','LEBLANC',NULL,1,'dani@ecole.fr','','m',NULL,NULL,'http://lh3.googleusercontent.com/245NgpF30I_tO7DoSCUVfGPsPI2VT8fBH5WI3veLU0udU2JZFNlz0OReoI8bjd-grnLGjD4HbXXaufOR8wnXCqo','2017-09-26 11:20:47',NULL,1),(15,'Matthieu','LOUSSINIAN',NULL,2,NULL,NULL,NULL,NULL,NULL,NULL,'2017-09-27 06:50:01','2017-12-06 10:35:07',0),(16,'Andréa','ANDRADE BORJA',NULL,1,'a.andradeborja@etudiant.ecolemelies.fr','06-48-20-02-90','f',NULL,NULL,NULL,'2017-10-05 08:38:49','2017-10-05 13:37:54',0),(17,'Paulina','BALLÉ',NULL,1,'p.balle@etudiant.ecolemelies.fr','06-03-30-01-51','f',NULL,NULL,NULL,'2017-10-05 08:38:49','2017-10-05 13:37:54',0),(18,'Louis','BAYLE',NULL,1,'j.bayle@etudiant.ecolemelies.fr','06-58-84-66-12','m',NULL,NULL,NULL,'2017-10-05 08:38:49','2017-10-05 13:37:54',0),(19,'Margaux','BEKKI',NULL,1,'m.bekki@etudiant.ecolemelies.fr','06-34-51-03-45','f',NULL,NULL,NULL,'2017-10-05 08:38:49','2017-10-05 13:37:54',0),(20,'Alexis','BENEZECH',NULL,1,'a.benezech@etudiant.ecolemelies.fr','06-95-46-90-00','m',NULL,NULL,NULL,'2017-10-05 08:38:49','2017-10-05 13:37:54',0),(21,'Leslie','BLEDJO',NULL,1,'l.bledjo@etudiant.ecolemelies.fr','06-59-90-63-75','f',NULL,NULL,NULL,'2017-10-05 08:38:49','2017-10-05 13:59:57',0),(22,'Mathis','CALMETTES - SOMBRIS',NULL,1,'m.CALMETTESSOMBRIS@etudiant.ecolemelies.fr','06-13-89-73-88','m',NULL,NULL,NULL,'2017-10-05 08:38:49','2017-10-05 13:59:57',0),(23,'Camille','CENSI',NULL,1,'c.censi@etudiant.ecolemelies.fr','06-33-42-48-84','f',NULL,NULL,NULL,'2017-10-05 08:38:50','2017-10-05 13:59:57',0),(24,'Raphael','CULIERSI',NULL,1,'r.culiersi@etudiant.ecolemelies.fr','06-78-58-82-42','m',NULL,NULL,NULL,'2017-10-05 08:38:50','2017-10-05 13:59:57',0),(25,'Olivier','DUBUCQ',NULL,1,'o.dubucq@etudiant.ecolemelies.fr','07-62-37-70-15','m',NULL,NULL,NULL,'2017-10-05 08:38:50','2017-10-05 13:59:57',0),(26,'Enola','DURAN',NULL,1,'e.duran@etudiant.ecolemelies.fr','06-62-26-16-36','f',NULL,NULL,NULL,'2017-10-05 08:38:50','2017-10-05 13:59:57',0),(27,'Lisa','FORTRIE',NULL,1,NULL,'06-48-11-46-26','f',NULL,NULL,NULL,'2017-10-05 08:38:50','2017-10-05 13:59:57',0),(28,'Héloise','FOURNET',NULL,1,'h.fournet@etudiant.ecolemelies.fr','06-14-37-74-21','f',NULL,NULL,NULL,'2017-10-05 08:38:50','2017-10-05 13:59:57',0),(29,'Elisa','GARCIA ROMEU',NULL,1,'e.garciaromeu@etudiant.ecolemelies.fr','06-49-38-99-10','f',NULL,NULL,NULL,'2017-10-05 08:38:50','2017-10-05 13:59:57',0),(30,'Romain','GENTET',NULL,1,'r.gentet@etudiant.ecolemelies.fr','06-03-93-60-63','m',NULL,NULL,NULL,'2017-10-05 08:38:50','2017-10-05 13:59:57',0),(31,'Adriana','KIKUFI',NULL,1,'a.kikufi@etudiant.ecolemelies.fr','06-12-69-11-32','f',NULL,NULL,NULL,'2017-10-05 08:38:50','2017-10-05 13:59:57',0),(32,'Julien','LIN',NULL,1,'j.lin@etudiant.ecolemelies.fr','06-62-82-54-62','m',NULL,NULL,NULL,'2017-10-05 08:38:50','2017-10-05 13:59:57',0),(33,'Camille','LORTHIOY',NULL,1,'c.lorthioy@etudiant.ecolemelies.fr','06-11-86-30-25','f',NULL,NULL,NULL,'2017-10-05 08:38:50','2017-10-05 13:59:57',0),(34,'Clovis','MICHAUD',NULL,1,'c.michaud@etudiant.ecolemelies.fr','06-01-18-05-78','m',NULL,NULL,NULL,'2017-10-05 08:38:50','2017-10-05 13:59:57',0),(35,'Mael','MOTTIN',NULL,1,'m.mottin@etudiant.ecolemelies.fr','07-68-19-66-45','f',NULL,NULL,NULL,'2017-10-05 08:38:50','2017-10-05 13:59:57',0),(36,'Lisa','RENAUD',NULL,1,'l.renaud@etudiant.ecolemelies.fr','06-52-84-74-30','f',NULL,NULL,NULL,'2017-10-05 08:38:50','2017-10-05 13:59:57',0),(37,'Angèle','RONACH',NULL,1,'a.ronach@etudiant.ecolemelies.fr','06-64-27-53-04','f',NULL,NULL,NULL,'2017-10-05 08:38:50','2017-10-05 13:59:57',0),(38,'Olivier','SALOMON',NULL,1,'o.salomon@etudiant.ecolemelies.fr','06-29-44-59-03','m',NULL,NULL,NULL,'2017-10-05 08:38:50','2017-10-05 13:59:57',0),(39,'Ariane Phoebé','TOUSSAINT',NULL,1,'ap.toussaint@etudiant.ecolemelies.fr','06-74-96-34-22','f',NULL,NULL,NULL,'2017-10-05 08:38:50','2017-10-05 13:59:57',0),(40,'Elisa','AMAT',NULL,1,'eamat@artfx.fr','06.42.94.87.49','f',NULL,NULL,NULL,'2017-10-05 12:07:49','2018-02-28 11:42:44',0),(41,'Lionel','BABIKIAN',NULL,1,'lbabikian@artfx.fr','06.48.38.70.93','m',NULL,NULL,NULL,'2017-10-05 12:07:49','2018-02-28 11:42:51',0),(42,'Timothé','BEAUGELIN',NULL,1,'tbeaugelin@artfx.fr','06.83.66.61.00','m',NULL,NULL,NULL,'2017-10-05 12:07:49','2018-02-28 11:43:19',0),(43,'Nicolas','BRULARD',NULL,1,'nbrulard@artfx.fr','06.48.97.76.71','m',NULL,NULL,NULL,'2017-10-05 12:07:49','2018-02-28 11:43:27',0),(44,'Sofie','CHABROL',NULL,1,'schabrol@artfx.fr','06.75.91.98.43','f',NULL,NULL,NULL,'2017-10-05 12:07:50','2018-02-28 11:43:40',0),(45,'Thomas','CHANE-HUNE',NULL,1,'tchanehune@artfx.fr','06.85.81.79.66','m',NULL,NULL,NULL,'2017-10-05 12:07:50','2018-02-28 11:43:46',0),(46,'Johann','DAVID',NULL,1,'djohann@artfx.fr','06.50.95.53.71','m',NULL,NULL,NULL,'2017-10-05 12:07:50','2018-02-28 11:43:51',0),(47,'Carla','DEVÈZE',NULL,1,'cdeveze@artfx.fr','06.10.15.42.49','f',NULL,NULL,NULL,'2017-10-05 12:07:50','2018-02-28 11:44:02',0),(48,'Gaspard','EICHER',NULL,1,'geicher@artfx.fr','06.77.48.07.86','m',NULL,NULL,NULL,'2017-10-05 12:07:50','2018-02-28 11:44:08',0),(49,'Aymeric','ESTREICH',NULL,1,'aestreich@artfx.fr','06.10.61.73.41','m',NULL,NULL,NULL,'2017-10-05 12:07:50','2018-02-28 11:44:16',0),(50,'Antoine','FOURNIER',NULL,1,'afournier@artfx.fr','06.83.29.99.39','m',NULL,NULL,NULL,'2017-10-05 12:07:50','2018-02-28 11:44:21',0),(51,'Lorène','HUE',NULL,1,'lhue@artfx.fr','06.04.06.32.77','f',NULL,NULL,NULL,'2017-10-05 12:07:50','2018-02-28 11:44:32',0),(52,'Florent','JAMET',NULL,1,'fjamet@artfx.fr','06.70.08.19.15','m',NULL,NULL,NULL,'2017-10-05 12:07:50','2018-02-28 11:44:38',0),(53,'Victor','LANDIER',NULL,1,'vlandier@artfx.fr','06.52.91.96.19','m',NULL,NULL,NULL,'2017-10-05 12:07:50','2018-02-28 11:45:55',0),(54,'Thibault','LEBLAN',NULL,1,'tleblan@rtfx.fr','06.27.07.55.28','m',NULL,NULL,NULL,'2017-10-05 12:07:50','2018-02-28 11:46:04',0),(55,'Pierre','MINISTERI',NULL,1,'pministeri@artfx.fr','06.27.29.51.99','m',NULL,NULL,NULL,'2017-10-05 12:07:50','2018-02-28 12:00:09',0),(56,'Thomas','PILON',NULL,1,'tpilon@artfx.fr','06.99.98.77.78','m',NULL,NULL,NULL,'2017-10-05 12:07:51','2018-02-28 12:00:15',0),(57,'Béranger','QUERVEL-REAUD',NULL,1,'bquervelreaud@artfx.fr','06.42.74.54.34','m',NULL,NULL,NULL,'2017-10-05 12:07:51','2018-02-28 12:00:24',0),(58,'Yohann','REHFUSS',NULL,1,'yrehfuss@artfx.fr','41798926925','m',NULL,NULL,NULL,'2017-10-05 12:07:51','2018-02-28 12:00:40',0),(59,'Elliot','SAINT-LARY',NULL,1,'esaintlary@artfx.fr','07.78.51.17.35','m',NULL,NULL,NULL,'2017-10-05 12:07:51','2018-02-28 11:43:09',0),(60,'Trystan','SARRADE',NULL,1,'tsarrade@artfx.fr','07.89.77.43.83','m',NULL,NULL,NULL,'2017-10-05 12:07:51','2018-02-28 12:00:46',0),(61,'Steve','SIMON',NULL,1,'ssimon@artfx.fr','06.10.66.17.85','m',NULL,NULL,NULL,'2017-10-05 12:07:51','2018-02-28 11:42:59',0),(62,'Nassima','DJAYAHIA',NULL,3,'','','f',NULL,NULL,NULL,'2017-10-09 13:22:23','2017-10-24 17:04:15',0),(63,'Jeanjean','JARDIN',NULL,1,'matt@frenchtouched.fr','','m',NULL,NULL,NULL,'2017-10-09 13:34:40','2017-10-24 16:36:09',0),(64,'Aliya','AABDI',NULL,1,NULL,'06 73 12 05 79',NULL,NULL,NULL,NULL,'2017-11-23 08:40:06','2017-12-06 10:35:07',0),(65,'Adem','ABDELKADER',NULL,1,'mocrs@hotmail.fr','06 60 39 12 69',NULL,NULL,NULL,NULL,'2017-11-23 08:40:06','2017-12-06 10:35:07',0),(66,'Adam','ACEM',NULL,1,'brahimacem@gmail.com','06 69 41 82 34',NULL,NULL,NULL,NULL,'2017-11-23 08:40:06','2017-12-06 10:35:07',0),(67,'Déa','AGOLLARI',NULL,1,'armando.agollari@gmail.com','06 23 29 15 69',NULL,NULL,NULL,NULL,'2017-11-23 08:40:06','2017-12-06 10:35:07',0),(68,'Lukas','ALBERTINI ROUQUIER-PERRET',NULL,1,'krys81@hotmail.com','06 17 15 31 11',NULL,NULL,NULL,NULL,'2017-11-23 08:40:06','2017-12-06 10:35:07',0),(69,'Aadam','ALHAJ',NULL,1,'lunatic33@yahoo.com','06 89 95 89 14',NULL,NULL,NULL,NULL,'2017-11-23 08:40:06','2017-12-06 10:35:07',0),(70,'Nawal','ALHAJ',NULL,1,'lunatic33@yahoo.com','06 89 95 89 14',NULL,NULL,NULL,NULL,'2017-11-23 08:40:06','2017-12-06 10:35:07',0),(71,'Cyrielle','BEGAULT',NULL,1,'famille@begault.net','06 86 93 76 12',NULL,NULL,NULL,NULL,'2017-11-23 08:40:06','2017-12-06 10:35:07',0),(72,'Eléa','BERNIER',NULL,1,'bernier.pascal@wanadoo.fr','06 18 86 69 38',NULL,NULL,NULL,NULL,'2017-11-23 08:40:06','2017-12-06 10:35:07',0),(73,'Gabriel','BERTRAND',NULL,1,'mbertrand@adaptoo.com','06 60 96 66 55',NULL,NULL,NULL,NULL,'2017-11-23 08:40:07','2017-12-06 10:35:07',0),(74,'Raphaël','BERTRAND',NULL,1,'mbertrand@adaptoo.com','07 60 96 66 55',NULL,NULL,NULL,NULL,'2017-11-23 08:40:07','2017-12-06 10:35:07',0),(75,'Damien','BLANC',NULL,1,'xavier.blanc@provence-eco-energie.fr','06 11 27 24 13',NULL,NULL,NULL,NULL,'2017-11-23 08:40:07','2017-12-06 10:35:07',0),(76,'Martin','BLANC',NULL,1,'xavier.blanc@provence-eco-energie.fr','06 11 27 24 13',NULL,NULL,NULL,NULL,'2017-11-23 08:40:07','2017-12-06 10:35:07',0),(77,'Anna','BOURGET',NULL,1,'tonio.bourget@gmail.com','06 14 88 61 19',NULL,NULL,NULL,NULL,'2017-11-23 08:40:07','2017-12-06 10:35:07',0),(78,'Charlotte','BOURGET',NULL,1,'tonio.bourget@gmail.com','06 14 88 61 19',NULL,NULL,NULL,NULL,'2017-11-23 08:40:07','2017-12-06 10:35:07',0),(79,'Marius','BOUVARD',NULL,1,'bouvard77@gmail.com','06 20 61 13 56',NULL,NULL,NULL,NULL,'2017-11-23 08:40:07','2017-12-06 10:35:07',0),(80,'Olivia','BUNPREM',NULL,1,'bunprem.jarin@hotmail.fr','06 58 64 55 53',NULL,NULL,NULL,NULL,'2017-11-23 08:40:07','2017-12-06 10:35:07',0),(81,'Capucine','BUSSETTA',NULL,1,'bussetta.lois@gmail.com','06 15 93 74 33',NULL,NULL,NULL,NULL,'2017-11-23 08:40:07','2017-12-06 10:35:07',0),(82,'Mia','CACHOIR',NULL,1,'wappa@hotmail.fr','06 73 52 83 11',NULL,NULL,NULL,NULL,'2017-11-23 08:40:07','2017-12-06 10:35:07',0),(83,'Swann','CACHOIR',NULL,1,'wappa@hotmail.fr','06 73 52 83 11',NULL,NULL,NULL,NULL,'2017-11-23 08:40:07','2017-12-06 10:35:07',0),(84,'Emil','CARLES',NULL,1,'ec84@orange.fr','06 10 21 65 95',NULL,NULL,NULL,NULL,'2017-11-23 08:40:07','2017-12-06 10:35:07',0),(85,'Juliette','CHAFFOIS',NULL,1,'laurence.chaffois@gmail.com','06 15 23 03 00',NULL,NULL,NULL,NULL,'2017-11-23 08:40:07','2017-12-06 10:35:07',0),(86,'Nathan','CHAFFOIS',NULL,1,'laurence.chaffois@gmail.com','07 15 23 03 00',NULL,NULL,NULL,NULL,'2017-11-23 08:40:07','2017-12-06 10:35:07',0),(87,'Neïla','CHIKHI',NULL,1,'chifa@free.fr','06 26 74 02 56',NULL,NULL,NULL,NULL,'2017-11-23 08:40:07','2017-12-06 10:35:07',0),(88,'Clarence','CLEMENT',NULL,1,'arnaud.clement2@wanadoo.fr','06 78 04 43 95',NULL,NULL,NULL,NULL,'2017-11-23 08:40:07','2017-12-06 10:35:07',0),(89,'Corentin','CRESTE',NULL,1,'alain.creste@laposte.net','06 24 76 87 48',NULL,NULL,NULL,NULL,'2017-11-23 08:40:07','2017-12-06 10:35:07',0),(90,'Sahel','CYRILLE',NULL,1,'fhcyrille@yahoo.fr','06 15 23 41 03',NULL,NULL,NULL,NULL,'2017-11-23 08:40:07','2017-12-06 10:35:07',0),(91,'Cylia','DAVID',NULL,1,'jeremienelly@orange.fr','06 30 08 92 04',NULL,NULL,NULL,NULL,'2017-11-23 08:40:07','2017-12-06 10:35:07',0),(92,'Hippolyte','DE GERIN RICARD',NULL,1,'constantin_degerin@hotmail.com','06 64 43 25 45',NULL,NULL,NULL,NULL,'2017-11-23 08:40:07','2017-12-06 10:35:07',0),(93,'Augustin','DE GERIN RICARD',NULL,1,'constantin_degerin@hotmail.com','06 64 43 25 45',NULL,NULL,NULL,NULL,'2017-11-23 08:40:07','2017-12-06 10:35:07',0),(94,'Eugénie','DE GERIN RICARD',NULL,1,'constantin_degerin@hotmail.com','06 64 43 25 45',NULL,NULL,NULL,NULL,'2017-11-23 08:40:07','2017-12-06 10:35:07',0),(95,'Dilara','DELEIGNE',NULL,1,'olivier.deleigne@yahoo.fr','06 08 99 57 77',NULL,NULL,NULL,NULL,'2017-11-23 08:40:07','2017-12-06 10:35:07',0),(96,'Suzanne','DESCOURS',NULL,1,'pierral75@hotmail.com','06 62 61 10 60',NULL,NULL,NULL,NULL,'2017-11-23 08:40:07','2017-12-06 10:35:07',0),(97,'Fantine','DI MAMBRO SACRE',NULL,1,NULL,NULL,NULL,NULL,NULL,NULL,'2017-11-23 08:40:07','2017-12-06 10:35:07',0),(98,'Marius','DOAT',NULL,1,NULL,'06 19 74 84 58',NULL,NULL,NULL,NULL,'2017-11-23 08:40:07','2017-12-06 10:35:07',0),(99,'Samuel','DUPUY',NULL,1,'jeremiedupuy@gmail.com','07 71 32 51 78',NULL,NULL,NULL,NULL,'2017-11-23 08:40:07','2017-12-06 10:35:07',0),(100,'Maïla','ELAKEHAL-EL-MILIANI-MADERA (M,J)',NULL,1,'malik.elakehal@gmail.com','06 09 37 50 17',NULL,NULL,NULL,NULL,'2017-11-23 08:40:07','2017-12-06 10:35:07',0),(101,'Alya','EL-BRAHMI',NULL,1,'mohamed.elbrahmi@hotmail.fr','07 70 10 28 87',NULL,NULL,NULL,NULL,'2017-11-23 08:40:07','2017-12-06 10:35:07',0),(102,'Gabriel','FALCAO NIEL',NULL,1,'emmanuel.niel@gmail.com','06 99 49 91 61',NULL,NULL,NULL,NULL,'2017-11-23 08:40:07','2017-12-06 10:35:07',0),(103,'Anaïs','FAUCON',NULL,1,'brice.faucon@hotmail.fr','07 81 90 92 02',NULL,NULL,NULL,NULL,'2017-11-23 08:40:07','2017-12-06 10:35:07',0),(104,'Timothée','FAUCON',NULL,1,'brice.faucon@hotmail.fr','07 81 90 92 02',NULL,NULL,NULL,NULL,'2017-11-23 08:40:07','2017-12-06 10:35:07',0),(105,'Loucia','FONTAN RINGENBACH',NULL,1,'patrickringenbach@yahoo.fr','07 86 68 86 42',NULL,NULL,NULL,NULL,'2017-11-23 08:40:07','2017-12-06 10:35:07',0),(106,'Louis','GAMARRA',NULL,1,'juangamarra@hotmail.com','06 63 67 84 46',NULL,NULL,NULL,NULL,'2017-11-23 08:40:07','2017-12-06 10:35:07',0),(107,'Lucas','GAMEIRO',NULL,1,'jmgameiro@tourexcel.fr','06 09 35 55 71',NULL,NULL,NULL,NULL,'2017-11-23 08:40:08','2017-12-06 10:35:07',0),(108,'Maxime','GAMEIRO',NULL,1,'jmgameiro@tourexcel.fr','06 09 35 55 71',NULL,NULL,NULL,NULL,'2017-11-23 08:40:08','2017-12-06 10:35:07',0),(109,'Laura','GAMEIRO',NULL,1,'jmgameiro@tourexcel.fr','06 09 35 55 71',NULL,NULL,NULL,NULL,'2017-11-23 08:40:08','2017-12-06 10:35:07',0),(110,'Lou','GAULT-RAYNE',NULL,1,'frederic.gault@gmail.com','06 11 45 07 36',NULL,NULL,NULL,NULL,'2017-11-23 08:40:08','2017-12-06 10:35:07',0),(111,'Camille','GENOLHAC',NULL,1,'ivan311108@yahoo.fr','06 11 77 51 33',NULL,NULL,NULL,NULL,'2017-11-23 08:40:08','2017-12-06 10:35:07',0),(112,'Marie-Elisabeth','GIRARD',NULL,1,'judupo@yahoo.com',NULL,NULL,NULL,NULL,NULL,'2017-11-23 08:40:08','2017-12-06 10:35:07',0),(113,'Alexandre','GOUX RETOT',NULL,1,'clement.goux@gmail.com','06 61 60 03 46',NULL,NULL,NULL,NULL,'2017-11-23 08:40:08','2017-12-06 10:35:07',0),(114,'Basile','GRAS',NULL,1,'pablo.pablo@hotmail.fr',NULL,NULL,NULL,NULL,NULL,'2017-11-23 08:40:08','2017-12-06 10:35:07',0),(115,'Isaac','GRIFFITH',NULL,1,NULL,'06 24 31 19 02',NULL,NULL,NULL,NULL,'2017-11-23 08:40:08','2017-12-06 10:35:07',0),(116,'Maëlya','JOILAN',NULL,1,'joilanj@free.fr',NULL,NULL,NULL,NULL,NULL,'2017-11-23 08:40:08','2017-12-06 10:35:07',0),(117,'Aminata','KASSE',NULL,1,NULL,NULL,NULL,NULL,NULL,NULL,'2017-11-23 08:40:08','2017-12-06 10:35:07',0),(118,'Ina','KASSE',NULL,1,NULL,NULL,NULL,NULL,NULL,NULL,'2017-11-23 08:40:08','2017-12-06 10:35:07',0),(119,'Karim','LAHNOUCH',NULL,1,NULL,'06 46 25 35 46',NULL,NULL,NULL,NULL,'2017-11-23 08:40:08','2017-12-06 10:35:07',0),(120,'Ali','LAHNOUCH',NULL,1,NULL,'06 46 25 35 46',NULL,NULL,NULL,NULL,'2017-11-23 08:40:08','2017-12-06 10:35:07',0),(121,'Tessa','LAIDEBEURE-CASSE',NULL,1,NULL,'06 31 97 48 86',NULL,NULL,NULL,NULL,'2017-11-23 08:40:08','2017-12-06 10:35:07',0),(122,'Sophia','LATIL',NULL,1,'platil@christian-putier.fr','06 11 35 95 33',NULL,NULL,NULL,NULL,'2017-11-23 08:40:08','2017-12-06 10:35:07',0),(123,'Ambre','LEBOUCHER',NULL,1,'eric.leboucher@claii.com',NULL,NULL,NULL,NULL,NULL,'2017-11-23 08:40:08','2017-12-06 10:35:07',0),(124,'Arthur','LEBOUCHER',NULL,1,'eric.leboucher@claii.com',NULL,NULL,NULL,NULL,NULL,'2017-11-23 08:40:08','2017-12-06 10:35:07',0),(125,'Louisa','LEES',NULL,1,'dzremix@gmail.com','06 17 06 61 99',NULL,NULL,NULL,NULL,'2017-11-23 08:40:08','2017-12-06 10:35:07',0),(126,'Louise','MARTIN BURGUIER',NULL,1,'jean_marc.martin@yahoo.fr',NULL,NULL,NULL,NULL,NULL,'2017-11-23 08:40:08','2017-12-06 10:35:07',0),(127,'Paul','MARTIN BURGUIER',NULL,1,'jean_marc.martin@yahoo.fr',NULL,NULL,NULL,NULL,NULL,'2017-11-23 08:40:08','2017-12-06 10:35:07',0),(128,'Rose','MARTINEZ-VIVARGENT',NULL,1,'cyril.martinezvivargent@gmail.com','06 24 70 61 46',NULL,NULL,NULL,NULL,'2017-11-23 08:40:08','2017-12-06 10:35:07',0),(129,'Laël','MARTINS',NULL,1,'didier.martins@orange.fr','06 03 09 74 82',NULL,NULL,NULL,NULL,'2017-11-23 08:40:08','2017-12-06 10:35:07',0),(130,'Victor','MAZENS',NULL,1,'s.mazens@gmail.com','06 77 13 88 10',NULL,NULL,NULL,NULL,'2017-11-23 08:40:08','2017-12-06 10:35:07',0),(131,'Paulette','MAZENS',NULL,1,'s.mazens@gmail.com','06 77 13 88 10',NULL,NULL,NULL,NULL,'2017-11-23 08:40:08','2017-12-06 10:35:07',0),(132,'Charlotte','MERAT PRIN-DERRE',NULL,1,NULL,NULL,NULL,NULL,NULL,NULL,'2017-11-23 08:40:08','2017-12-06 10:35:07',0),(133,'Margot','MERCIER RAYNAL',NULL,1,NULL,'06 22 87 01 16',NULL,NULL,NULL,NULL,'2017-11-23 08:40:08','2017-12-06 10:35:07',0),(134,'Shaïne','MOSSER',NULL,1,'ludovicmoss@hotmail.fr','06 81 80 24 38',NULL,NULL,NULL,NULL,'2017-11-23 08:40:08','2017-12-06 10:35:07',0),(135,'Samuel','MURE',NULL,1,'henri.mure@free.fr','04 90 86 93 25',NULL,NULL,NULL,NULL,'2017-11-23 08:40:08','2017-12-06 10:35:07',0),(136,'Justine','NATY',NULL,1,'francois.naty@hotmail.fr','06 68 21 76 90',NULL,NULL,NULL,NULL,'2017-11-23 08:40:08','2017-12-06 10:35:07',0),(137,'Léo','OLIOSO',NULL,1,'albert.olioso@inra.fr','06 51 84 28 34',NULL,NULL,NULL,NULL,'2017-11-23 08:40:08','2017-12-06 10:35:07',0),(138,'Anaé','OLMO',NULL,1,'olmolaurent@gmail.com','06 83 46 60 99',NULL,NULL,NULL,NULL,'2017-11-23 08:40:08','2017-12-06 10:35:07',0),(139,'Julien','OLMO',NULL,1,'olmolaurent@gmail.com','06 83 46 60 99',NULL,NULL,NULL,NULL,'2017-11-23 08:40:08','2017-12-06 10:35:07',0),(140,'Julie','PANKOW',NULL,1,'loic.pankow@live.fr','06 88 26 41 32',NULL,NULL,NULL,NULL,'2017-11-23 08:40:08','2017-12-06 10:35:07',0),(141,'Maia','PEREIRA THILLE',NULL,1,'spereiracarrasco@gmail.com','06 80 54 62 97',NULL,NULL,NULL,NULL,'2017-11-23 08:40:08','2017-12-06 10:35:07',0),(142,'Marc','PENG',NULL,1,'simon197294@gmail.com','06 51 30 01 62',NULL,NULL,NULL,NULL,'2017-11-23 08:40:09','2017-12-06 10:35:07',0),(143,'Mia','RITOU',NULL,1,'thomas@ritou.me','06 52 93 66 29',NULL,NULL,NULL,NULL,'2017-11-23 08:40:09','2017-12-06 10:35:07',0),(144,'Amandine','ROSENZWEIG BREMOND',NULL,1,'domi.bd@laposte.net','06 68 24 59 10',NULL,NULL,NULL,NULL,'2017-11-23 08:40:09','2017-12-06 10:35:07',0),(145,'Lucie','ROSENZWEIG BREMOND',NULL,1,'domi.bd@laposte.net','06 68 24 59 10',NULL,NULL,NULL,NULL,'2017-11-23 08:40:09','2017-12-06 10:35:07',0),(146,'Noussayba','RTILI',NULL,1,'rtilbox@hotmail.fr','06 98 05 06 46',NULL,NULL,NULL,NULL,'2017-11-23 08:40:09','2017-12-06 10:35:07',0),(147,'Neïla','SADDIER',NULL,1,'saddieryoan@gmail.com','06 83 62 68 77',NULL,NULL,NULL,NULL,'2017-11-23 08:40:09','2017-12-06 10:35:07',0),(148,'Côme','SIMMINI',NULL,1,NULL,'06 27 67 46 41',NULL,NULL,NULL,NULL,'2017-11-23 08:40:09','2017-12-06 10:35:07',0),(149,'Jeanne','SIMMINI',NULL,1,NULL,'06 27 67 46 41',NULL,NULL,NULL,NULL,'2017-11-23 08:40:09','2017-12-06 10:35:07',0),(150,'Léonard','SMILEVITCH',NULL,1,'pierre.smilevitch@laposte.net','06 59 52 80 58',NULL,NULL,NULL,NULL,'2017-11-23 08:40:09','2017-12-06 10:35:07',0),(151,'Noé','SPERLING',NULL,1,'romainsperling@gmail.com','06 62 29 47 57',NULL,NULL,NULL,NULL,'2017-11-23 08:40:09','2017-12-06 10:35:07',0),(152,'Swann','SPERLING',NULL,1,'romainsperling@gmail.com','06 62 29 47 57',NULL,NULL,NULL,NULL,'2017-11-23 08:40:09','2017-12-06 10:35:07',0),(153,'Elisa','STEIN',NULL,1,'martinstein@la-mirande.fr','06 85 07 31 99',NULL,NULL,NULL,NULL,'2017-11-23 08:40:09','2017-12-06 10:35:07',0),(154,'Leo','STEIN',NULL,1,'martinstein@la-mirande.fr','06 85 07 31 99',NULL,NULL,NULL,NULL,'2017-11-23 08:40:09','2017-12-06 10:35:07',0),(155,'Mathilde','TOMOR EBLÉ',NULL,1,NULL,'06 15 94 85 17',NULL,NULL,NULL,NULL,'2017-11-23 08:40:09','2017-12-06 10:35:07',0),(156,'Mélissa','TURGIS',NULL,1,'matthieuturgis@yahoo.fr','06 20 99 30 13',NULL,NULL,NULL,NULL,'2017-11-23 08:40:09','2017-12-06 10:35:07',0),(157,'Arno','VENDRAN MAGNAUDEIX',NULL,1,'fabrice.vendran@orange.fr','06 15 56 97 76',NULL,NULL,NULL,NULL,'2017-11-23 08:40:09','2017-12-06 10:35:07',0),(158,'Emma','VILLENEAU SANDE',NULL,1,'adrien.villeneau@gmail.com','06 40 53 34 83',NULL,NULL,NULL,NULL,'2017-11-23 08:40:09','2017-12-06 10:35:07',0),(159,'Florian','VON VINTSCHGER',NULL,1,'philippe.ginoux@gmail.com','06 19 38 78 56',NULL,NULL,NULL,NULL,'2017-11-23 08:40:09','2017-12-06 10:35:07',0),(160,'Pierre','WEBER',NULL,1,'gbkwpw@gmail.com','06 25 86 79 75',NULL,NULL,NULL,NULL,'2017-11-23 08:40:09','2017-12-06 10:35:07',0),(161,'Elina','WECK STRAND',NULL,1,'gregory.weck@gmail.com','06 43 03 69 00',NULL,NULL,NULL,NULL,'2017-11-23 08:40:09','2017-12-06 10:35:07',0),(162,'Toan','NGUYEN','$2y$10$H2kJ7YAw1.YTSJsJy0qPBey50EGXIHdukqtJ.pEOY0F1fnUO6.7US',3,'toan.nguyen@techplus.com.vn','+841658842852','m',NULL,NULL,'http://lh3.googleusercontent.com/WeHkJbJyQdobR_9sMkONU8NiCxpcPCwmXEUVIgfGt_pijX2OWiP7lfCOZQTNf9rgsRw4eV0s_GcTzfqqTAPbpw','2017-11-30 12:47:31',NULL,1),(163,'Son','NGUYEN','$2y$10$F5NQzNTHuPhUDTAypgFG0ug31svs0ytW7Y7tsaWdcaFr0dfayijSe',3,'son@techplus.com.vn','','m',NULL,NULL,NULL,'2017-11-30 12:49:29',NULL,1),(164,'Hoi','NGUYEN','$2y$10$v14VHQXY3nFNZG9d51GZO.d8bq0i8NrgXLioEhAI8sTnvl2EvXx/K',3,'hoi.nguyen@techplus.com.vn','','m',NULL,NULL,'http://lh3.googleusercontent.com/oMTFlsOr_B7JM1yXAX1iVSsK3iOUXvEi9rIpibwGkIxkjj9bK_qkqx8AblS_q5NWArVefhBMXLg5yFKjQ--y12O5','2017-11-30 12:50:16',NULL,1),(165,'Mounir','AZIRAR','$2y$10$9Tdm6FG.Tem5JKaqztNALuMislInvqJ0htUWwtilVtmjzeCFGcj0O',3,'mounir.azirar@gmail.com','','m',NULL,NULL,NULL,'2017-12-04 10:07:46',NULL,1),(166,'Aliya','AABDI',NULL,2,NULL,'06 73 12 05 79',NULL,NULL,NULL,NULL,'2017-12-06 09:30:58','2017-12-06 10:32:59',0),(167,'Adem','ABDELKADER',NULL,2,'mocrs@hotmail.fr','06 60 39 12 69',NULL,NULL,NULL,NULL,'2017-12-06 09:30:58','2017-12-06 10:35:07',0),(168,'Adam','ACEM',NULL,2,'brahimacem@gmail.com','06 69 41 82 34',NULL,NULL,NULL,NULL,'2017-12-06 09:30:59','2017-12-06 10:35:07',0),(169,'Déa','AGOLLARI',NULL,2,'armando.agollari@gmail.com','06 23 29 15 69',NULL,NULL,NULL,NULL,'2017-12-06 09:30:59','2017-12-06 10:35:07',0),(170,'Lukas','ALBERTINI ROUQUIER-PERRET',NULL,2,'krys81@hotmail.com','06 17 15 31 11',NULL,NULL,NULL,NULL,'2017-12-06 09:30:59','2017-12-06 10:35:07',0),(171,'Aadam','ALHAJ',NULL,2,'lunatic33@yahoo.com','06 89 95 89 14',NULL,NULL,NULL,NULL,'2017-12-06 09:30:59','2017-12-06 10:35:07',0),(172,'Nawal','ALHAJ',NULL,2,'lunatic33@yahoo.com','06 89 95 89 14',NULL,NULL,NULL,NULL,'2017-12-06 09:30:59','2017-12-06 10:35:07',0),(173,'Cyrielle','BEGAULT',NULL,2,'famille@begault.net','06 86 93 76 12',NULL,NULL,NULL,NULL,'2017-12-06 09:30:59','2017-12-06 10:35:07',0),(174,'Eléa','BERNIER',NULL,2,'bernier.pascal@wanadoo.fr','06 18 86 69 38',NULL,NULL,NULL,NULL,'2017-12-06 09:30:59','2017-12-06 10:35:07',0),(175,'Gabriel','BERTRAND',NULL,2,'mbertrand@adaptoo.com','06 60 96 66 55',NULL,NULL,NULL,NULL,'2017-12-06 09:30:59','2017-12-06 10:35:07',0),(176,'Raphaël','BERTRAND',NULL,2,'mbertrand@adaptoo.com','07 60 96 66 55',NULL,NULL,NULL,NULL,'2017-12-06 09:30:59','2017-12-06 10:35:07',0),(177,'Damien','BLANC',NULL,2,'xavier.blanc@provence-eco-energie.fr','06 11 27 24 13',NULL,NULL,NULL,NULL,'2017-12-06 09:30:59','2017-12-06 10:35:07',0),(178,'Martin','BLANC',NULL,2,'xavier.blanc@provence-eco-energie.fr','06 11 27 24 13',NULL,NULL,NULL,NULL,'2017-12-06 09:30:59','2017-12-06 10:35:07',0),(179,'Anna','BOURGET',NULL,2,'tonio.bourget@gmail.com','06 14 88 61 19',NULL,NULL,NULL,NULL,'2017-12-06 09:30:59','2017-12-06 10:35:07',0),(180,'Charlotte','BOURGET',NULL,2,'tonio.bourget@gmail.com','06 14 88 61 19',NULL,NULL,NULL,NULL,'2017-12-06 09:30:59','2017-12-06 10:35:07',0),(181,'Marius','BOUVARD',NULL,2,'bouvard77@gmail.com','06 20 61 13 56',NULL,NULL,NULL,NULL,'2017-12-06 09:30:59','2017-12-06 10:35:07',0),(182,'Olivia','BUNPREM',NULL,2,'bunprem.jarin@hotmail.fr','06 58 64 55 53',NULL,NULL,NULL,NULL,'2017-12-06 09:30:59','2017-12-06 10:35:07',0),(183,'Capucine','BUSSETTA',NULL,2,'bussetta.lois@gmail.com','06 15 93 74 33',NULL,NULL,NULL,NULL,'2017-12-06 09:30:59','2017-12-06 10:35:07',0),(184,'Mia','CACHOIR',NULL,2,'wappa@hotmail.fr','06 73 52 83 11',NULL,NULL,NULL,NULL,'2017-12-06 09:30:59','2017-12-06 10:35:07',0),(185,'Swann','CACHOIR',NULL,2,'wappa@hotmail.fr','06 73 52 83 11',NULL,NULL,NULL,NULL,'2017-12-06 09:30:59','2017-12-06 10:35:07',0),(186,'Emil','CARLES',NULL,2,'ec84@orange.fr','06 10 21 65 95',NULL,NULL,NULL,NULL,'2017-12-06 09:31:00','2017-12-06 10:35:07',0),(187,'Juliette','CHAFFOIS',NULL,2,'laurence.chaffois@gmail.com','06 15 23 03 00',NULL,NULL,NULL,NULL,'2017-12-06 09:31:00','2017-12-06 10:35:07',0),(188,'Nathan','CHAFFOIS',NULL,2,'laurence.chaffois@gmail.com','07 15 23 03 00',NULL,NULL,NULL,NULL,'2017-12-06 09:31:00','2017-12-06 10:35:07',0),(189,'Neïla','CHIKHI',NULL,2,'chifa@free.fr','06 26 74 02 56',NULL,NULL,NULL,NULL,'2017-12-06 09:31:00','2017-12-06 10:35:07',0),(190,'Clarence','CLEMENT',NULL,2,'arnaud.clement2@wanadoo.fr','06 78 04 43 95',NULL,NULL,NULL,NULL,'2017-12-06 09:31:00','2017-12-06 10:35:07',0),(191,'Corentin','CRESTE',NULL,2,'alain.creste@laposte.net','06 24 76 87 48',NULL,NULL,NULL,NULL,'2017-12-06 09:31:00','2017-12-06 10:35:07',0),(192,'Sahel','CYRILLE',NULL,2,'fhcyrille@yahoo.fr','06 15 23 41 03',NULL,NULL,NULL,NULL,'2017-12-06 09:31:00','2017-12-06 10:35:07',0),(193,'Cylia','DAVID',NULL,2,'jeremienelly@orange.fr','06 30 08 92 04',NULL,NULL,NULL,NULL,'2017-12-06 09:31:00','2017-12-06 10:35:07',0),(194,'Hippolyte','DE GERIN RICARD',NULL,2,'constantin_degerin@hotmail.com','06 64 43 25 45',NULL,NULL,NULL,NULL,'2017-12-06 09:31:00','2017-12-06 10:35:07',0),(195,'Augustin','DE GERIN RICARD',NULL,2,'constantin_degerin@hotmail.com','06 64 43 25 45',NULL,NULL,NULL,NULL,'2017-12-06 09:31:00','2017-12-06 10:35:07',0),(196,'Eugénie','DE GERIN RICARD',NULL,2,'constantin_degerin@hotmail.com','06 64 43 25 45',NULL,NULL,NULL,NULL,'2017-12-06 09:31:00','2017-12-06 10:35:07',0),(197,'Dilara','DELEIGNE',NULL,2,'olivier.deleigne@yahoo.fr','06 08 99 57 77',NULL,NULL,NULL,NULL,'2017-12-06 09:31:00','2017-12-06 10:35:07',0),(198,'Suzanne','DESCOURS',NULL,2,'pierral75@hotmail.com','06 62 61 10 60',NULL,NULL,NULL,NULL,'2017-12-06 09:31:00','2017-12-06 10:35:07',0),(199,'Fantine','DI MAMBRO SACRE',NULL,2,NULL,NULL,NULL,NULL,NULL,NULL,'2017-12-06 09:31:00','2017-12-06 10:35:07',0),(200,'Marius','DOAT',NULL,2,NULL,'06 19 74 84 58',NULL,NULL,NULL,NULL,'2017-12-06 09:31:00','2017-12-06 10:35:07',0),(201,'Samuel','DUPUY',NULL,2,'jeremiedupuy@gmail.com','07 71 32 51 78',NULL,NULL,NULL,NULL,'2017-12-06 09:31:00','2017-12-06 10:35:07',0),(202,'Maïla','ELAKEHAL-EL-MILIANI-MADERA (M,J)',NULL,2,'malik.elakehal@gmail.com','06 09 37 50 17',NULL,NULL,NULL,NULL,'2017-12-06 09:31:00','2017-12-06 10:35:07',0),(203,'Alya','EL-BRAHMI',NULL,2,'mohamed.elbrahmi@hotmail.fr','07 70 10 28 87',NULL,NULL,NULL,NULL,'2017-12-06 09:31:00','2017-12-06 10:35:07',0),(204,'Gabriel','FALCAO NIEL',NULL,2,'emmanuel.niel@gmail.com','06 99 49 91 61',NULL,NULL,NULL,NULL,'2017-12-06 09:31:00','2017-12-06 10:35:07',0),(205,'Anaïs','FAUCON',NULL,2,'brice.faucon@hotmail.fr','07 81 90 92 02',NULL,NULL,NULL,NULL,'2017-12-06 09:31:00','2017-12-06 10:35:07',0),(206,'Timothée','FAUCON',NULL,2,'brice.faucon@hotmail.fr','07 81 90 92 02',NULL,NULL,NULL,NULL,'2017-12-06 09:31:00','2017-12-06 10:35:07',0),(207,'Loucia','FONTAN RINGENBACH',NULL,2,'patrickringenbach@yahoo.fr','07 86 68 86 42',NULL,NULL,NULL,NULL,'2017-12-06 09:31:00','2017-12-06 10:35:07',0),(208,'Louis','GAMARRA',NULL,2,'juangamarra@hotmail.com','06 63 67 84 46',NULL,NULL,NULL,NULL,'2017-12-06 09:31:00','2017-12-06 10:35:07',0),(209,'Lucas','GAMEIRO',NULL,2,'jmgameiro@tourexcel.fr','06 09 35 55 71',NULL,NULL,NULL,NULL,'2017-12-06 09:31:00','2017-12-06 10:35:07',0),(210,'Maxime','GAMEIRO',NULL,2,'jmgameiro@tourexcel.fr','06 09 35 55 71',NULL,NULL,NULL,NULL,'2017-12-06 09:31:00','2017-12-06 10:35:07',0),(211,'Laura','GAMEIRO',NULL,2,'jmgameiro@tourexcel.fr','06 09 35 55 71',NULL,NULL,NULL,NULL,'2017-12-06 09:31:00','2017-12-06 10:35:07',0),(212,'Lou','GAULT-RAYNE',NULL,2,'frederic.gault@gmail.com','06 11 45 07 36',NULL,NULL,NULL,NULL,'2017-12-06 09:31:00','2017-12-06 10:35:07',0),(213,'Camille','GENOLHAC',NULL,2,'ivan311108@yahoo.fr','06 11 77 51 33',NULL,NULL,NULL,NULL,'2017-12-06 09:31:00','2017-12-06 10:35:07',0),(214,'Marie-Elisabeth','GIRARD',NULL,2,'judupo@yahoo.com',NULL,NULL,NULL,NULL,NULL,'2017-12-06 09:31:00','2017-12-06 10:35:07',0),(215,'Alexandre','GOUX RETOT',NULL,2,'clement.goux@gmail.com','06 61 60 03 46',NULL,NULL,NULL,NULL,'2017-12-06 09:31:00','2017-12-06 10:35:07',0),(216,'Basile','GRAS',NULL,2,'pablo.pablo@hotmail.fr',NULL,NULL,NULL,NULL,NULL,'2017-12-06 09:31:00','2017-12-06 10:35:07',0),(217,'Isaac','GRIFFITH',NULL,2,NULL,'06 24 31 19 02',NULL,NULL,NULL,NULL,'2017-12-06 09:31:00','2017-12-06 10:35:07',0),(218,'Maëlya','JOILAN',NULL,2,'joilanj@free.fr',NULL,NULL,NULL,NULL,NULL,'2017-12-06 09:31:00','2017-12-06 10:35:07',0),(219,'Aminata','KASSE',NULL,2,NULL,NULL,NULL,NULL,NULL,NULL,'2017-12-06 09:31:00','2017-12-06 10:35:07',0),(220,'Ina','KASSE',NULL,2,NULL,NULL,NULL,NULL,NULL,NULL,'2017-12-06 09:31:01','2017-12-06 10:35:07',0),(221,'Karim','LAHNOUCH',NULL,2,NULL,'06 46 25 35 46',NULL,NULL,NULL,NULL,'2017-12-06 09:31:01','2017-12-06 10:35:07',0),(222,'Ali','LAHNOUCH',NULL,2,NULL,'06 46 25 35 46',NULL,NULL,NULL,NULL,'2017-12-06 09:31:01','2017-12-06 10:35:07',0),(223,'Tessa','LAIDEBEURE-CASSE',NULL,2,NULL,'06 31 97 48 86',NULL,NULL,NULL,NULL,'2017-12-06 09:31:01','2017-12-06 10:35:07',0),(224,'Sophia','LATIL',NULL,2,'platil@christian-putier.fr','06 11 35 95 33',NULL,NULL,NULL,NULL,'2017-12-06 09:31:01','2017-12-06 10:35:07',0),(225,'Ambre','LEBOUCHER',NULL,2,'eric.leboucher@claii.com',NULL,NULL,NULL,NULL,NULL,'2017-12-06 09:31:01','2017-12-06 10:35:07',0),(226,'Arthur','LEBOUCHER',NULL,2,'eric.leboucher@claii.com',NULL,NULL,NULL,NULL,NULL,'2017-12-06 09:31:01','2017-12-06 10:35:07',0),(227,'Louisa','LEES',NULL,2,'dzremix@gmail.com','06 17 06 61 99',NULL,NULL,NULL,NULL,'2017-12-06 09:31:01','2017-12-06 10:35:07',0),(228,'Louise','MARTIN BURGUIER',NULL,2,'jean_marc.martin@yahoo.fr',NULL,NULL,NULL,NULL,NULL,'2017-12-06 09:31:01','2017-12-06 10:35:07',0),(229,'Paul','MARTIN BURGUIER',NULL,2,'jean_marc.martin@yahoo.fr',NULL,NULL,NULL,NULL,NULL,'2017-12-06 09:31:01','2017-12-06 10:35:07',0),(230,'Rose','MARTINEZ-VIVARGENT',NULL,2,'cyril.martinezvivargent@gmail.com','06 24 70 61 46',NULL,NULL,NULL,NULL,'2017-12-06 09:31:01','2017-12-06 10:35:07',0),(231,'Laël','MARTINS',NULL,2,'didier.martins@orange.fr','06 03 09 74 82',NULL,NULL,NULL,NULL,'2017-12-06 09:31:01','2017-12-06 10:35:07',0),(232,'Victor','MAZENS',NULL,2,'s.mazens@gmail.com','06 77 13 88 10',NULL,NULL,NULL,NULL,'2017-12-06 09:31:01','2017-12-06 10:35:07',0),(233,'Paulette','MAZENS',NULL,2,'s.mazens@gmail.com','06 77 13 88 10',NULL,NULL,NULL,NULL,'2017-12-06 09:31:01','2017-12-06 10:35:07',0),(234,'Charlotte','MERAT PRIN-DERRE',NULL,2,NULL,NULL,NULL,NULL,NULL,NULL,'2017-12-06 09:31:01','2017-12-06 10:35:07',0),(235,'Margot','MERCIER RAYNAL',NULL,2,NULL,'06 22 87 01 16',NULL,NULL,NULL,NULL,'2017-12-06 09:31:01','2017-12-06 10:35:07',0),(236,'Shaïne','MOSSER',NULL,2,'ludovicmoss@hotmail.fr','06 81 80 24 38',NULL,NULL,NULL,NULL,'2017-12-06 09:31:01','2017-12-06 10:35:07',0),(237,'Samuel','MURE',NULL,2,'henri.mure@free.fr','04 90 86 93 25',NULL,NULL,NULL,NULL,'2017-12-06 09:31:01','2017-12-06 10:35:07',0),(238,'Justine','NATY',NULL,2,'francois.naty@hotmail.fr','06 68 21 76 90',NULL,NULL,NULL,NULL,'2017-12-06 09:31:01','2017-12-06 10:35:07',0),(239,'Léo','OLIOSO',NULL,2,'albert.olioso@inra.fr','06 51 84 28 34',NULL,NULL,NULL,NULL,'2017-12-06 09:31:01','2017-12-06 10:35:07',0),(240,'Anaé','OLMO',NULL,2,'olmolaurent@gmail.com','06 83 46 60 99',NULL,NULL,NULL,NULL,'2017-12-06 09:31:01','2017-12-06 10:35:07',0),(241,'Julien','OLMO',NULL,2,'olmolaurent@gmail.com','06 83 46 60 99',NULL,NULL,NULL,NULL,'2017-12-06 09:31:01','2017-12-06 10:35:07',0),(242,'Julie','PANKOW',NULL,2,'loic.pankow@live.fr','06 88 26 41 32',NULL,NULL,NULL,NULL,'2017-12-06 09:31:01','2017-12-06 10:35:07',0),(243,'Maia','PEREIRA THILLE',NULL,2,'spereiracarrasco@gmail.com','06 80 54 62 97',NULL,NULL,NULL,NULL,'2017-12-06 09:31:01','2017-12-06 10:35:07',0),(244,'Marc','PENG',NULL,2,'simon197294@gmail.com','06 51 30 01 62',NULL,NULL,NULL,NULL,'2017-12-06 09:31:01','2017-12-06 10:35:07',0),(245,'Mia','RITOU',NULL,2,'thomas@ritou.me','06 52 93 66 29',NULL,NULL,NULL,NULL,'2017-12-06 09:31:01','2017-12-06 10:35:07',0),(246,'Amandine','ROSENZWEIG BREMOND',NULL,2,'domi.bd@laposte.net','06 68 24 59 10',NULL,NULL,NULL,NULL,'2017-12-06 09:31:01','2017-12-06 10:35:07',0),(247,'Lucie','ROSENZWEIG BREMOND',NULL,2,'domi.bd@laposte.net','06 68 24 59 10',NULL,NULL,NULL,NULL,'2017-12-06 09:31:01','2017-12-06 10:35:07',0),(248,'Noussayba','RTILI',NULL,2,'rtilbox@hotmail.fr','06 98 05 06 46',NULL,NULL,NULL,NULL,'2017-12-06 09:31:01','2017-12-06 10:35:07',0),(249,'Neïla','SADDIER',NULL,2,'saddieryoan@gmail.com','06 83 62 68 77',NULL,NULL,NULL,NULL,'2017-12-06 09:31:01','2017-12-06 10:35:07',0),(250,'Côme','SIMMINI',NULL,2,NULL,'06 27 67 46 41',NULL,NULL,NULL,NULL,'2017-12-06 09:31:01','2017-12-06 10:35:07',0),(251,'Jeanne','SIMMINI',NULL,2,NULL,'06 27 67 46 41',NULL,NULL,NULL,NULL,'2017-12-06 09:31:01','2017-12-06 10:35:07',0),(252,'Léonard','SMILEVITCH',NULL,2,'pierre.smilevitch@laposte.net','06 59 52 80 58',NULL,NULL,NULL,NULL,'2017-12-06 09:31:01','2017-12-06 10:35:07',0),(253,'Noé','SPERLING',NULL,2,'romainsperling@gmail.com','06 62 29 47 57',NULL,NULL,NULL,NULL,'2017-12-06 09:31:01','2017-12-06 10:35:07',0),(254,'Swann','SPERLING',NULL,2,'romainsperling@gmail.com','06 62 29 47 57',NULL,NULL,NULL,NULL,'2017-12-06 09:31:01','2017-12-06 10:35:07',0),(255,'Elisa','STEIN',NULL,2,'martinstein@la-mirande.fr','06 85 07 31 99',NULL,NULL,NULL,NULL,'2017-12-06 09:31:02','2017-12-06 10:35:07',0),(256,'Leo','STEIN',NULL,2,'martinstein@la-mirande.fr','06 85 07 31 99',NULL,NULL,NULL,NULL,'2017-12-06 09:31:02','2017-12-06 10:35:07',0),(257,'Mathilde','TOMOR EBLÉ',NULL,2,NULL,'06 15 94 85 17',NULL,NULL,NULL,NULL,'2017-12-06 09:31:02','2017-12-06 10:35:07',0),(258,'Mélissa','TURGIS',NULL,2,'matthieuturgis@yahoo.fr','06 20 99 30 13',NULL,NULL,NULL,NULL,'2017-12-06 09:31:02','2017-12-06 10:35:07',0),(259,'Arno','VENDRAN MAGNAUDEIX',NULL,2,'fabrice.vendran@orange.fr','06 15 56 97 76',NULL,NULL,NULL,NULL,'2017-12-06 09:31:02','2017-12-06 10:35:07',0),(260,'Emma','VILLENEAU SANDE',NULL,2,'adrien.villeneau@gmail.com','06 40 53 34 83',NULL,NULL,NULL,NULL,'2017-12-06 09:31:02','2017-12-06 10:35:07',0),(261,'Florian','VON VINTSCHGER',NULL,2,'philippe.ginoux@gmail.com','06 19 38 78 56',NULL,NULL,NULL,NULL,'2017-12-06 09:31:02','2017-12-06 10:35:07',0),(262,'Pierre','WEBER',NULL,2,'gbkwpw@gmail.com','06 25 86 79 75',NULL,NULL,NULL,NULL,'2017-12-06 09:31:02','2017-12-06 10:35:07',0),(263,'Elina','WECK STRAND',NULL,2,'gregory.weck@gmail.com','06 43 03 69 00',NULL,NULL,NULL,NULL,'2017-12-06 09:31:02','2017-12-06 10:35:07',0),(264,'Prof','DéMO','$2y$10$r9zGRL1bdIAf1VZJ1iecJuUoqz7ehxhvxzRWn7UdDW1hXQyROp7HS',2,'matt261@gmail.com','','m',NULL,NULL,NULL,'2017-12-06 09:44:10',NULL,1),(265,'Thomas','BLABLA',NULL,1,'','+33675756499','m',NULL,NULL,NULL,'2017-12-06 09:49:48','2017-12-07 10:08:10',0),(266,'Séverine','OBJECTIF3D',NULL,1,'','+33660097481','f',NULL,NULL,NULL,'2017-12-07 09:07:58','2018-01-02 17:47:30',0),(267,'Aliya','AABDI',NULL,1,NULL,'06 73 12 05 79',NULL,NULL,NULL,NULL,'2017-12-07 09:24:36','2018-02-21 11:31:53',0),(268,'Adem','ABDELKADER',NULL,1,'mocrs@hotmail.fr','06 60 39 12 69',NULL,NULL,NULL,NULL,'2017-12-07 09:24:36','2018-02-21 11:31:53',0),(269,'Adam','ACEM',NULL,1,'brahimacem@gmail.com','06 69 41 82 34',NULL,NULL,NULL,NULL,'2017-12-07 09:24:36','2018-02-21 11:31:53',0),(270,'Déa','AGOLLARI',NULL,1,'armando.agollari@gmail.com','06 23 29 15 69',NULL,NULL,NULL,NULL,'2017-12-07 09:24:37','2018-02-21 11:31:53',0),(271,'Lukas','ALBERTINI ROUQUIER-PERRET',NULL,1,'krys81@hotmail.com','06 17 15 31 11',NULL,NULL,NULL,NULL,'2017-12-07 09:24:37','2018-02-21 11:31:53',0),(272,'Aadam','ALHAJ',NULL,1,'lunatic33@yahoo.com','06 89 95 89 14',NULL,NULL,NULL,NULL,'2017-12-07 09:24:37','2018-02-21 11:31:53',0),(273,'Nawal','ALHAJ',NULL,1,'lunatic33@yahoo.com','06 89 95 89 14',NULL,NULL,NULL,NULL,'2017-12-07 09:24:37','2018-02-21 11:31:53',0),(274,'Cyrielle','BEGAULT',NULL,1,'famille@begault.net','06 86 93 76 12',NULL,NULL,NULL,NULL,'2017-12-07 09:24:37','2018-02-21 11:31:53',0),(275,'Eléa','BERNIER',NULL,1,'bernier.pascal@wanadoo.fr','06 18 86 69 38',NULL,NULL,NULL,NULL,'2017-12-07 09:24:37','2018-02-21 11:31:53',0),(276,'Gabriel','BERTRAND',NULL,1,'mbertrand@adaptoo.com','06 60 96 66 55',NULL,NULL,NULL,NULL,'2017-12-07 09:24:37','2018-02-21 11:31:53',0),(277,'Raphaël','BERTRAND',NULL,1,'mbertrand@adaptoo.com','07 60 96 66 55',NULL,NULL,NULL,NULL,'2017-12-07 09:24:37','2018-02-21 11:31:53',0),(278,'Damien','BLANC',NULL,1,'xavier.blanc@provence-eco-energie.fr','06 11 27 24 13',NULL,NULL,NULL,NULL,'2017-12-07 09:24:37','2018-02-21 11:31:53',0),(279,'Martin','BLANC',NULL,1,'xavier.blanc@provence-eco-energie.fr','06 11 27 24 13',NULL,NULL,NULL,NULL,'2017-12-07 09:24:37','2018-02-21 11:31:53',0),(280,'Anna','BOURGET',NULL,1,'tonio.bourget@gmail.com','06 14 88 61 19',NULL,NULL,NULL,NULL,'2017-12-07 09:24:37','2018-02-21 11:31:53',0),(281,'Charlotte','BOURGET',NULL,1,'tonio.bourget@gmail.com','06 14 88 61 19',NULL,NULL,NULL,NULL,'2017-12-07 09:24:37','2018-02-21 11:31:53',0),(282,'Marius','BOUVARD',NULL,1,'bouvard77@gmail.com','06 20 61 13 56',NULL,NULL,NULL,NULL,'2017-12-07 09:24:37','2018-02-21 11:31:53',0),(283,'Olivia','BUNPREM',NULL,1,'bunprem.jarin@hotmail.fr','06 58 64 55 53',NULL,NULL,NULL,NULL,'2017-12-07 09:24:38','2018-02-21 11:31:53',0),(284,'Capucine','BUSSETTA',NULL,1,'bussetta.lois@gmail.com','06 15 93 74 33',NULL,NULL,NULL,NULL,'2017-12-07 09:24:38','2018-02-21 11:31:53',0),(285,'Mia','CACHOIR',NULL,1,'wappa@hotmail.fr','06 73 52 83 11',NULL,NULL,NULL,NULL,'2017-12-07 09:24:38','2018-02-21 11:31:53',0),(286,'Swann','CACHOIR',NULL,1,'wappa@hotmail.fr','06 73 52 83 11',NULL,NULL,NULL,NULL,'2017-12-07 09:24:38','2018-02-21 11:31:53',0),(287,'Emil','CARLES',NULL,1,'ec84@orange.fr','06 10 21 65 95',NULL,NULL,NULL,NULL,'2017-12-07 09:24:38','2018-02-21 11:31:53',0),(288,'Juliette','CHAFFOIS',NULL,1,'laurence.chaffois@gmail.com','06 15 23 03 00',NULL,NULL,NULL,NULL,'2017-12-07 09:24:38','2018-02-21 11:31:53',0),(289,'Nathan','CHAFFOIS',NULL,1,'laurence.chaffois@gmail.com','07 15 23 03 00',NULL,NULL,NULL,NULL,'2017-12-07 09:24:38','2018-02-21 11:31:53',0),(290,'Neïla','CHIKHI',NULL,1,'chifa@free.fr','06 26 74 02 56',NULL,NULL,NULL,NULL,'2017-12-07 09:24:38','2018-02-21 11:31:53',0),(291,'Clarence','CLEMENT',NULL,1,'arnaud.clement2@wanadoo.fr','06 78 04 43 95',NULL,NULL,NULL,NULL,'2017-12-07 09:24:38','2018-02-21 11:31:53',0),(292,'Corentin','CRESTE',NULL,1,'alain.creste@laposte.net','06 24 76 87 48',NULL,NULL,NULL,NULL,'2017-12-07 09:24:38','2018-02-21 11:31:53',0),(293,'Sahel','CYRILLE',NULL,1,'fhcyrille@yahoo.fr','06 15 23 41 03',NULL,NULL,NULL,NULL,'2017-12-07 09:24:38','2018-02-21 11:31:53',0),(294,'Cylia','DAVID',NULL,1,'jeremienelly@orange.fr','06 30 08 92 04',NULL,NULL,NULL,NULL,'2017-12-07 09:24:38','2018-02-21 11:31:53',0),(295,'Hippolyte','DE GERIN RICARD',NULL,1,'constantin_degerin@hotmail.com','06 64 43 25 45',NULL,NULL,NULL,NULL,'2017-12-07 09:24:38','2018-02-21 11:31:53',0),(296,'Augustin','DE GERIN RICARD',NULL,1,'constantin_degerin@hotmail.com','06 64 43 25 45',NULL,NULL,NULL,NULL,'2017-12-07 09:24:38','2018-02-21 11:31:53',0),(297,'Eugénie','DE GERIN RICARD',NULL,1,'constantin_degerin@hotmail.com','06 64 43 25 45',NULL,NULL,NULL,NULL,'2017-12-07 09:24:38','2018-02-21 11:31:53',0),(298,'Dilara','DELEIGNE',NULL,1,'olivier.deleigne@yahoo.fr','06 08 99 57 77',NULL,NULL,NULL,NULL,'2017-12-07 09:24:38','2018-02-21 11:31:53',0),(299,'Suzanne','DESCOURS',NULL,1,'pierral75@hotmail.com','06 62 61 10 60',NULL,NULL,NULL,NULL,'2017-12-07 09:24:38','2018-02-21 11:31:53',0),(300,'Fantine','DI MAMBRO SACRE',NULL,1,NULL,NULL,NULL,NULL,NULL,NULL,'2017-12-07 09:24:38','2018-02-21 11:31:53',0),(301,'Marius','DOAT',NULL,1,NULL,'06 19 74 84 58',NULL,NULL,NULL,NULL,'2017-12-07 09:24:38','2018-02-21 11:31:53',0),(302,'Samuel','DUPUY',NULL,1,'jeremiedupuy@gmail.com','07 71 32 51 78',NULL,NULL,NULL,NULL,'2017-12-07 09:24:38','2018-02-21 11:31:53',0),(303,'Maïla','ELAKEHAL-EL-MILIANI-MADERA (M,J)',NULL,1,'malik.elakehal@gmail.com','06 09 37 50 17',NULL,NULL,NULL,NULL,'2017-12-07 09:24:38','2018-02-21 11:31:53',0),(304,'Alya','EL-BRAHMI',NULL,1,'mohamed.elbrahmi@hotmail.fr','07 70 10 28 87',NULL,NULL,NULL,NULL,'2017-12-07 09:24:38','2018-02-21 11:31:53',0),(305,'Gabriel','FALCAO NIEL',NULL,1,'emmanuel.niel@gmail.com','06 99 49 91 61',NULL,NULL,NULL,NULL,'2017-12-07 09:24:38','2018-02-21 11:31:53',0),(306,'Anaïs','FAUCON',NULL,1,'brice.faucon@hotmail.fr','07 81 90 92 02',NULL,NULL,NULL,NULL,'2017-12-07 09:24:38','2018-02-21 11:31:53',0),(307,'Timothée','FAUCON',NULL,1,'brice.faucon@hotmail.fr','07 81 90 92 02',NULL,NULL,NULL,NULL,'2017-12-07 09:24:38','2018-02-21 11:31:53',0),(308,'Loucia','FONTAN RINGENBACH',NULL,1,'patrickringenbach@yahoo.fr','07 86 68 86 42',NULL,NULL,NULL,NULL,'2017-12-07 09:24:38','2018-02-21 11:31:53',0),(309,'Louis','GAMARRA',NULL,1,'juangamarra@hotmail.com','06 63 67 84 46',NULL,NULL,NULL,NULL,'2017-12-07 09:24:38','2018-02-21 11:31:53',0),(310,'Lucas','GAMEIRO',NULL,1,'jmgameiro@tourexcel.fr','06 09 35 55 71',NULL,NULL,NULL,NULL,'2017-12-07 09:24:38','2018-02-21 11:31:53',0),(311,'Maxime','GAMEIRO',NULL,1,'jmgameiro@tourexcel.fr','06 09 35 55 71',NULL,NULL,NULL,NULL,'2017-12-07 09:24:38','2018-02-21 11:31:53',0),(312,'Laura','GAMEIRO',NULL,1,'jmgameiro@tourexcel.fr','06 09 35 55 71',NULL,NULL,NULL,NULL,'2017-12-07 09:24:39','2018-02-21 11:31:53',0),(313,'Lou','GAULT-RAYNE',NULL,1,'frederic.gault@gmail.com','06 11 45 07 36',NULL,NULL,NULL,NULL,'2017-12-07 09:24:39','2018-02-21 11:31:53',0),(314,'Camille','GENOLHAC',NULL,1,'ivan311108@yahoo.fr','06 11 77 51 33',NULL,NULL,NULL,NULL,'2017-12-07 09:24:39','2018-02-21 11:31:53',0),(315,'Marie-Elisabeth','GIRARD',NULL,1,'judupo@yahoo.com',NULL,NULL,NULL,NULL,NULL,'2017-12-07 09:24:39','2018-02-21 11:31:53',0),(316,'Alexandre','GOUX RETOT',NULL,1,'clement.goux@gmail.com','06 61 60 03 46',NULL,NULL,NULL,NULL,'2017-12-07 09:24:39','2018-02-21 11:31:53',0),(317,'Basile','GRAS',NULL,1,'pablo.pablo@hotmail.fr',NULL,NULL,NULL,NULL,NULL,'2017-12-07 09:24:39','2018-02-21 11:31:53',0),(318,'Isaac','GRIFFITH',NULL,1,NULL,'06 24 31 19 02',NULL,NULL,NULL,NULL,'2017-12-07 09:24:39','2018-02-21 11:31:53',0),(319,'Maëlya','JOILAN',NULL,1,'joilanj@free.fr',NULL,NULL,NULL,NULL,NULL,'2017-12-07 09:24:39','2018-02-21 11:31:53',0),(320,'Aminata','KASSE',NULL,1,NULL,NULL,NULL,NULL,NULL,NULL,'2017-12-07 09:24:39','2018-02-21 11:31:53',0),(321,'Ina','KASSE',NULL,1,NULL,NULL,NULL,NULL,NULL,NULL,'2017-12-07 09:24:39','2018-02-21 11:31:53',0),(322,'Karim','LAHNOUCH',NULL,1,NULL,'06 46 25 35 46',NULL,NULL,NULL,NULL,'2017-12-07 09:24:39','2018-02-21 11:31:53',0),(323,'Ali','LAHNOUCH',NULL,1,NULL,'06 46 25 35 46',NULL,NULL,NULL,NULL,'2017-12-07 09:24:39','2018-02-21 11:31:53',0),(324,'Tessa','LAIDEBEURE-CASSE',NULL,1,NULL,'06 31 97 48 86',NULL,NULL,NULL,NULL,'2017-12-07 09:24:39','2018-02-21 11:31:53',0),(325,'Sophia','LATIL',NULL,1,'platil@christian-putier.fr','06 11 35 95 33',NULL,NULL,NULL,NULL,'2017-12-07 09:24:39','2018-02-21 11:31:53',0),(326,'Ambre','LEBOUCHER',NULL,1,'eric.leboucher@claii.com',NULL,NULL,NULL,NULL,NULL,'2017-12-07 09:24:39','2018-02-21 11:31:53',0),(327,'Arthur','LEBOUCHER',NULL,1,'eric.leboucher@claii.com',NULL,NULL,NULL,NULL,NULL,'2017-12-07 09:24:39','2018-02-21 11:31:53',0),(328,'Louisa','LEES',NULL,1,'dzremix@gmail.com','06 17 06 61 99',NULL,NULL,NULL,NULL,'2017-12-07 09:24:39','2018-02-21 11:31:53',0),(329,'Louise','MARTIN BURGUIER',NULL,1,'jean_marc.martin@yahoo.fr',NULL,NULL,NULL,NULL,NULL,'2017-12-07 09:24:39','2018-02-21 11:31:53',0),(330,'Paul','MARTIN BURGUIER',NULL,1,'jean_marc.martin@yahoo.fr',NULL,NULL,NULL,NULL,NULL,'2017-12-07 09:24:39','2018-02-21 11:31:53',0),(331,'Rose','MARTINEZ-VIVARGENT',NULL,1,'cyril.martinezvivargent@gmail.com','06 24 70 61 46',NULL,NULL,NULL,NULL,'2017-12-07 09:24:39','2018-02-21 11:31:53',0),(332,'Laël','MARTINS',NULL,1,'didier.martins@orange.fr','06 03 09 74 82',NULL,NULL,NULL,NULL,'2017-12-07 09:24:39','2018-02-21 11:31:53',0),(333,'Victor','MAZENS',NULL,1,'s.mazens@gmail.com','06 77 13 88 10',NULL,NULL,NULL,NULL,'2017-12-07 09:24:39','2018-02-21 11:31:53',0),(334,'Paulette','MAZENS',NULL,1,'s.mazens@gmail.com','06 77 13 88 10',NULL,NULL,NULL,NULL,'2017-12-07 09:24:39','2018-02-21 11:31:53',0),(335,'Charlotte','MERAT PRIN-DERRE',NULL,1,NULL,NULL,NULL,NULL,NULL,NULL,'2017-12-07 09:24:39','2018-02-21 11:31:53',0),(336,'Margot','MERCIER RAYNAL',NULL,1,NULL,'06 22 87 01 16',NULL,NULL,NULL,NULL,'2017-12-07 09:24:39','2018-02-21 11:31:53',0),(337,'Shaïne','MOSSER',NULL,1,'ludovicmoss@hotmail.fr','06 81 80 24 38',NULL,NULL,NULL,NULL,'2017-12-07 09:24:39','2018-02-21 11:31:53',0),(338,'Samuel','MURE',NULL,1,'henri.mure@free.fr','04 90 86 93 25',NULL,NULL,NULL,NULL,'2017-12-07 09:24:39','2018-02-21 11:31:53',0),(339,'Justine','NATY',NULL,1,'francois.naty@hotmail.fr','06 68 21 76 90',NULL,NULL,NULL,NULL,'2017-12-07 09:24:40','2018-02-21 11:31:53',0),(340,'Léo','OLIOSO',NULL,1,'albert.olioso@inra.fr','06 51 84 28 34',NULL,NULL,NULL,NULL,'2017-12-07 09:24:40','2018-02-21 11:31:53',0),(341,'Anaé','OLMO',NULL,1,'olmolaurent@gmail.com','06 83 46 60 99',NULL,NULL,NULL,NULL,'2017-12-07 09:24:40','2018-02-21 11:31:53',0),(342,'Julien','OLMO',NULL,1,'olmolaurent@gmail.com','06 83 46 60 99',NULL,NULL,NULL,NULL,'2017-12-07 09:24:40','2018-02-21 11:31:53',0),(343,'Julie','PANKOW',NULL,1,'loic.pankow@live.fr','06 88 26 41 32',NULL,NULL,NULL,NULL,'2017-12-07 09:24:40','2018-02-21 11:31:53',0),(344,'Maia','PEREIRA THILLE',NULL,1,'spereiracarrasco@gmail.com','06 80 54 62 97',NULL,NULL,NULL,NULL,'2017-12-07 09:24:40','2018-02-21 11:31:53',0),(345,'Marc','PENG',NULL,1,'simon197294@gmail.com','06 51 30 01 62',NULL,NULL,NULL,NULL,'2017-12-07 09:24:40','2018-02-21 11:31:53',0),(346,'Mia','RITOU',NULL,1,'thomas@ritou.me','06 52 93 66 29',NULL,NULL,NULL,NULL,'2017-12-07 09:24:40','2018-02-21 11:31:53',0),(347,'Amandine','ROSENZWEIG BREMOND',NULL,1,'domi.bd@laposte.net','06 68 24 59 10',NULL,NULL,NULL,NULL,'2017-12-07 09:24:40','2018-02-21 11:31:53',0),(348,'Lucie','ROSENZWEIG BREMOND',NULL,1,'domi.bd@laposte.net','06 68 24 59 10',NULL,NULL,NULL,NULL,'2017-12-07 09:24:40','2018-02-21 11:31:53',0),(349,'Noussayba','RTILI',NULL,1,'rtilbox@hotmail.fr','06 98 05 06 46',NULL,NULL,NULL,NULL,'2017-12-07 09:24:40','2018-02-21 11:31:53',0),(350,'Neïla','SADDIER',NULL,1,'saddieryoan@gmail.com','06 83 62 68 77',NULL,NULL,NULL,NULL,'2017-12-07 09:24:40','2018-02-21 11:31:53',0),(351,'Côme','SIMMINI',NULL,1,NULL,'06 27 67 46 41',NULL,NULL,NULL,NULL,'2017-12-07 09:24:40','2018-02-21 11:31:53',0),(352,'Jeanne','SIMMINI',NULL,1,NULL,'06 27 67 46 41',NULL,NULL,NULL,NULL,'2017-12-07 09:24:40','2018-02-21 11:31:53',0),(353,'Léonard','SMILEVITCH',NULL,1,'pierre.smilevitch@laposte.net','06 59 52 80 58',NULL,NULL,NULL,NULL,'2017-12-07 09:24:40','2018-02-21 11:31:53',0),(354,'Noé','SPERLING',NULL,1,'romainsperling@gmail.com','06 62 29 47 57',NULL,NULL,NULL,NULL,'2017-12-07 09:24:40','2018-02-21 11:31:53',0),(355,'Swann','SPERLING',NULL,1,'romainsperling@gmail.com','06 62 29 47 57',NULL,NULL,NULL,NULL,'2017-12-07 09:24:40','2018-02-21 11:31:53',0),(356,'Elisa','STEIN',NULL,1,'martinstein@la-mirande.fr','06 85 07 31 99',NULL,NULL,NULL,NULL,'2017-12-07 09:24:40','2018-02-21 11:31:53',0),(357,'Leo','STEIN',NULL,1,'martinstein@la-mirande.fr','06 85 07 31 99',NULL,NULL,NULL,NULL,'2017-12-07 09:24:40','2018-02-21 11:31:53',0),(358,'Mathilde','TOMOR EBLÉ',NULL,1,NULL,'06 15 94 85 17',NULL,NULL,NULL,NULL,'2017-12-07 09:24:40','2018-02-21 11:31:53',0),(359,'Mélissa','TURGIS',NULL,1,'matthieuturgis@yahoo.fr','06 20 99 30 13',NULL,NULL,NULL,NULL,'2017-12-07 09:24:40','2018-02-21 11:31:53',0),(360,'Arno','VENDRAN MAGNAUDEIX',NULL,1,'fabrice.vendran@orange.fr','06 15 56 97 76',NULL,NULL,NULL,NULL,'2017-12-07 09:24:40','2018-02-21 11:31:53',0),(361,'Emma','VILLENEAU SANDE',NULL,1,'adrien.villeneau@gmail.com','06 40 53 34 83',NULL,NULL,NULL,NULL,'2017-12-07 09:24:40','2018-02-21 11:31:53',0),(362,'Florian','VON VINTSCHGER',NULL,1,'philippe.ginoux@gmail.com','06 19 38 78 56',NULL,NULL,NULL,NULL,'2017-12-07 09:24:40','2018-02-21 11:31:53',0),(363,'Pierre','WEBER',NULL,1,'gbkwpw@gmail.com','06 25 86 79 75',NULL,NULL,NULL,NULL,'2017-12-07 09:24:40','2018-02-21 11:31:53',0),(364,'Elina','WECK STRAND',NULL,1,'gregory.weck@gmail.com','06 43 03 69 00',NULL,NULL,NULL,NULL,'2017-12-07 09:24:40','2018-02-21 11:31:53',0),(365,'Ha','DUC LE','$2y$10$5xYeq0Z3fo.h2t6.I.QXG.ov2Lb7mDfufHdy0ST6gND96ZUBeKYTq',3,'haduc.le@gmail.com','','m',NULL,NULL,NULL,'2017-12-11 09:30:03',NULL,1),(366,'Marie','GALEFFI','$2y$10$lclD3budRI1jp/37RvIcCOuv0h9Qx9RFPOksh0fHNIZ9DOJoAOVNq',3,'marie@popinz.fr','','f',NULL,NULL,NULL,'2018-01-03 16:29:43',NULL,1),(367,'Siham','BAKKOURI','$2y$10$55Du2W8Ow6haJtlfbl8FsOJOxw8UhGInO8W9bmCKlkceFqDaGzoE.',3,'sylvain+demo2@popinz.fr','','f',NULL,NULL,NULL,'2018-01-28 11:12:29','2018-02-21 11:31:53',0),(368,'Shake','Yeritsyan',NULL,1,'yeritsyanshake@gmail.com','123456789','f',NULL,NULL,NULL,'2018-02-24 18:33:24','2018-02-24 19:34:06',0),(369,'Shake','Yeritsyan',NULL,1,'yeritsyanshake@gmail.com','123456789','f',NULL,NULL,NULL,'2018-02-24 18:38:20','2018-02-24 19:39:01',0),(370,'Nguyen Quang','Toan',NULL,1,NULL,'21212','m',NULL,NULL,NULL,'2018-02-28 04:17:20',NULL,1),(371,'Prof','TEST',NULL,2,'','+37477123456','m',NULL,NULL,NULL,'2018-03-10 10:30:22','2018-03-10 11:32:53',0),(372,'Student','TEST',NULL,1,'','','m',NULL,NULL,NULL,'2018-03-17 17:21:24',NULL,1),(373,'Jean','ARISTOTE',NULL,2,'matt261+test@gmail.com','','m',NULL,NULL,NULL,'2018-03-26 06:52:46','2018-03-26 09:02:14',0),(374,'Jeanjean','ARISTOTE',NULL,2,'matt261+test@gmail.com','','m',NULL,NULL,NULL,'2018-03-26 07:02:29',NULL,1);
/*!40000 ALTER TABLE `users` ENABLE KEYS */;
UNLOCK TABLES;

--
-- Table structure for table `users_custom_fields`
--

DROP TABLE IF EXISTS `users_custom_fields`;
/*!40101 SET @saved_cs_client     = @@character_set_client */;
/*!40101 SET character_set_client = utf8 */;
CREATE TABLE `users_custom_fields` (
  `id` int(10) unsigned NOT NULL AUTO_INCREMENT,
  `libelle` varchar(255) NOT NULL,
  `description` text NOT NULL,
  `av_values` text COMMENT 'Valeurs disponibles (key / value) en json',
  `type` set('bool','list','string','int','date') DEFAULT NULL,
  `order_num` int(10) unsigned DEFAULT NULL,
  `ci_validation` text COMMENT 'Paramètres de validation CI',
  `visible` tinyint(1) NOT NULL DEFAULT '1',
  PRIMARY KEY (`id`),
  UNIQUE KEY `libelle` (`libelle`)
) ENGINE=InnoDB AUTO_INCREMENT=58 DEFAULT CHARSET=utf8;
/*!40101 SET character_set_client = @saved_cs_client */;

--
-- Dumping data for table `users_custom_fields`
--

LOCK TABLES `users_custom_fields` WRITE;
/*!40000 ALTER TABLE `users_custom_fields` DISABLE KEYS */;
INSERT INTO `users_custom_fields` VALUES (1,'securite_sociale','N° de sécurité sociale',NULL,'string',21,NULL,1),(2,'is_boursier','Boursier',NULL,'bool',23,NULL,1),(3,'adresse','Adresse',NULL,'string',9,NULL,1),(4,'reglement_prof','Règlement honoraires prof','{\"0\":\"N\\/A\",\"1\":\"Facturation\",\"2\":\"Salari\\u00e9\"}','list',25,NULL,1),(5,'tx_horaire','Taux horaire prof',NULL,'int',26,NULL,1),(6,'adresse_pere','Adresse du père',NULL,'string',14,NULL,1),(7,'adresse_mere','Adresse de la mère',NULL,'string',19,NULL,1),(8,'tel_pere','Téléphone du père',NULL,'string',12,NULL,1),(9,'tel_mere','Téléphone de la mère',NULL,'string',17,NULL,1),(10,'numero_ine','Numéro INE',NULL,'string',22,NULL,1),(11,'mail_pere','Mail du père',NULL,'string',13,'|valid_email',1),(12,'mail_mere','Mail de la mère',NULL,'string',18,'|valid_email',1),(13,'mutuelle','Mutuelle','{\"0\":\"N\\/A\",\"1\":\"LMDE\",\"2\":\"MEP\",\"3\":\"CMU\"}','list',24,NULL,1),(14,'envoi_bulletin_pere','Envoyer le bulletin au père',NULL,'bool',15,NULL,1),(15,'envoi_bulletin_mere','Envoyer le bulletin à la mère',NULL,'bool',20,NULL,1),(16,'nom_pere','Nom du père',NULL,'string',11,NULL,1),(17,'nom_mere','Nom de la mere',NULL,'string',16,NULL,1),(18,'adresse_facturation','Adresse de facturation',NULL,'string',10,NULL,1),(19,'lieu_naissance','Lieu de naissance',NULL,'string',8,NULL,1),(28,'date_naissance','Date de naissance','','date',7,NULL,1),(29,'enfant_2-3_mois_6745','Enfant 2-3 (mois)','','int',1,NULL,1),(30,'benevole_8328','Bénévole','','bool',2,NULL,1),(31,'repondant_financier_4011','Répondant financier','','string',3,NULL,1),(32,'siret_7133','SIRET','','int',4,NULL,1),(33,'site_5396','Site','{\"0\":\"Angoul\\u00e8me\",\"1\":\"Montpellier\"}','list',5,NULL,1),(34,'type_de_formation_5183','Type de formation','{\"0\":\"Formation initiale\",\"1\":\"CFA\",\"2\":\"Formation professionnelle\"}','list',6,NULL,1),(35,'my_yesno_field_7581','My Yes/No field','','bool',NULL,NULL,0),(36,'my_text_area_field_1769','My Text Area field','','string',NULL,NULL,0),(37,'my_list_field_0959','My New List Field','{\"0\":\"list_value\",\"1\":\"new_value\"}','list',NULL,NULL,0),(38,'my_number_field_3000','My Number field','','int',NULL,NULL,0),(39,'my_date_field_0248','My Date field','','date',NULL,NULL,0),(40,'my_yesno_field_3672','My Yes/No field','','bool',NULL,NULL,0),(41,'my_text_area_field_7681','My Text Area field','','string',NULL,NULL,0),(42,'my_list_field_0026','My New List Field','{\"0\":\"list_value\",\"1\":\"new_value\"}','list',NULL,NULL,0),(43,'my_number_field_0987','My Number field','','int',NULL,NULL,0),(44,'my_date_field_6369','My Date field','','date',NULL,NULL,0),(45,'my_yesno_field_8669','My Yes/No field','','bool',NULL,NULL,0),(46,'my_text_area_field_2155','My Text Area field','','string',NULL,NULL,0),(47,'my_list_field_5686','My New List Field','{\"0\":\"list_value\",\"1\":\"new_value\"}','list',NULL,NULL,0),(48,'my_number_field_4904','My Number field','','int',NULL,NULL,0),(49,'my_date_field_8907','My Date field','','date',NULL,NULL,0),(50,'class_4826','Class','','string',NULL,NULL,0),(51,'studen_code_4642','Studen code','','string',NULL,NULL,0),(52,'full_name_7151','Full name','','string',NULL,NULL,0),(53,'date_of_birth_2903','Date of birth','','date',NULL,NULL,0),(54,'sex_9605','Sex','','string',NULL,NULL,0),(55,'allergies_0761','Allergies','','string',0,NULL,1),(56,'gtid_7132','GTID','','int',NULL,NULL,1),(57,'situation_de_handicap_9987','Situation de handicap','','bool',NULL,NULL,1);
/*!40000 ALTER TABLE `users_custom_fields` ENABLE KEYS */;
UNLOCK TABLES;

--
-- Table structure for table `users_custom_values`
--

DROP TABLE IF EXISTS `users_custom_values`;
/*!40101 SET @saved_cs_client     = @@character_set_client */;
/*!40101 SET character_set_client = utf8 */;
CREATE TABLE `users_custom_values` (
  `id` int(10) unsigned NOT NULL AUTO_INCREMENT,
  `id_custom_field` int(10) unsigned NOT NULL,
  `id_user` int(10) unsigned NOT NULL,
  `value` text NOT NULL,
  `visible` tinyint(1) NOT NULL DEFAULT '1',
  PRIMARY KEY (`id`),
  UNIQUE KEY `uniq_id_custom_field_id_user` (`id_custom_field`,`id_user`),
  KEY `fk_id_custom_field` (`id_custom_field`),
  KEY `fk_id_user` (`id_user`)
) ENGINE=InnoDB AUTO_INCREMENT=544 DEFAULT CHARSET=utf8;
/*!40101 SET character_set_client = @saved_cs_client */;

--
-- Dumping data for table `users_custom_values`
--

LOCK TABLES `users_custom_values` WRITE;
/*!40000 ALTER TABLE `users_custom_values` DISABLE KEYS */;
INSERT INTO `users_custom_values` VALUES (1,28,1,'1991-11-24',1),(2,11,15,'matt@popinz.fr',1),(3,28,15,'1991-11-24',1),(4,2,16,'NON',1),(5,28,16,'05/03/1994',1),(6,19,16,'EQUATEUR-QUITO',1),(7,2,17,'NON',1),(8,28,17,'04/05/1998',1),(9,19,17,'MOUSCOU (SUISSE)',1),(10,2,18,'NON',1),(11,28,18,'04/07/2000',1),(12,19,18,'SCHOELCHER',1),(13,2,19,'NON',1),(14,28,19,'07/05/1997',1),(15,19,19,'PARIS',1),(16,2,20,'NON',1),(17,28,20,'19/07/1999',1),(18,19,20,'PARIS',1),(19,2,21,'NON',1),(20,28,21,'06/01/1994',1),(21,19,21,'IVRY-SUR-SEINE',1),(22,2,22,'NON',1),(23,28,22,'17/06/1999',1),(24,19,22,'ATHIS-MONS',1),(25,2,23,'NON',1),(26,28,23,'20/09/1997',1),(27,19,23,'SEVRES',1),(28,2,24,'NON',1),(29,28,24,'25/01/1999',1),(30,19,24,'PARIS',1),(31,2,25,'NON',1),(32,28,25,'05/07/1998',1),(33,19,25,'CHATENAY_MALABRY',1),(34,2,26,'NON',1),(35,28,26,'02/03/1998',1),(36,19,26,'CLAMART',1),(37,2,27,'06-48-11-46-26',1),(38,28,27,'35612',1),(39,19,27,'MELUN',1),(40,2,28,'NON',1),(41,28,28,'29/05/1996',1),(42,19,28,'BOURG-LA-REINE',1),(43,2,29,'NON',1),(44,28,29,'02/05/1992',1),(45,19,29,'NICE',1),(46,2,30,'NON',1),(47,28,30,'12/07/1996',1),(48,19,30,'PARIS',1),(49,2,31,'NON',1),(50,28,31,'30/11/1997',1),(51,19,31,'PARIS',1),(52,2,32,'NON',1),(53,28,32,'02/10/1998',1),(54,19,32,'PARIS',1),(55,2,33,'NON',1),(56,28,33,'27/10/1995',1),(57,19,33,'LESQUIN',1),(58,2,34,'NON',1),(59,28,34,'03/02/1999',1),(60,19,34,'PARIS',1),(61,2,35,'NON',1),(62,28,35,'17/09/1990',1),(63,19,35,'FONTAINEBLEAU',1),(64,2,36,'NON',1),(65,28,36,'14/11/1999',1),(66,19,36,'MONTFERMEIL',1),(67,2,37,'NON',1),(68,28,37,'19/06/1997',1),(69,19,37,'PARIS',1),(70,2,38,'NON',1),(71,28,38,'14/07/1993',1),(72,19,38,'JUISIVY SUR ORGE',1),(73,2,39,'NON',1),(74,28,39,'24/12/1991',1),(75,19,39,'PARIS',1),(76,3,40,'350 rue des Brusses',1),(77,11,40,'limminmi@hotmail.fr',1),(78,28,40,'29/05/1997',1),(79,3,41,'878 Rue de la Valsière',1),(80,11,41,'lionel.babikian@gmail.com',1),(81,28,41,'11/03/1995',1),(82,3,42,'309 Rue de la Galera',1),(83,11,42,'timothe.b@live.fr',1),(84,28,42,'16/07/1998',1),(85,3,43,'730 rue de La Coix Lavit',1),(86,11,43,'nicolas.brulard@free.fr',1),(87,28,43,'24/07/1995',1),(88,3,44,'4 place Émile Martin',1),(89,11,44,'s.c.chabrol@hotmail.com',1),(90,28,44,'26/07/1997',1),(91,3,45,'195 rue du Pré au Clair',1),(92,11,45,'chanehune_thomas@hotmail.fr',1),(93,28,45,'03/09/1994',1),(94,3,46,'525 avenue du pr Jean Louis Viala',1),(95,11,46,'david.johann@orange.fr',1),(96,28,46,'01/10/1997',1),(97,3,47,'24 Rue Gaston Bazille',1),(98,11,47,'carla.deveze@live.fr',1),(99,28,47,'01/11/1995',1),(100,3,48,'286 rue de l\'aiguelongue',1),(101,11,48,'gaspard-eicher@hotmail.fr',1),(102,28,48,'25/12/1996',1),(103,3,49,'900 rue de la Croix de Lavit',1),(104,11,49,'aymeric.estreich@gmail.com',1),(105,28,49,'18/05/1994',1),(106,3,50,'274 Avenue Adolphe Alphand',1),(107,11,50,'antoine.fournierducarre@hotmail.fr',1),(108,28,50,'18/06/1993',1),(109,3,51,'611 Rue Saint Priest',1),(110,11,51,'maneki.neko.luohe@gmail.com',1),(111,28,51,'05/08/1996',1),(112,3,52,'119, Rue Des Ecuyers',1),(113,11,52,'florent.jamet@hotmail.fr',1),(114,28,52,'28/08/1994',1),(115,3,53,'65 rue René Etiemble',1),(116,11,53,'vivi.landier@gmail.com',1),(117,28,53,'17/04/1998',1),(118,3,54,'61 rue du Faubourg Boutonnet',1),(119,11,54,'th.leblan@gmail.com',1),(120,28,54,'22/11/1993',1),(121,3,55,'525 av. du Pr. Jean-Louis Viala',1),(122,11,55,'pierre.ministeri@gmail.com',1),(123,28,55,'28/12/1995',1),(124,3,56,'810 avenue de maurin',1),(125,11,56,'pilon97229@hotmail.com',1),(126,28,56,'09/10/1997',1),(127,3,57,'533 rue Jupiter',1),(128,11,57,'berenger.quervel@gmail.com',1),(129,28,57,'29/10/1996',1),(130,3,58,'Avenue du pr Jean Louis Viala Bat B',1),(131,11,58,'yohann.rehfuss@gmail.com',1),(132,28,58,'10/09/1995',1),(133,3,59,'198 rue Robert Koch',1),(134,11,59,'elliot.saintlary@gmail.com',1),(135,28,59,'10/04/1994',1),(136,3,60,'Mas Rouviere',1),(137,11,60,'trystansarrade@gmail.com',1),(138,28,60,'25/04/1998',1),(139,3,61,'1702 rue Saint Priest',1),(140,11,61,'steve.simon9724@gmail.com',1),(141,28,61,'24/05/1994',1),(142,29,11,'8',1),(143,30,8,'1',1),(144,31,11,'M. Jean',1),(145,28,64,'14 11 2012',1),(146,28,65,'24 07 2012',1),(147,28,66,'21 12 2013',1),(148,28,67,'20 06 2014',1),(149,28,68,'12 01 2013',1),(150,28,69,'31 01 2009',1),(151,28,70,'10 08 2013',1),(152,28,71,'28 12 2014',1),(153,28,72,'08 08 2011',1),(154,28,73,'24 11 2013',1),(155,28,74,'24 05 2012',1),(156,28,75,'23 03 2013',1),(157,28,76,'14 04 2011',1),(158,28,77,'16 04 2014',1),(159,28,78,'12 11 2015',1),(160,28,79,'27 07 2014',1),(161,28,80,'18 04 2014',1),(162,28,81,'03 01 2014',1),(163,28,82,'22 10 2014',1),(164,28,83,'17 01 2013',1),(165,28,84,'03 04 2014',1),(166,28,85,'08 12 2008',1),(167,28,86,'09 11 2011',1),(168,28,87,'27 01 2007',1),(169,28,88,'28 02 2016',1),(170,28,89,'11 05 2015',1),(171,28,90,'15 03 2014',1),(172,28,91,'26 06 2015',1),(173,28,92,'10 11 2013',1),(174,28,93,'31 12 2007',1),(175,28,94,'10 09 2009',1),(176,28,95,'27 09 2012',1),(177,28,96,'25 01 2012',1),(178,28,97,'16 02 2014',1),(179,28,98,'26 12 2014',1),(180,28,99,'28 10 2012',1),(181,28,100,'22 07 2015',1),(182,28,101,'19 06 2014',1),(183,28,102,'15 04 2014',1),(184,28,103,'02 06 2008',1),(185,28,104,'11 06 2011',1),(186,28,105,'15 12 2008',1),(187,28,106,'02 04 2012',1),(188,28,107,'21 10 2010',1),(189,28,108,'31 07 2012',1),(190,28,109,'21 11 2014',1),(191,28,110,'20 05 2013',1),(192,28,111,'17 06 2009',1),(193,28,112,'29 06 2012',1),(194,28,113,'01 01 2014',1),(195,28,114,'05 10 2013',1),(196,28,115,'27 03 2009',1),(197,28,116,'07 12 2008',1),(198,28,117,'15 10 2007',1),(199,28,118,'14 10 2010',1),(200,28,119,'03 06 2014',1),(201,28,120,'07 03 2016',1),(202,28,121,'16 02 2013',1),(203,28,122,'14 04 2015',1),(204,28,123,'26 02 2013',1),(205,28,124,'10 03 2010',1),(206,28,125,'18 12 2007',1),(207,28,126,'28 01 2010',1),(208,28,127,'20 12 2012',1),(209,28,128,'18 12 2013',1),(210,28,129,'12 09 2015',1),(211,28,130,'02 09 2010',1),(212,28,131,'27 04 2014',1),(213,28,132,'07 06 2013',1),(214,28,133,'20 05 2014',1),(215,28,134,'28 10 2012',1),(216,28,135,'25 11 2010',1),(217,28,136,'13 11 2008',1),(218,28,137,'06 04 2015',1),(219,28,138,'21 02 2015',1),(220,28,139,'31 10 2012',1),(221,28,140,'14 01 2013',1),(222,28,141,'23 07 2015',1),(223,28,142,'01 12 2014',1),(224,28,143,'03 05 2014',1),(225,28,144,'01 08 2012',1),(226,28,145,'01 08 2012',1),(227,28,146,'04 11 2006',1),(228,28,147,'22 09 2012',1),(229,28,148,'18 05 2010',1),(230,28,149,'29 06 2008',1),(231,28,150,'09 03 2015',1),(232,28,151,'14 16 2013',1),(233,28,152,'06 04 2015',1),(234,28,153,'08 03 2011',1),(235,28,154,'08 04 2013',1),(236,28,155,'28 10 2009',1),(237,28,156,'15 06 2014',1),(238,28,157,'13 01 2009',1),(239,28,158,'13 01 2012',1),(240,28,159,'09 12 2007',1),(241,28,160,'12 08 2008',1),(242,28,161,'10 12 2011',1),(243,30,162,'1',0),(244,7,8,'Rue Croix RouGE',1),(245,28,166,'14 11 2012',1),(246,28,167,'24 07 2012',1),(247,28,168,'21 12 2013',1),(248,28,169,'20 06 2014',1),(249,28,170,'12 01 2013',1),(250,28,171,'31 01 2009',1),(251,28,172,'10 08 2013',1),(252,28,173,'28 12 2014',1),(253,28,174,'08 08 2011',1),(254,28,175,'24 11 2013',1),(255,28,176,'24 05 2012',1),(256,28,177,'23 03 2013',1),(257,28,178,'14 04 2011',1),(258,28,179,'16 04 2014',1),(259,28,180,'12 11 2015',1),(260,28,181,'27 07 2014',1),(261,28,182,'18 04 2014',1),(262,28,183,'03 01 2014',1),(263,28,184,'22 10 2014',1),(264,28,185,'17 01 2013',1),(265,28,186,'03 04 2014',1),(266,28,187,'08 12 2008',1),(267,28,188,'09 11 2011',1),(268,28,189,'27 01 2007',1),(269,28,190,'28 02 2016',1),(270,28,191,'11 05 2015',1),(271,28,192,'15 03 2014',1),(272,28,193,'26 06 2015',1),(273,28,194,'10 11 2013',1),(274,28,195,'31 12 2007',1),(275,28,196,'10 09 2009',1),(276,28,197,'27 09 2012',1),(277,28,198,'25 01 2012',1),(278,28,199,'16 02 2014',1),(279,28,200,'26 12 2014',1),(280,28,201,'28 10 2012',1),(281,28,202,'22 07 2015',1),(282,28,203,'19 06 2014',1),(283,28,204,'15 04 2014',1),(284,28,205,'02 06 2008',1),(285,28,206,'11 06 2011',1),(286,28,207,'15 12 2008',1),(287,28,208,'02 04 2012',1),(288,28,209,'21 10 2010',1),(289,28,210,'31 07 2012',1),(290,28,211,'21 11 2014',1),(291,28,212,'20 05 2013',1),(292,28,213,'17 06 2009',1),(293,28,214,'29 06 2012',1),(294,28,215,'01 01 2014',1),(295,28,216,'05 10 2013',1),(296,28,217,'27 03 2009',1),(297,28,218,'07 12 2008',1),(298,28,219,'15 10 2007',1),(299,28,220,'14 10 2010',1),(300,28,221,'03 06 2014',1),(301,28,222,'07 03 2016',1),(302,28,223,'16 02 2013',1),(303,28,224,'14 04 2015',1),(304,28,225,'26 02 2013',1),(305,28,226,'10 03 2010',1),(306,28,227,'18 12 2007',1),(307,28,228,'28 01 2010',1),(308,28,229,'20 12 2012',1),(309,28,230,'18 12 2013',1),(310,28,231,'12 09 2015',1),(311,28,232,'02 09 2010',1),(312,28,233,'27 04 2014',1),(313,28,234,'07 06 2013',1),(314,28,235,'20 05 2014',1),(315,28,236,'28 10 2012',1),(316,28,237,'25 11 2010',1),(317,28,238,'13 11 2008',1),(318,28,239,'06 04 2015',1),(319,28,240,'21 02 2015',1),(320,28,241,'31 10 2012',1),(321,28,242,'14 01 2013',1),(322,28,243,'23 07 2015',1),(323,28,244,'01 12 2014',1),(324,28,245,'03 05 2014',1),(325,28,246,'01 08 2012',1),(326,28,247,'01 08 2012',1),(327,28,248,'04 11 2006',1),(328,28,249,'22 09 2012',1),(329,28,250,'18 05 2010',1),(330,28,251,'29 06 2008',1),(331,28,252,'09 03 2015',1),(332,28,253,'14 16 2013',1),(333,28,254,'06 04 2015',1),(334,28,255,'08 03 2011',1),(335,28,256,'08 04 2013',1),(336,28,257,'28 10 2009',1),(337,28,258,'15 06 2014',1),(338,28,259,'13 01 2009',1),(339,28,260,'13 01 2012',1),(340,28,261,'09 12 2007',1),(341,28,262,'12 08 2008',1),(342,28,263,'10 12 2011',1),(343,1,8,'189999999999',1),(344,28,267,'14 11 2012',1),(345,3,267,'20 rue Alain Chartier 84140 Montfavet',1),(346,28,268,'24 07 2012',1),(347,3,268,'6 rue Mourre 84000 Avignon',1),(348,28,269,'21 12 2013',1),(349,3,269,'25 rue du creuset lot, Les L du moulin 84270 Vedène',1),(350,28,270,'20 06 2014',1),(351,3,270,'4 rue Ninon Vallin 84000 Avignon',1),(352,28,271,'12 01 2013',1),(353,3,271,'73 rue Alfred Bergier 84140 Montfavet',1),(354,28,272,'31 01 2009',1),(355,3,272,'128 chemin des Agassins 84130 Le Pontet',1),(356,28,273,'10 08 2013',1),(357,3,273,'129 chemin des Agassins 84130 Le Pontet',1),(358,28,274,'28 12 2014',1),(359,3,274,'19 bis rue Kruger 84000 Avignon',1),(360,28,275,'08 08 2011',1),(361,3,275,'9 chemin du grand plantier 84370 Bedarrides\n4 lot les garrigues 84370 Bedarrides (père)',1),(362,28,276,'24 11 2013',1),(363,3,276,'1 rue Henry Matisse 84310 Morères-les-Avignon',1),(364,28,277,'24 05 2012',1),(365,3,277,'2 rue Henry Matisse 84310 Morères-les-Avignon',1),(366,28,278,'23 03 2013',1),(367,3,278,'8 rue Charloun Rieu 13670 St Andiol',1),(368,28,279,'14 04 2011',1),(369,3,279,'9 rue Charloun Rieu 13670 St Andiol',1),(370,28,280,'16 04 2014',1),(371,3,280,'12 avenue du Levant 84000 Avignon',1),(372,28,281,'12 11 2015',1),(373,3,281,'13 avenue du Levant 84000 Avignon',1),(374,28,282,'27 07 2014',1),(375,3,282,'7 avenue Louis Barthou 84000 Avignon',1),(376,28,283,'18 04 2014',1),(377,3,283,'52 place de l\'arbre de la liberté 84450 St Saturnin-les-Avignon',1),(378,28,284,'03 01 2014',1),(379,3,284,'15 rue des magnolias 84000 Avignon',1),(380,28,285,'22 10 2014',1),(381,3,285,'1 bis rue Georges Taulier 84000 Avignon',1),(382,28,286,'17 01 2013',1),(383,3,286,'2 bis rue Georges Taulier 84000 Avignon',1),(384,28,287,'03 04 2014',1),(385,3,287,'630 chemin de la Palestine 84210 Pernes-les-Fontaines',1),(386,28,288,'08 12 2008',1),(387,3,288,'730 B chemin des Marjoraines 84170 Monteux',1),(388,28,289,'09 11 2011',1),(389,3,289,'731 B chemin des Marjoraines 84170 Monteux',1),(390,28,290,'27 01 2007',1),(391,3,290,'29 allée de l\'Offant 84130 Le Pontet',1),(392,28,291,'28 02 2016',1),(393,3,291,'49 ch du Puech 13550 Noves',1),(394,28,292,'11 05 2015',1),(395,3,292,'1 impasse de la Calade, Domaine des Sorgues 84250 Le Thor',1),(396,28,293,'15 03 2014',1),(397,3,293,'115A chemin Vieux 84250 Le Thor\n\n58 la plane 84250 Cavaillon',1),(398,28,294,'26 06 2015',1),(399,3,294,'15 F chemin donne 84460 Cheval Blanc',1),(400,28,295,'10 11 2013',1),(401,3,295,'Mas des Orgnes 30490 Montfrin',1),(402,28,296,'31 12 2007',1),(403,3,296,'Mas des Orgnes 30490 Montfrin',1),(404,28,297,'10 09 2009',1),(405,3,297,'Mas des Orgnes 30490 Montfrin',1),(406,28,298,'27 09 2012',1),(407,3,298,'41 rue de l\'ancienne fontaine 84450 St Saturnin-les-Avignon',1),(408,28,299,'25 01 2012',1),(409,3,299,'22 rue Claude Firmin 84000 Avignon',1),(410,28,300,'16 02 2014',1),(411,3,300,'356 chemin de la garenne 84810 Aubignan',1),(412,28,301,'26 12 2014',1),(413,3,301,'Route d\'Eyragues, Draille de Paoune 13550 Noves',1),(414,28,302,'28 10 2012',1),(415,3,302,'7 rue du magnolias 84000 Avignon',1),(416,28,303,'22 07 2015',1),(417,3,303,'3 rue du Crucifix 84000 Avignon',1),(418,28,304,'19 06 2014',1),(419,3,304,'12 rue Michelet 30150 Roquemaure',1),(420,28,305,'15 04 2014',1),(421,3,305,'2 bis impasse Henri Mouret 84000 Avignon',1),(422,28,306,'02 06 2008',1),(423,3,306,'3 rue Crucifix 84000 Avignon',1),(424,28,307,'11 06 2011',1),(425,3,307,'4 rue Crucifix 84000 Avignon',1),(426,28,308,'15 12 2008',1),(427,3,308,'15 rue du Tambourin 84000 Avignon',1),(428,28,309,'02 04 2012',1),(429,3,309,'976 chemin du Bosc 30390 Domazan',1),(430,28,310,'21 10 2010',1),(431,3,310,'632 chemin de la Verdière 84140 Montfavet',1),(432,28,311,'31 07 2012',1),(433,3,311,'633 chemin de la Verdière 84140 Montfavet',1),(434,28,312,'21 11 2014',1),(435,3,312,'634 chemin de la Verdière 84140 Montfavet',1),(436,28,313,'20 05 2013',1),(437,3,313,'146 av Philippe de Girard 84400 Apt',1),(438,28,314,'17 06 2009',1),(439,3,314,'340 chemin de la Verne 13550 Noves',1),(440,28,315,'29 06 2012',1),(441,3,315,'10 rue Claude Boitelet 84140 Montfavet',1),(442,28,316,'01 01 2014',1),(443,3,316,'36 bis avenue des Sources',1),(444,28,317,'05 10 2013',1),(445,3,317,'5 rue des papalines (mère)\n4 rue Claude Granier (père)',1),(446,28,318,'27 03 2009',1),(447,3,318,'4 impasse Louis Perdiguier',1),(448,28,319,'07 12 2008',1),(449,3,319,'19 impasse des ifs (mère)\n2 rue Philippe Mathieu - Les sorbiers (père)',1),(450,28,320,'15 10 2007',1),(451,3,320,'27 rue Ninon Vallin 84000 Avignon',1),(452,28,321,'14 10 2010',1),(453,3,321,'28 rue Ninon Vallin 84000 Avignon',1),(454,28,322,'03 06 2014',1),(455,3,322,'33 boulevard du midi 84000 Avignon',1),(456,28,323,'07 03 2016',1),(457,3,323,'34 boulevard du midi 84000 Avignon',1),(458,28,324,'16 02 2013',1),(459,3,324,'40 rue du Vieux Sextier 84000 Avignon',1),(460,28,325,'14 04 2015',1),(461,3,325,'4 rue Vanille Massot 84140 Montfavet',1),(462,28,326,'26 02 2013',1),(463,3,326,'676 route des Vignies 84300 Cavaillon',1),(464,28,327,'10 03 2010',1),(465,3,327,'677 route des Vignies 84300 Cavaillon',1),(466,28,328,'18 12 2007',1),(467,3,328,'22 boulevard du midi 84000 Avingon (mère)                                  2 allée du clos Notre Dame 84000 Avignon (père)',1),(468,28,329,'28 01 2010',1),(469,3,329,'14 rue Paul Signac 84310 Morières-les-Avignon',1),(470,28,330,'20 12 2012',1),(471,3,330,'15 rue Paul Signac 84310 Morières-les-Avignon',1),(472,28,331,'18 12 2013',1),(473,3,331,'661 chemin de Valiniere 30126 Tavel',1),(474,28,332,'12 09 2015',1),(475,3,332,'Rés Bel Air 40 impasse des fruitiers 84140 Montfavet',1),(476,28,333,'02 09 2010',1),(477,3,333,'10 rue Simon de Chalons 84000 Avignon',1),(478,28,334,'27 04 2014',1),(479,3,334,'11 rue Simon de Chalons 84000 Avignon',1),(480,28,335,'07 06 2013',1),(481,3,335,'31 place du Planet de Guidon 84210 Pernes-les-fontaines',1),(482,28,336,'20 05 2014',1),(483,3,336,'4 avenue du bon repos 84140 Montfavet',1),(484,28,337,'28 10 2012',1),(485,3,337,'8 ter rue du bon Pasteur 84000 Avignon',1),(486,28,338,'25 11 2010',1),(487,3,338,'483 chemin des traversiers 84210 Pernes-les-fontaines',1),(488,28,339,'13 11 2008',1),(489,3,339,'528 rte d’Orange 84830 SERIGNAN\n\n7 place des frères Mounet 84100 ORANGE',1),(490,28,340,'06 04 2015',1),(491,3,340,'2 rue Campo Bello 84000 Avignon (mère)                                              8 rue Grande Fusterie 84000 Avignon (père)',1),(492,28,341,'21 02 2015',1),(493,3,341,'203 chemin des garrigues 84000 Avignon (mère)                                   82 avenue de la République, escalier B (père)',1),(494,28,342,'31 10 2012',1),(495,3,342,'203 chemin des garrigues (mère)                                   82 avenue de la République, escalier B 94700 Maisons-Alfort (père)',1),(496,28,343,'14 01 2013',1),(497,3,343,'41 cours du couvert 84260 Sarrians (mère)                                     58 impasse des grillons 84450 St Saturnin-les-Avignon(père)',1),(498,28,344,'23 07 2015',1),(499,3,344,'38 rue de la masse, Appt 3, 84000 Avignon',1),(500,28,345,'01 12 2014',1),(501,3,345,'17 rue de l\'Aigarden 84000 Avignon',1),(502,28,346,'03 05 2014',1),(503,3,346,'3 avenue Joseph Callet 13870 Rognonas',1),(504,28,347,'01 08 2012',1),(505,3,347,'50 bis rue universelle 84000 Avignon',1),(506,28,348,'01 08 2012',1),(507,3,348,'51 bis rue universelle 84000 Avignon',1),(508,28,349,'04 11 2006',1),(509,3,349,'3 chemin st Henri 84000 Avignon',1),(510,28,350,'22 09 2012',1),(511,3,350,'23 boulevard P. Loti  84000 Avignon',1),(512,28,351,'18 05 2010',1),(513,3,351,'7 rue du Maquis Ventoux  84000 Avignon',1),(514,28,352,'29 06 2008',1),(515,3,352,'8 rue du Maquis Ventoux  84000 Avignon',1),(516,28,353,'09 03 2015',1),(517,3,353,'21 bis boulevard raspail  84000 Avignon',1),(518,28,354,'14 16 2013',1),(519,3,354,'616 chemin des Broquetons',1),(520,28,355,'06 04 2015',1),(521,3,355,'616 chemin des Broquetons 84140 Montfavet',1),(522,28,356,'08 03 2011',1),(523,3,356,'14 rue de la croix 84000 Avignon',1),(524,28,357,'08 04 2013',1),(525,3,357,'15 rue de la croix 84000 Avignon',1),(526,28,358,'28 10 2009',1),(527,3,358,'202 rue Guyon 84140 Montfavet',1),(528,28,359,'15 06 2014',1),(529,3,359,'36 rue Girart de Roussillon  84000 Avignon',1),(530,28,360,'13 01 2009',1),(531,3,360,'714 chemin du Mas de Granel 30131 Pujaut',1),(532,28,361,'13 01 2012',1),(533,3,361,'200A Route de Montfavet  84000 Avignon',1),(534,28,362,'09 12 2007',1),(535,3,362,'2 rue Piot  84000 Avignon',1),(536,28,363,'12 08 2008',1),(537,3,363,'Les Aires 26110 Mirabel-aux-baronnies',1),(538,28,364,'10 12 2011',1),(539,3,364,'2 avenue de la Farandole Apt 60021 84130 Le Pontet',1),(540,13,6,'1',1),(541,12,8,'maatt@popinz.fr',1),(542,55,8,'Noisettes',1),(543,57,8,'1',1);
/*!40000 ALTER TABLE `users_custom_values` ENABLE KEYS */;
UNLOCK TABLES;

--
-- Table structure for table `users_files`
--

DROP TABLE IF EXISTS `users_files`;
/*!40101 SET @saved_cs_client     = @@character_set_client */;
/*!40101 SET character_set_client = utf8 */;
CREATE TABLE `users_files` (
  `id` int(10) unsigned NOT NULL AUTO_INCREMENT,
  `uuid` varchar(32) NOT NULL,
  `id_user` int(10) unsigned NOT NULL,
  `libelle` varchar(255) NOT NULL,
  `filename` varchar(255) NOT NULL,
  `filesize` int(10) unsigned NOT NULL,
  `md5` varchar(32) NOT NULL,
  `file_storage_url` varchar(255) NOT NULL,
  `file_mime` varchar(100) NOT NULL,
  `file_ext` varchar(5) NOT NULL,
  `date_ajout` datetime NOT NULL,
  `visible` tinyint(1) NOT NULL DEFAULT '1',
  PRIMARY KEY (`id`),
  UNIQUE KEY `idx_users_files_uuid` (`uuid`),
  KEY `id_user` (`id_user`)
) ENGINE=InnoDB AUTO_INCREMENT=2 DEFAULT CHARSET=utf8;
/*!40101 SET character_set_client = @saved_cs_client */;

--
-- Dumping data for table `users_files`
--

LOCK TABLES `users_files` WRITE;
/*!40000 ALTER TABLE `users_files` DISABLE KEYS */;
INSERT INTO `users_files` VALUES (1,'pVco4dNFBUGhwIb1SZk5jfxJRe06MEQs',10,'Copie de Marmotte_char_3.png','Copie de Marmotte_char_3.png',1672169,'','gs://pcdn.popinz.fr/1/protected/pVco4dNFBUGhwIb1SZk5jfxJRe06MEQs.png','image/png','png','2017-11-23 12:43:36',1);
/*!40000 ALTER TABLE `users_files` ENABLE KEYS */;
UNLOCK TABLES;

--
-- Table structure for table `users_groupe`
--

DROP TABLE IF EXISTS `users_groupe`;
/*!40101 SET @saved_cs_client     = @@character_set_client */;
/*!40101 SET character_set_client = utf8 */;
CREATE TABLE `users_groupe` (
  `id` int(10) unsigned NOT NULL AUTO_INCREMENT,
  `id_user` int(10) unsigned DEFAULT NULL,
  `id_ss_groupe` int(10) unsigned DEFAULT NULL,
  `visible` tinyint(1) NOT NULL DEFAULT '1',
  PRIMARY KEY (`id`),
  KEY `fk_users_groupe_users1_idx` (`id_user`),
  KEY `fk_users_groupe_groupes1_idx` (`id_ss_groupe`),
  KEY `index_id_user` (`id_user`)
) ENGINE=InnoDB AUTO_INCREMENT=537 DEFAULT CHARSET=utf8;
/*!40101 SET character_set_client = @saved_cs_client */;

--
-- Dumping data for table `users_groupe`
--

LOCK TABLES `users_groupe` WRITE;
/*!40000 ALTER TABLE `users_groupe` DISABLE KEYS */;
INSERT INTO `users_groupe` VALUES (1,1,5,0),(2,2,5,0),(3,3,5,1),(4,4,6,0),(5,5,6,0),(6,1,4,0),(7,2,4,0),(8,2,11,0),(9,4,1,0),(10,5,1,0),(11,6,1,1),(12,7,1,1),(13,8,1,0),(14,9,1,1),(15,4,6,0),(16,5,6,0),(17,10,1,1),(18,11,1,1),(19,12,1,1),(20,13,1,1),(21,14,1,1),(22,15,6,0),(23,8,7,0),(24,10,7,1),(25,13,7,1),(26,12,7,1),(27,14,7,1),(28,6,12,1),(29,7,12,1),(30,9,12,1),(31,11,12,1),(32,16,3,0),(33,17,3,0),(34,18,3,0),(35,19,3,0),(36,20,3,0),(37,21,3,0),(38,22,3,0),(39,23,3,0),(40,24,3,0),(41,25,3,0),(42,26,3,0),(43,27,3,0),(44,28,3,0),(45,29,3,0),(46,30,3,0),(47,31,3,0),(48,32,3,0),(49,33,3,0),(50,34,3,0),(51,35,3,0),(52,36,3,0),(53,37,3,0),(54,38,3,0),(55,39,3,0),(56,2,11,0),(57,16,13,0),(58,17,13,0),(59,18,13,0),(60,19,13,0),(61,20,13,0),(62,21,3,0),(63,22,3,0),(64,23,3,0),(65,24,3,0),(66,25,3,0),(67,21,13,0),(68,22,13,0),(69,23,13,0),(70,24,13,0),(71,25,13,0),(72,21,3,0),(73,21,14,0),(74,23,15,0),(75,24,15,0),(76,25,15,0),(77,26,15,0),(78,27,15,0),(79,28,15,0),(80,40,2,1),(81,41,2,1),(82,42,2,1),(83,43,2,1),(84,44,2,1),(85,45,2,1),(86,46,2,1),(87,47,2,1),(88,48,2,1),(89,49,2,1),(90,50,2,1),(91,51,2,1),(92,52,2,1),(93,53,2,1),(94,54,2,1),(95,55,2,1),(96,56,2,1),(97,57,2,1),(98,58,2,1),(99,59,2,1),(100,60,2,1),(101,61,2,1),(102,62,1,1),(103,63,17,0),(104,64,6,0),(105,65,6,0),(106,66,6,0),(107,67,6,0),(108,68,6,0),(109,69,6,0),(110,70,6,0),(111,71,6,0),(112,72,6,0),(113,73,6,0),(114,74,6,0),(115,75,6,0),(116,76,6,0),(117,77,6,0),(118,78,6,0),(119,79,6,0),(120,80,6,0),(121,81,6,0),(122,82,6,0),(123,83,6,0),(124,84,6,0),(125,85,6,0),(126,86,6,0),(127,87,6,0),(128,88,6,0),(129,89,6,0),(130,90,6,0),(131,91,6,0),(132,92,6,0),(133,93,6,0),(134,94,6,0),(135,95,6,0),(136,96,6,0),(137,97,6,0),(138,98,6,0),(139,99,6,0),(140,100,6,0),(141,101,6,0),(142,102,6,0),(143,103,6,0),(144,104,6,0),(145,105,6,0),(146,106,6,0),(147,107,6,0),(148,108,6,0),(149,109,6,0),(150,110,6,0),(151,111,6,0),(152,112,6,0),(153,113,6,0),(154,114,6,0),(155,115,6,0),(156,116,6,0),(157,117,6,0),(158,118,6,0),(159,119,6,0),(160,120,6,0),(161,121,6,0),(162,122,6,0),(163,123,6,0),(164,124,6,0),(165,125,6,0),(166,126,6,0),(167,127,6,0),(168,128,6,0),(169,129,6,0),(170,130,6,0),(171,131,6,0),(172,132,6,0),(173,133,6,0),(174,134,6,0),(175,135,6,0),(176,136,6,0),(177,137,6,0),(178,138,6,0),(179,139,6,0),(180,140,6,0),(181,141,6,0),(182,142,6,0),(183,143,6,0),(184,144,6,0),(185,145,6,0),(186,146,6,0),(187,147,6,0),(188,148,6,0),(189,149,6,0),(190,150,6,0),(191,151,6,0),(192,152,6,0),(193,153,6,0),(194,154,6,0),(195,155,6,0),(196,156,6,0),(197,157,6,0),(198,158,6,0),(199,159,6,0),(200,160,6,0),(201,161,6,0),(202,162,5,1),(203,163,5,1),(204,164,5,1),(205,165,5,1),(206,166,4,1),(207,167,4,0),(208,168,4,0),(209,169,4,0),(210,170,4,0),(211,171,4,0),(212,172,4,0),(213,173,4,0),(214,174,4,0),(215,175,4,0),(216,176,4,0),(217,177,4,0),(218,178,4,0),(219,179,4,0),(220,180,4,0),(221,181,4,0),(222,182,4,0),(223,183,4,0),(224,184,4,0),(225,185,4,0),(226,186,4,0),(227,187,4,0),(228,188,4,0),(229,189,4,0),(230,190,4,0),(231,191,4,0),(232,192,4,0),(233,193,4,0),(234,194,4,0),(235,195,4,0),(236,196,4,0),(237,197,4,0),(238,198,4,0),(239,199,4,0),(240,200,4,0),(241,201,4,0),(242,202,4,0),(243,203,4,0),(244,204,4,0),(245,205,4,0),(246,206,4,0),(247,207,4,0),(248,208,4,0),(249,209,4,0),(250,210,4,0),(251,211,4,0),(252,212,4,0),(253,213,4,0),(254,214,4,0),(255,215,4,0),(256,216,4,0),(257,217,4,0),(258,218,4,0),(259,219,4,0),(260,220,4,0),(261,221,4,0),(262,222,4,0),(263,223,4,0),(264,224,4,0),(265,225,4,0),(266,226,4,0),(267,227,4,0),(268,228,4,0),(269,229,4,0),(270,230,4,0),(271,231,4,0),(272,232,4,0),(273,233,4,0),(274,234,4,0),(275,235,4,0),(276,236,4,0),(277,237,4,0),(278,238,4,0),(279,239,4,0),(280,240,4,0),(281,241,4,0),(282,242,4,0),(283,243,4,0),(284,244,4,0),(285,245,4,0),(286,246,4,0),(287,247,4,0),(288,248,4,0),(289,249,4,0),(290,250,4,0),(291,251,4,0),(292,252,4,0),(293,253,4,0),(294,254,4,0),(295,255,4,0),(296,256,4,0),(297,257,4,0),(298,258,4,0),(299,259,4,0),(300,260,4,0),(301,261,4,0),(302,262,4,0),(303,263,4,0),(304,167,6,0),(305,168,6,0),(306,169,6,0),(307,167,6,0),(308,168,6,0),(309,169,6,0),(310,170,6,0),(311,171,6,0),(312,172,6,0),(313,173,6,0),(314,174,6,0),(315,176,6,0),(316,175,6,0),(317,178,6,0),(318,177,6,0),(319,180,6,0),(320,179,6,0),(321,181,6,0),(322,182,6,0),(323,183,6,0),(324,185,6,0),(325,184,6,0),(326,186,6,0),(327,187,6,0),(328,188,6,0),(329,189,6,0),(330,190,6,0),(331,191,6,0),(332,192,6,0),(333,193,6,0),(334,196,6,0),(335,194,6,0),(336,195,6,0),(337,197,6,0),(338,198,6,0),(339,199,6,0),(340,200,6,0),(341,201,6,0),(342,203,6,0),(343,202,6,0),(344,204,6,0),(345,206,6,0),(346,205,6,0),(347,207,6,0),(348,208,6,0),(349,210,6,0),(350,211,6,0),(351,209,6,0),(352,212,6,0),(353,213,6,0),(354,214,6,0),(355,215,6,0),(356,216,6,0),(357,217,6,0),(358,218,6,0),(359,219,6,0),(360,220,6,0),(361,222,6,0),(362,221,6,0),(363,223,6,0),(364,224,6,0),(365,226,6,0),(366,225,6,0),(367,227,6,0),(368,1,6,0),(369,229,6,0),(370,228,6,0),(371,230,6,0),(372,231,6,0),(373,233,6,0),(374,232,6,0),(375,234,6,0),(376,235,6,0),(377,236,6,0),(378,237,6,0),(379,238,6,0),(380,239,6,0),(381,240,6,0),(382,241,6,0),(383,242,6,0),(384,244,6,0),(385,243,6,0),(386,245,6,0),(387,247,6,0),(388,246,6,0),(389,248,6,0),(390,249,6,0),(391,250,6,0),(392,251,6,0),(393,252,6,0),(394,254,6,0),(395,253,6,0),(396,256,6,0),(397,255,6,0),(398,257,6,0),(399,258,6,0),(400,259,6,0),(401,260,6,0),(402,261,6,0),(403,262,6,0),(404,263,6,0),(405,264,4,1),(406,265,4,0),(407,265,1,1),(408,266,1,1),(409,267,19,0),(410,268,19,0),(411,269,19,0),(412,270,19,0),(413,271,19,0),(414,272,19,0),(415,273,19,0),(416,274,19,0),(417,275,19,0),(418,276,19,0),(419,277,19,0),(420,278,19,0),(421,279,19,0),(422,280,19,0),(423,281,19,0),(424,282,19,0),(425,283,19,0),(426,284,19,0),(427,285,19,0),(428,286,19,0),(429,287,19,0),(430,288,19,0),(431,289,19,0),(432,290,19,0),(433,291,19,0),(434,292,19,0),(435,293,19,0),(436,294,19,0),(437,295,19,0),(438,296,19,0),(439,297,19,0),(440,298,19,0),(441,299,19,0),(442,300,19,0),(443,301,19,0),(444,302,19,0),(445,303,19,0),(446,304,19,0),(447,305,19,0),(448,306,19,0),(449,307,19,0),(450,308,19,0),(451,309,19,0),(452,310,19,0),(453,311,19,0),(454,312,19,0),(455,313,19,0),(456,314,19,0),(457,315,19,0),(458,316,19,0),(459,317,19,0),(460,318,19,0),(461,319,19,0),(462,320,19,0),(463,321,19,0),(464,322,19,0),(465,323,19,0),(466,324,19,0),(467,325,19,0),(468,326,19,0),(469,327,19,0),(470,328,19,0),(471,329,19,0),(472,330,19,0),(473,331,19,0),(474,332,19,0),(475,333,19,0),(476,334,19,0),(477,335,19,0),(478,336,19,0),(479,337,19,0),(480,338,19,0),(481,339,19,0),(482,340,19,0),(483,341,19,0),(484,342,19,0),(485,343,19,0),(486,344,19,0),(487,345,19,0),(488,346,19,0),(489,347,19,0),(490,348,19,0),(491,349,19,0),(492,350,19,0),(493,351,19,0),(494,352,19,0),(495,353,19,0),(496,354,19,0),(497,355,19,0),(498,356,19,0),(499,357,19,0),(500,358,19,0),(501,359,19,0),(502,360,19,0),(503,361,19,0),(504,362,19,0),(505,363,19,0),(506,364,19,0),(507,365,5,1),(508,366,10,1),(509,2,11,0),(510,2,4,0),(511,2,4,0),(512,2,5,1),(513,8,2,0),(514,8,1,0),(515,8,12,0),(516,8,2,0),(517,8,7,0),(518,367,19,0),(519,267,19,0),(520,268,19,0),(521,268,19,0),(522,268,19,0),(523,1,5,1),(524,368,26,0),(525,369,28,0),(526,370,38,1),(527,8,2,0),(528,8,12,1),(529,371,39,0),(530,372,2,1),(531,8,40,1),(532,6,40,1),(533,10,40,1),(534,13,40,1),(535,373,4,1),(536,374,4,1);
/*!40000 ALTER TABLE `users_groupe` ENABLE KEYS */;
UNLOCK TABLES;
/*!40103 SET TIME_ZONE=@OLD_TIME_ZONE */;

/*!40101 SET SQL_MODE=@OLD_SQL_MODE */;
/*!40014 SET FOREIGN_KEY_CHECKS=@OLD_FOREIGN_KEY_CHECKS */;
/*!40014 SET UNIQUE_CHECKS=@OLD_UNIQUE_CHECKS */;
/*!40101 SET CHARACTER_SET_CLIENT=@OLD_CHARACTER_SET_CLIENT */;
/*!40101 SET CHARACTER_SET_RESULTS=@OLD_CHARACTER_SET_RESULTS */;
/*!40101 SET COLLATION_CONNECTION=@OLD_COLLATION_CONNECTION */;
/*!40111 SET SQL_NOTES=@OLD_SQL_NOTES */;

-- Dump completed on 2018-04-02 19:26:23
